date,close,log_return,realized_vol_21d
2018-01-22 00:00:00+00:00,10931.400390625,-0.05937426753876515,1.1782008007540523
2018-01-23 00:00:00+00:00,10868.400390625,-0.005779885423653502,1.117352066940977
2018-01-24 00:00:00+00:00,11359.400390625,0.04418609725643604,1.1319582327027242
2018-01-25 00:00:00+00:00,11259.400390625,-0.008842259367552611,1.1229587613969083
2018-01-26 00:00:00+00:00,11171.400390625,-0.007846394102556208,1.02556449535981
2018-01-27 00:00:00+00:00,11440.7001953125,0.02382021404816243,1.0334780978278182
2018-01-28 00:00:00+00:00,11786.2998046875,0.02976063348641126,1.0358671231519225
2018-01-29 00:00:00+00:00,11296.400390625,-0.04245369798060674,1.012327744219387
2018-01-30 00:00:00+00:00,10106.2998046875,-0.11132515302966894,1.0645536691939546
2018-01-31 00:00:00+00:00,10221.099609375,0.011295200421318582,1.0584111794924145
2018-02-01 00:00:00+00:00,9170.5400390625,-0.10845799638872773,1.0560987563321795
2018-02-02 00:00:00+00:00,8830.75,-0.03775622775012468,1.0348676360294362
2018-02-03 00:00:00+00:00,9174.91015625,0.03823265293714762,1.042379938817853
2018-02-04 00:00:00+00:00,8277.009765625,-0.10299083790500331,1.0784425216624518
2018-02-05 00:00:00+00:00,6955.27001953125,-0.17398211533124852,1.1903680165205384
2018-02-06 00:00:00+00:00,7754.0,0.10870919082663183,1.151793877925064
2018-02-07 00:00:00+00:00,7621.2998046875,-0.017261906053983648,1.151441734283241
2018-02-08 00:00:00+00:00,8265.58984375,0.08115416198669995,1.1935799749630758
2018-02-09 00:00:00+00:00,8736.98046875,0.05546355066788704,1.2156836367412747
2018-02-10 00:00:00+00:00,8621.900390625,-0.013259122522587949,1.1361530058977405
2018-02-11 00:00:00+00:00,8129.97021484375,-0.05874826338459948,1.101780333683089
2018-02-12 00:00:00+00:00,8926.5703125,0.09347499762512804,1.1535919080751118
2018-02-13 00:00:00+00:00,8598.3095703125,-0.03746663522015054,1.1574688810522404
2018-02-14 00:00:00+00:00,9494.6298828125,0.09916074093751738,1.205267901267439
2018-02-15 00:00:00+00:00,10166.400390625,0.06836184023155013,1.2343445265336634
2018-02-16 00:00:00+00:00,10233.900390625,0.006617573638271057,1.234920777753974
2018-02-17 00:00:00+00:00,11112.7001953125,0.08238283884948888,1.2678711890538863
2018-02-18 00:00:00+00:00,10551.7998046875,-0.05179217303128765,1.2740875075834528
2018-02-19 00:00:00+00:00,11225.2998046875,0.06187369895710683,1.286914156766753
2018-02-20 00:00:00+00:00,11403.7001953125,0.01576773934263906,1.2224551614906145
2018-02-21 00:00:00+00:00,10690.400390625,-0.06459170224791023,1.2461543863601852
2018-02-22 00:00:00+00:00,10005.0,-0.06626121098880938,1.2069236244596044
2018-02-23 00:00:00+00:00,10301.099609375,0.02916567969339066,1.1998916804206072
2018-02-24 00:00:00+00:00,9813.0703125,-0.048535445290413405,1.2093479640610378
2018-02-25 00:00:00+00:00,9664.73046875,-0.01523197751850677,1.1489533987264822
2018-02-26 00:00:00+00:00,10366.7001953125,0.07011553986619887,0.9588982837643784
2018-02-27 00:00:00+00:00,10725.599609375,0.0340346060989737,0.9042099369229397
2018-02-28 00:00:00+00:00,10397.900390625,-0.03102947063646394,0.9117120674401397
2018-03-01 00:00:00+00:00,10951.0,0.05182687604474616,0.8902224733491805
2018-03-02 00:00:00+00:00,11086.400390625,0.012288390831968733,0.8769810766229077
2018-03-03 00:00:00+00:00,11489.7001953125,0.03573183173255637,0.8760861425650158
2018-03-04 00:00:00+00:00,11512.599609375,0.0019910549659772955,0.8372257637437568
2018-03-05 00:00:00+00:00,11573.2998046875,0.005258650235306609,0.7895312797418687
2018-03-06 00:00:00+00:00,10779.900390625,-0.07101737882303372,0.8240140759133109
2018-03-07 00:00:00+00:00,9965.5703125,-0.0785471416488412,0.8137040689243397
2018-03-08 00:00:00+00:00,9395.009765625,-0.05895751127349285,0.8029307200041798
2018-03-09 00:00:00+00:00,9337.5498046875,-0.006134788034011313,0.8020692327713067
2018-03-10 00:00:00+00:00,8866.0,-0.05182014795719041,0.7523742512372583
2018-03-11 00:00:00+00:00,9578.6298828125,0.0773108269362234,0.7953423172352199
2018-03-12 00:00:00+00:00,9205.1201171875,-0.039774699535065794,0.7656783944789249
2018-03-13 00:00:00+00:00,9194.849609375,-0.0011163614975213596,0.7608912246732602
2018-03-14 00:00:00+00:00,8269.8095703125,-0.10603202002040293,0.8101294161119303
2018-03-15 00:00:00+00:00,8300.8603515625,0.0037476840392196608,0.7872696116499034
2018-03-16 00:00:00+00:00,8338.349609375,0.00450614197866649,0.7768145993698361
2018-03-17 00:00:00+00:00,7916.8798828125,-0.05186813420832641,0.7789769026803111
2018-03-18 00:00:00+00:00,8223.6796875,0.03802058543426426,0.7963136369684247
2018-03-19 00:00:00+00:00,8630.650390625,0.048302106725166924,0.7726942288449187
2018-03-20 00:00:00+00:00,8913.4697265625,0.03224371887087316,0.77146936844303
2018-03-21 00:00:00+00:00,8929.2802734375,0.0017722101148143986,0.7679271294237265
2018-03-22 00:00:00+00:00,8728.4697265625,-0.022745729727735496,0.7385284830706578
2018-03-23 00:00:00+00:00,8879.6201171875,0.017168711059965366,0.7406415282036343
2018-03-24 00:00:00+00:00,8668.1201171875,-0.02410683537135471,0.7222869450020951
2018-03-25 00:00:00+00:00,8495.7802734375,-0.02008233931084544,0.7203980915360793
2018-03-26 00:00:00+00:00,8209.400390625,-0.03428971504220468,0.71977790217047
2018-03-27 00:00:00+00:00,7833.0400390625,-0.04692919680936608,0.7013279188800426
2018-03-28 00:00:00+00:00,7954.47998046875,0.01538459954530477,0.6691831736596245
2018-03-29 00:00:00+00:00,7165.7001953125,-0.10442950860100436,0.726552347606289
2018-03-30 00:00:00+00:00,6890.52001953125,-0.03915922419318774,0.7316670229563853
2018-03-31 00:00:00+00:00,6973.52978515625,0.01197496528897845,0.7239689550377499
2018-04-01 00:00:00+00:00,6844.22998046875,-0.018715563309412864,0.6481008515321409
2018-04-02 00:00:00+00:00,7083.7998046875,0.03440450062348593,0.6645557793025342
2018-04-03 00:00:00+00:00,7456.10986328125,0.051223352843477454,0.6996339925381897
2018-04-04 00:00:00+00:00,6853.83984375,-0.08422475580705478,0.6651394296758972
2018-04-05 00:00:00+00:00,6811.47021484375,-0.006201068910304803,0.6636388601372607
2018-04-06 00:00:00+00:00,6636.31982421875,-0.026050420941338085,0.6640030269616639
2018-04-07 00:00:00+00:00,6911.08984375,0.040569778635102284,0.6692823871845325
2018-04-08 00:00:00+00:00,7023.52001953125,0.0161371745154427,0.6550959144589105
2018-04-09 00:00:00+00:00,6770.72998046875,-0.03665561276645477,0.6294997629413148
2018-04-10 00:00:00+00:00,6834.759765625,0.009412414998555812,0.614267121671851
2018-04-11 00:00:00+00:00,6968.31982421875,0.019352815614150316,0.6224309166870399
2018-04-12 00:00:00+00:00,7889.25,0.12412693581038274,0.7783286311779146
2018-04-13 00:00:00+00:00,7895.9599609375,0.0008501580097129826,0.7745651697163866
2018-04-14 00:00:00+00:00,7986.240234375,0.01136885881377853,0.7736280943354319
2018-04-15 00:00:00+00:00,8329.1103515625,0.04203655981360764,0.7870680534380485
2018-04-16 00:00:00+00:00,8058.669921875,-0.03300812914143919,0.7863961350775956
2018-04-17 00:00:00+00:00,7902.08984375,-0.01962125912828721,0.7718031027343566
2018-04-18 00:00:00+00:00,8163.419921875,0.03253592757494634,0.7782537126759241
2018-04-19 00:00:00+00:00,8294.3095703125,0.015906496489625957,0.6775136500145693
2018-04-20 00:00:00+00:00,8845.830078125,0.06437648463049019,0.6836065323329941
2018-04-21 00:00:00+00:00,8895.580078125,0.005608362578138261,0.6839528495117023
2018-04-22 00:00:00+00:00,8802.4599609375,-0.010523309510453865,0.6799558867808547
2018-04-23 00:00:00+00:00,8930.8798828125,0.014483697709083162,0.6751636515980765
2018-04-24 00:00:00+00:00,9697.5,0.08235319918742609,0.7064011239294854
2018-04-25 00:00:00+00:00,8845.740234375,-0.09193210663750347,0.720072821267025
2018-04-26 00:00:00+00:00,9281.509765625,0.04808821013231678,0.7271646086945038
2018-04-27 00:00:00+00:00,8987.0498046875,-0.0322395933068439,0.7318395210976056
2018-04-28 00:00:00+00:00,9348.48046875,0.03942918286213941,0.7313368785038878
2018-04-29 00:00:00+00:00,9419.080078125,0.007523614187495628,0.7316854761984709
2018-04-30 00:00:00+00:00,9240.5498046875,-0.019136041014403197,0.7188141854013002
2018-05-01 00:00:00+00:00,9119.009765625,-0.01324016669459219,0.7252118415280836
2018-05-02 00:00:00+00:00,9235.919921875,0.012739001376982891,0.7249276239826709
2018-05-03 00:00:00+00:00,9743.8603515625,0.05353715789106724,0.6231971595033705
2018-05-04 00:00:00+00:00,9700.759765625,-0.004433170333562973,0.6244478163127631
2018-05-05 00:00:00+00:00,9858.150390625,0.016094355065083252,0.6248116214509328
2018-05-06 00:00:00+00:00,9654.7998046875,-0.020843383079432266,0.6221860979591349
2018-05-07 00:00:00+00:00,9373.009765625,-0.02962092312799005,0.6195444952879706
2018-05-08 00:00:00+00:00,9234.8203125,-0.014853101418770562,0.617159689165299
2018-05-09 00:00:00+00:00,9325.1796875,0.009737078547251641,0.6104871665894003
2018-05-10 00:00:00+00:00,9043.9404296875,-0.03062326710905233,0.6224571214277967
2018-05-11 00:00:00+00:00,8441.490234375,-0.0689361065966995,0.6311025150651957
2018-05-12 00:00:00+00:00,8504.8896484375,0.007482389783710855,0.631429016384164
2018-05-13 00:00:00+00:00,8723.9404296875,0.025429769131291063,0.6376656730437322
2018-05-14 00:00:00+00:00,8716.7900390625,-0.0008199646268759205,0.6353563690038301
2018-05-15 00:00:00+00:00,8510.3798828125,-0.023964474196194036,0.5617671590351024
2018-05-16 00:00:00+00:00,8368.830078125,-0.016772482047846687,0.47013385355280324
2018-05-17 00:00:00+00:00,8094.31982421875,-0.03335153970564195,0.44329248225778667
2018-05-18 00:00:00+00:00,8250.9697265625,0.019168176638719434,0.4414732393817282
2018-05-19 00:00:00+00:00,8247.1796875,-0.0004594502127542603,0.4126348632767599
2018-05-20 00:00:00+00:00,8513.25,0.031752487481541386,0.43075509860819255
2018-05-21 00:00:00+00:00,8418.990234375,-0.011133876917273966,0.4282878176496125
2018-05-22 00:00:00+00:00,8041.77978515625,-0.045839471398213046,0.45101819996774634
2018-05-23 00:00:00+00:00,7557.81982421875,-0.06206765944472573,0.48504680462762345
2018-05-24 00:00:00+00:00,7587.33984375,0.0038982826938899168,0.43119004205454425
2018-05-25 00:00:00+00:00,7480.14013671875,-0.014229521588760126,0.430383711729009
2018-05-26 00:00:00+00:00,7355.8798828125,-0.016751549202161684,0.4178621249669158
2018-05-27 00:00:00+00:00,7368.22021484375,0.0016762090503006405,0.42045011177591035
2018-05-28 00:00:00+00:00,7135.990234375,-0.032025159738966816,0.42173750009949407
2018-05-29 00:00:00+00:00,7472.58984375,0.046090611580090195,0.4685755304469355
2018-05-30 00:00:00+00:00,7406.52001953125,-0.008880942351451794,0.46305896591428763
2018-05-31 00:00:00+00:00,7494.169921875,0.011764678499798073,0.46367086872833546
2018-06-01 00:00:00+00:00,7541.4501953125,0.006289122618005123,0.4113201372754375
2018-06-02 00:00:00+00:00,7643.4501953125,0.01343460036267325,0.41417028048279847
2018-06-03 00:00:00+00:00,7720.25,0.009997649447416887,0.4031473946740836
2018-06-04 00:00:00+00:00,7514.47021484375,-0.02701622323891649,0.4092210443677382
2018-06-05 00:00:00+00:00,7633.759765625,0.015749961130953748,0.41167740845679296
2018-06-06 00:00:00+00:00,7653.97998046875,0.002645286611436144,0.4102787346006595
2018-06-07 00:00:00+00:00,7678.240234375,0.0031646133192780724,0.3969282435877434
2018-06-08 00:00:00+00:00,7624.919921875,-0.006968564365645907,0.38919068550784885
2018-06-09 00:00:00+00:00,7531.97998046875,-0.012263867528105044,0.3900774610754129
2018-06-10 00:00:00+00:00,6786.02001953125,-0.1042933363808614,0.5005934719289219
2018-06-11 00:00:00+00:00,6906.919921875,0.017659179795872778,0.5101947061901627
2018-06-12 00:00:00+00:00,6582.35986328125,-0.04813047339938324,0.5123122439591098
2018-06-13 00:00:00+00:00,6349.89990234375,-0.035954273506747965,0.4858785173508785
2018-06-14 00:00:00+00:00,6675.35009765625,0.049982602628063255,0.5250910725191028
2018-06-15 00:00:00+00:00,6456.580078125,-0.033321874056011454,0.5329231787083505
2018-06-16 00:00:00+00:00,6550.16015625,0.014389722742134216,0.5366539897676926
2018-06-17 00:00:00+00:00,6499.27001953125,-0.007799634776661505,0.5360555787019488
2018-06-18 00:00:00+00:00,6734.81982421875,0.035601191439461784,0.5457491327601027
2018-06-19 00:00:00+00:00,6769.93994140625,0.00520115825376602,0.5172755821109024
2018-06-20 00:00:00+00:00,6776.5498046875,0.0009758784644155417,0.5173992493992434
2018-06-21 00:00:00+00:00,6729.740234375,-0.006931549314601128,0.5141588802420424
2018-06-22 00:00:00+00:00,6083.68994140625,-0.10092513460307667,0.6094785499220232
2018-06-23 00:00:00+00:00,6162.47998046875,0.012867880610642049,0.609204409884257
2018-06-24 00:00:00+00:00,6173.22998046875,0.0017429078270061015,0.6064112545761559
2018-06-25 00:00:00+00:00,6249.18017578125,0.012228084684466036,0.6083003499103901
2018-06-26 00:00:00+00:00,6093.669921875,-0.025199768617492124,0.6040186977671245
2018-06-27 00:00:00+00:00,6157.1298828125,0.010360226200307545,0.6067562991851687
2018-06-28 00:00:00+00:00,5903.43994140625,-0.04207551892667362,0.6142405884031994
2018-06-29 00:00:00+00:00,6218.2998046875,0.051961304162501123,0.6536082402020246
2018-06-30 00:00:00+00:00,6404.0,0.029426269046298203,0.6673666423254111
2018-07-01 00:00:00+00:00,6385.81982421875,-0.002842915424254111,0.567453863978744
2018-07-02 00:00:00+00:00,6614.18017578125,0.03513597605397694,0.5785510417827019
2018-07-03 00:00:00+00:00,6529.58984375,-0.012871725512867362,0.555614012025166
2018-07-04 00:00:00+00:00,6597.5498046875,0.010354208139776208,0.5412303004833868
2018-07-05 00:00:00+00:00,6639.14013671875,0.0062841192296037365,0.5126502160338087
2018-07-06 00:00:00+00:00,6673.5,0.005162002311365564,0.4985159891212599
2018-07-07 00:00:00+00:00,6856.93017578125,0.027115385407600508,0.5045507659392875
2018-07-08 00:00:00+00:00,6773.8798828125,-0.012185823192757565,0.5058708895050545
2018-07-09 00:00:00+00:00,6741.75,-0.004754487007430659,0.4911693508228062
2018-07-10 00:00:00+00:00,6329.9501953125,-0.06302716705344925,0.5368893350244889
2018-07-11 00:00:00+00:00,6394.7099609375,0.010178711879892067,0.5387345319571725
2018-07-12 00:00:00+00:00,6228.81005859375,-0.026285767240593776,0.5447601670136186
2018-07-13 00:00:00+00:00,6238.0498046875,0.001482289507841217,0.41432166374453694
2018-07-14 00:00:00+00:00,6276.1201171875,0.006084371585678029,0.4125759362678635
2018-07-15 00:00:00+00:00,6359.64013671875,0.013219819655417867,0.41479146701464603
2018-07-16 00:00:00+00:00,6741.75,0.05834774166521402,0.45841188105044833
2018-07-17 00:00:00+00:00,7321.0400390625,0.08243286458020968,0.5205854865540983
2018-07-18 00:00:00+00:00,7370.77978515625,0.006771106197490973,0.5205930496527544
2018-07-19 00:00:00+00:00,7466.85986328125,0.012951038487558252,0.4869572705495097
2018-07-20 00:00:00+00:00,7354.1298828125,-0.015212500162381477,0.47143853812547065
2018-07-21 00:00:00+00:00,7419.2900390625,0.00882132629206077,0.46499224493631086
2018-07-22 00:00:00+00:00,7418.490234375,-0.00010780651465853488,0.46435827788407447
2018-07-23 00:00:00+00:00,7711.10986328125,0.03868656433444906,0.46720981820813023
2018-07-24 00:00:00+00:00,8424.26953125,0.0884546416030793,0.5384836521482955
2018-07-25 00:00:00+00:00,8181.39013671875,-0.029254690417220935,0.557284079161672
2018-07-26 00:00:00+00:00,7951.580078125,-0.028491418656974198,0.573192354908161
2018-07-27 00:00:00+00:00,8165.009765625,0.02648726157352419,0.5763371650527316
2018-07-28 00:00:00+00:00,8192.150390625,0.0033185039026142372,0.5731139639127524
2018-07-29 00:00:00+00:00,8218.4599609375,0.00320641247214717,0.5685857331600425
2018-07-30 00:00:00+00:00,8180.47998046875,-0.004632012619252318,0.5685480027800887
2018-07-31 00:00:00+00:00,7780.43994140625,-0.05013794188199755,0.5493421917539968
2018-08-01 00:00:00+00:00,7624.91015625,-0.02019234469295715,0.5590838752361263
2018-08-02 00:00:00+00:00,7567.14990234375,-0.0076040421112573775,0.5481273709716733
2018-08-03 00:00:00+00:00,7434.39013671875,-0.017699946974245928,0.5555382430037579
2018-08-04 00:00:00+00:00,7032.85009765625,-0.05552450759252941,0.5980764080979168
2018-08-05 00:00:00+00:00,7068.47998046875,0.0050534181440378585,0.5974033120019248
2018-08-06 00:00:00+00:00,6951.7998046875,-0.016644870348810327,0.5688767388227847
2018-08-07 00:00:00+00:00,6753.1201171875,-0.028995953086401502,0.4952250297605978
2018-08-08 00:00:00+00:00,6305.7998046875,-0.06853482384772068,0.5414361391574966
2018-08-09 00:00:00+00:00,6568.22998046875,0.040774573013564665,0.5627911694509207
2018-08-10 00:00:00+00:00,6184.7099609375,-0.06016427603596317,0.5927034051885688
2018-08-11 00:00:00+00:00,6295.72998046875,0.017791511924364466,0.5967588418622685
2018-08-12 00:00:00+00:00,6322.68994140625,0.004273118524736129,0.5976644567443932
2018-08-13 00:00:00+00:00,6297.56982421875,-0.0039809244546156666,0.5738195594288236
2018-08-14 00:00:00+00:00,6199.7099609375,-0.015661306329478587,0.44941084821556304
2018-08-15 00:00:00+00:00,6308.52001953125,0.017398593339543036,0.4591952545201831
2018-08-16 00:00:00+00:00,6334.72998046875,0.004146085616168998,0.45868391865209307
2018-08-17 00:00:00+00:00,6580.6298828125,0.038083278208336936,0.47213123392768186
2018-08-18 00:00:00+00:00,6423.759765625,-0.024126888066354907,0.4717487366485464
2018-08-19 00:00:00+00:00,6506.06982421875,0.01273198071380139,0.4766392980965537
2018-08-20 00:00:00+00:00,6308.52978515625,-0.030832908467442785,0.4807651056152883
2018-08-21 00:00:00+00:00,6488.759765625,0.028168761359932258,0.47978863879415995
2018-08-22 00:00:00+00:00,6376.7099609375,-0.017419128922693004,0.4790432425837175
2018-08-23 00:00:00+00:00,6534.8798828125,0.02450168206824125,0.49253119810147417
2018-08-24 00:00:00+00:00,6719.9599609375,0.027928230011097385,0.505221287307851
2018-08-25 00:00:00+00:00,6763.18994140625,0.0064124672521687996,0.4713054480216835
2018-08-26 00:00:00+00:00,6707.259765625,-0.008304176683980409,0.4711074134025013
2018-08-27 00:00:00+00:00,6884.64013671875,0.026102376198721546,0.47815324215228266
2018-08-28 00:00:00+00:00,7096.27978515625,0.030277809712914813,0.4776717970845685
2018-08-29 00:00:00+00:00,7047.16015625,-0.006945951847084595,0.4045449261975739
2018-08-30 00:00:00+00:00,6978.22998046875,-0.009829420799983127,0.386185252190095
2018-08-31 00:00:00+00:00,7037.580078125,0.008469072019252824,0.31083880825954263
2018-09-01 00:00:00+00:00,7193.25,0.021878714118539457,0.31308162819199026
2018-09-02 00:00:00+00:00,7272.72021484375,0.010987305122022542,0.3133852248321523
2018-09-03 00:00:00+00:00,7260.06005859375,-0.001742290079993956,0.3125216899645743
2018-09-04 00:00:00+00:00,7361.66015625,0.013897370676709589,0.3023968657678381
2018-09-05 00:00:00+00:00,6792.830078125,-0.08041781637747243,0.4284124457256666
2018-09-06 00:00:00+00:00,6529.169921875,-0.03958783805725853,0.45365353953696824
2018-09-07 00:00:00+00:00,6467.06982421875,-0.009556698168818017,0.43479266438674824
2018-09-08 00:00:00+00:00,6225.97998046875,-0.037992262867389735,0.44664541579528094
2018-09-09 00:00:00+00:00,6300.85986328125,0.011955253777374625,0.4463418073677336
2018-09-10 00:00:00+00:00,6329.7001953125,0.004566762205364724,0.43372218305692867
2018-09-11 00:00:00+00:00,6321.2001953125,-0.0013437780737511058,0.4215873595826878
2018-09-12 00:00:00+00:00,6351.7998046875,0.004829112103060521,0.4178612900567265
2018-09-13 00:00:00+00:00,6517.31005859375,0.025723516554865874,0.4187912648461749
2018-09-14 00:00:00+00:00,6512.7099609375,-0.0007060768656483014,0.40617744698003366
2018-09-15 00:00:00+00:00,6543.2001953125,0.004670726045218974,0.40579501211775965
2018-09-16 00:00:00+00:00,6517.18017578125,-0.003984578276937406,0.40516782604175156
2018-09-17 00:00:00+00:00,6281.2001953125,-0.03688071788794455,0.41007508935615267
2018-09-18 00:00:00+00:00,6371.2998046875,0.01424242361641818,0.39654384896965106
2018-09-19 00:00:00+00:00,6398.5400390625,0.004266345706214488,0.3977977057469014
2018-09-20 00:00:00+00:00,6519.669921875,0.01875390373168553,0.40531320430135687
2018-09-21 00:00:00+00:00,6734.9501953125,0.032486665751885406,0.4222390278315323
2018-09-22 00:00:00+00:00,6721.97998046875,-0.0019276638417005945,0.4131652995509518
2018-09-23 00:00:00+00:00,6710.6298828125,-0.0016899322578373187,0.40999173367749203
2018-09-24 00:00:00+00:00,6595.41015625,-0.017318842593149884,0.4125350179703621
2018-09-25 00:00:00+00:00,6446.47021484375,-0.02284124873972531,0.41143963579560233
2018-09-26 00:00:00+00:00,6495.0,0.007499922625336217,0.31284926074473673
2018-09-27 00:00:00+00:00,6676.75,0.027598692087246655,0.2977105932149211
2018-09-28 00:00:00+00:00,6644.1298828125,-0.004897601761743681,0.29604910641049664
2018-09-29 00:00:00+00:00,6601.9599609375,-0.006367171722292317,0.26142638143090074
2018-09-30 00:00:00+00:00,6625.56005859375,0.0035683367196754708,0.25932839851482314
2018-10-01 00:00:00+00:00,6589.6201171875,-0.00543920393591315,0.26058489057284473
2018-10-02 00:00:00+00:00,6556.10009765625,-0.005099772645630063,0.26150018619041054
2018-10-03 00:00:00+00:00,6502.58984375,-0.00819539381745712,0.26344500124511616
2018-10-04 00:00:00+00:00,6576.68994140625,0.011331035300968855,0.2509273449375368
2018-10-05 00:00:00+00:00,6622.47998046875,0.0069383488553248175,0.25188600701542396
2018-10-06 00:00:00+00:00,6588.31005859375,-0.005173043848845555,0.2522858728230458
2018-10-07 00:00:00+00:00,6602.9501953125,0.002219673093834595,0.2518649349498824
2018-10-08 00:00:00+00:00,6652.22998046875,0.007435585416514066,0.212415964946359
2018-10-09 00:00:00+00:00,6642.64013671875,-0.0014426384505712788,0.20862287475745273
2018-10-10 00:00:00+00:00,6585.52978515625,-0.008634710127935695,0.21161142513895143
2018-10-11 00:00:00+00:00,6256.240234375,-0.051295382144624056,0.2701450806910684
2018-10-12 00:00:00+00:00,6274.580078125,0.0029271598167849833,0.24041888370077452
2018-10-13 00:00:00+00:00,6285.990234375,0.0018168218647266394,0.24105133512989402
2018-10-14 00:00:00+00:00,6290.93017578125,0.0007855566385387347,0.2413981492802238
2018-10-15 00:00:00+00:00,6596.5400390625,0.04743633360553313,0.2921455365188356
2018-10-16 00:00:00+00:00,6596.10986328125,-6.521446177784128e-05,0.2801061090522525
2018-10-17 00:00:00+00:00,6544.43017578125,-0.00786572755709154,0.2807342403459617
2018-10-18 00:00:00+00:00,6476.7099609375,-0.010401673695689338,0.26468285442680406
2018-10-19 00:00:00+00:00,6465.41015625,-0.0017462065653074937,0.2643903906245348
2018-10-20 00:00:00+00:00,6489.18994140625,0.0036712537146421764,0.2642523235438415
2018-10-21 00:00:00+00:00,6482.35009765625,-0.0010545924945415059,0.26376972416228406
2018-10-22 00:00:00+00:00,6487.16015625,0.0007417487199009042,0.2633396759258036
2018-10-23 00:00:00+00:00,6475.740234375,-0.0017619397642864927,0.26289786470724585
2018-10-24 00:00:00+00:00,6495.83984375,0.0030990249977650625,0.2616880572160615
2018-10-25 00:00:00+00:00,6476.2900390625,-0.0030141263870882,0.2585266279754317
2018-10-26 00:00:00+00:00,6474.75,-0.00023782477161892504,0.257034595305349
2018-10-27 00:00:00+00:00,6480.3798828125,0.0008691357350833926,0.2566725324729779
2018-10-28 00:00:00+00:00,6486.39013671875,0.0009270241282320825,0.2565207846269523
2018-10-29 00:00:00+00:00,6332.6298828125,-0.023990543470313163,0.2666344911893357
2018-10-30 00:00:00+00:00,6334.27001953125,0.00025896418864301634,0.2667721379907689
2018-10-31 00:00:00+00:00,6317.60986328125,-0.0026336269445917018,0.2657744136123907
2018-11-01 00:00:00+00:00,6377.77978515625,0.009479090296346939,0.19856429323559285
2018-11-02 00:00:00+00:00,6388.43994140625,0.0016700572222643,0.1984516004592285
2018-11-03 00:00:00+00:00,6361.259765625,-0.004263663863637974,0.19919722724291192
2018-11-04 00:00:00+00:00,6376.1298828125,0.0023348777659298278,0.19929094440339018
2018-11-05 00:00:00+00:00,6419.66015625,0.0068038692776419656,0.10776316907207055
2018-11-06 00:00:00+00:00,6461.009765625,0.0064204349103652286,0.11098892966326344
2018-11-07 00:00:00+00:00,6530.14013671875,0.010642787457474817,0.11497939888348818
2018-11-08 00:00:00+00:00,6453.72021484375,-0.011771661474414798,0.11661172800737898
2018-11-09 00:00:00+00:00,6385.6201171875,-0.0106081363243139,0.12203626469299317
2018-11-10 00:00:00+00:00,6409.22021484375,0.00368900647570952,0.12204409297733164
2018-11-11 00:00:00+00:00,6411.27001953125,0.00031977009731966983,0.12207109846986544
2018-11-12 00:00:00+00:00,6371.27001953125,-0.0062585574452049195,0.12355538889141122
2018-11-13 00:00:00+00:00,6359.490234375,-0.001850602522267611,0.12356394003066547
2018-11-14 00:00:00+00:00,5738.35009765625,-0.10277649273173681,0.3731134844525206
2018-11-15 00:00:00+00:00,5648.02978515625,-0.015864955827275286,0.37451227338651766
2018-11-16 00:00:00+00:00,5575.5498046875,-0.012915841594389046,0.3744093511211252
2018-11-17 00:00:00+00:00,5554.330078125,-0.0038131143366994845,0.37350072200833495
2018-11-18 00:00:00+00:00,5623.5400390625,0.012383547969032271,0.378768242853542
2018-11-19 00:00:00+00:00,4871.490234375,-0.14356147255391308,0.6056716252812967
2018-11-20 00:00:00+00:00,4451.8701171875,-0.09007563428611133,0.6601039745612979
2018-11-21 00:00:00+00:00,4602.169921875,0.033203655465095516,0.6811286182514334
2018-11-22 00:00:00+00:00,4365.93994140625,-0.052694412359316274,0.6869019585319335
2018-11-23 00:00:00+00:00,4347.10986328125,-0.004322277012643036,0.6850458310381544
2018-11-24 00:00:00+00:00,3880.760009765625,-0.11348021178490733,0.7574340005709924
2018-11-25 00:00:00+00:00,4009.969970703125,0.03275273942871904,0.7775846041254167
2018-11-26 00:00:00+00:00,3779.1298828125,-0.059289959286095456,0.7803479110526371
2018-11-27 00:00:00+00:00,3820.719970703125,0.010945085463912742,0.7828138839668989
2018-11-28 00:00:00+00:00,4257.419921875,0.10822444579237071,0.902636146980109
2018-11-29 00:00:00+00:00,4278.8466796875,0.005020181260204391,0.9065174744918562
2018-11-30 00:00:00+00:00,4017.2685546875,-0.06308129823555883,0.9181309470239173
2018-12-01 00:00:00+00:00,4214.671875,0.04796953376593715,0.9461691429797116
2018-12-02 00:00:00+00:00,4139.8779296875,-0.017905439628711557,0.9433492570485804
2018-12-03 00:00:00+00:00,3894.130859375,-0.06119579004793354,0.9518164789886386
2018-12-04 00:00:00+00:00,3956.893798828125,0.015988811461090185,0.9588957294381717
2018-12-05 00:00:00+00:00,3753.994873046875,-0.05263875080027785,0.9210532950422989
2018-12-06 00:00:00+00:00,3521.101806640625,-0.06404661855090774,0.9332334056097672
2018-12-07 00:00:00+00:00,3419.937255859375,-0.029151749215485624,0.9328268311987561
2018-12-08 00:00:00+00:00,3476.11474609375,0.016293013151101775,0.9406793616872406
2018-12-09 00:00:00+00:00,3614.234375,0.03896482421444885,0.9573926620508139
2018-12-10 00:00:00+00:00,3502.656005859375,-0.03135850250725668,0.8492796932626222
2018-12-11 00:00:00+00:00,3424.588134765625,-0.022540327664477524,0.8058805962179233
2018-12-12 00:00:00+00:00,3486.9501953125,0.018046272769709704,0.7967095459991469
2018-12-13 00:00:00+00:00,3313.67724609375,-0.05096896140814731,0.7956539310477027
2018-12-14 00:00:00+00:00,3242.48486328125,-0.021718554248833184,0.7955090323081143
2018-12-15 00:00:00+00:00,3236.76171875,-0.0017666084928983055,0.7088213389800329
2018-12-16 00:00:00+00:00,3252.839111328125,0.004954827235499686,0.6947689321346072
2018-12-17 00:00:00+00:00,3545.86474609375,0.08625387653959106,0.7456466561335718
2018-12-18 00:00:00+00:00,3696.05908203125,0.04148507479472932,0.7602233594201998
2018-12-19 00:00:00+00:00,3745.95068359375,0.013408299801074757,0.6507369734334498
2018-12-20 00:00:00+00:00,4134.44140625,0.09867679132172595,0.7449496582374887
2018-12-21 00:00:00+00:00,3896.543701171875,-0.05926230044008081,0.7410880369952971
2018-12-22 00:00:00+00:00,4014.1826171875,0.029743814670969634,0.7283532341726625
2018-12-23 00:00:00+00:00,3998.980224609375,-0.0037943596349006648,0.7261859536727593
2018-12-24 00:00:00+00:00,4078.59912109375,0.01971419201541739,0.6960539566967846
2018-12-25 00:00:00+00:00,3815.49072265625,-0.06668429052768687,0.7333419152512396
2018-12-26 00:00:00+00:00,3857.297607421875,0.010897550330662953,0.7104410792343864
2018-12-27 00:00:00+00:00,3654.83349609375,-0.0539162995271533,0.6994840438159226
2018-12-28 00:00:00+00:00,3923.918701171875,0.07104028607292981,0.7291460710455111
2018-12-29 00:00:00+00:00,3820.40869140625,-0.026733418957821234,0.7370895865545268
2018-12-30 00:00:00+00:00,3865.95263671875,0.011850725299472748,0.727029784119934
2018-12-31 00:00:00+00:00,3742.700439453125,-0.03240073596075585,0.7276628041144049
2019-01-01 00:00:00+00:00,3843.52001953125,0.026581224952000385,0.7256990852477248
2019-01-02 00:00:00+00:00,3943.409423828125,0.025657066653891034,0.7278333415033146
2019-01-03 00:00:00+00:00,3836.7412109375,-0.02742232180619206,0.70899575589886
2019-01-04 00:00:00+00:00,3857.717529296875,0.005452331614920808,0.701344764761727
2019-01-05 00:00:00+00:00,3845.194580078125,-0.003251487248933267,0.701631394572324
2019-01-06 00:00:00+00:00,4076.632568359375,0.058447089054905726,0.7226658326783573
2019-01-07 00:00:00+00:00,4025.248291015625,-0.012684700557385667,0.6719084685136754
2019-01-08 00:00:00+00:00,4030.847900390625,0.0013901547706836324,0.659497608355894
2019-01-09 00:00:00+00:00,4035.29638671875,0.0011030020343775215,0.6586931744847362
2019-01-10 00:00:00+00:00,3678.924560546875,-0.0924592824929815,0.6434662385900175
2019-01-11 00:00:00+00:00,3687.365478515625,0.002291770109090111,0.6133616866621341
2019-01-12 00:00:00+00:00,3661.301025390625,-0.0070936849314874395,0.6020349772949444
2019-01-13 00:00:00+00:00,3552.953125,-0.030039431790895278,0.6085419648827524
2019-01-14 00:00:00+00:00,3706.05224609375,0.04218810159294485,0.6250908350536882
2019-01-15 00:00:00+00:00,3630.67529296875,-0.020548563372547957,0.5865621126474493
2019-01-16 00:00:00+00:00,3655.0068359375,0.006679301401546422,0.5855415449264312
2019-01-17 00:00:00+00:00,3678.56396484375,0.006424485580328479,0.5553981874834361
2019-01-18 00:00:00+00:00,3657.83935546875,-0.005649816019732142,0.4922879427030649
2019-01-19 00:00:00+00:00,3728.568359375,0.01915170905873867,0.490476432590319
2019-01-20 00:00:00+00:00,3601.013671875,-0.03480896076891464,0.501393887729145
2019-01-21 00:00:00+00:00,3576.032470703125,-0.006961443903655484,0.4904669030011214
2019-01-22 00:00:00+00:00,3604.5771484375,0.00795053055647093,0.4808584749141535
2019-01-23 00:00:00+00:00,3585.123046875,-0.005411671839448025,0.46939043709246137
2019-01-24 00:00:00+00:00,3600.865478515625,0.004381431105509742,0.46273389849286595
2019-01-25 00:00:00+00:00,3599.765869140625,-0.00030542026954499585,0.46183436867139505
2019-01-26 00:00:00+00:00,3602.46044921875,0.0007482631299659863,0.4620469705488049
2019-01-27 00:00:00+00:00,3583.9658203125,-0.005147111803203804,0.40419814375605995
2019-01-28 00:00:00+00:00,3470.450439453125,-0.0321855631491495,0.41371366433869655
2019-01-29 00:00:00+00:00,3448.116943359375,-0.006456126661071388,0.4125852039673634
2019-01-30 00:00:00+00:00,3486.181640625,0.010978782970954,0.41655963886613623
2019-01-31 00:00:00+00:00,3457.792724609375,-0.008176606850343018,0.2778169095373357
2019-02-01 00:00:00+00:00,3487.9453125,0.00868238253365107,0.2802084473251264
2019-02-02 00:00:00+00:00,3521.060791015625,0.009449478125773406,0.2827496543138071
2019-02-03 00:00:00+00:00,3464.013427734375,-0.016334438234447555,0.26920069551290854
2019-02-04 00:00:00+00:00,3459.154052734375,-0.0014038013125416823,0.21817797410612316
2019-02-05 00:00:00+00:00,3466.357421875,0.0020802425249583987,0.20952510619308412
2019-02-06 00:00:00+00:00,3413.767822265625,-0.015287693750092953,0.2115964145257135
2019-02-07 00:00:00+00:00,3399.4716796875,-0.004196583300843028,0.20865508194077417
2019-02-08 00:00:00+00:00,3666.7802734375,0.07569393609415692,0.3450494623772069
2019-02-09 00:00:00+00:00,3671.20361328125,0.0012056010064354034,0.33810538922597466
2019-02-10 00:00:00+00:00,3690.188232421875,0.005157899926351539,0.31491062716869517
2019-02-11 00:00:00+00:00,3648.4306640625,-0.011380348161982145,0.3167142871255518
2019-02-12 00:00:00+00:00,3653.528564453125,0.0013963105132088508,0.31570225548084424
2019-02-13 00:00:00+00:00,3632.070556640625,-0.0058905436608690425,0.3158222966217744
2019-02-14 00:00:00+00:00,3616.880859375,-0.004190873583172263,0.3159317676927333
2019-02-15 00:00:00+00:00,3620.810791015625,0.0010859628225890826,0.3159398593109656
2019-02-16 00:00:00+00:00,3629.78759765625,0.002476157344838119,0.3160289813758298
2019-02-17 00:00:00+00:00,3673.836181640625,0.01206226371912486,0.3178679369121649
2019-02-18 00:00:00+00:00,3915.71435546875,0.06376138183178885,0.3617153862370751
2019-02-19 00:00:00+00:00,3947.094482421875,0.007981955101910685,0.3590251809004452
2019-02-20 00:00:00+00:00,3999.820556640625,0.013269765098495359,0.3594778762697662
2019-02-21 00:00:00+00:00,3954.1181640625,-0.01149189028232773,0.3613670507484123
2019-02-22 00:00:00+00:00,4005.526611328125,0.012917451356471413,0.3620032403477305
2019-02-23 00:00:00+00:00,4142.52685546875,0.03363089286305142,0.3739071094314616
2019-02-24 00:00:00+00:00,3810.427490234375,-0.08356456820529345,0.48459508984646443
2019-02-25 00:00:00+00:00,3882.6962890625,0.01878844714597673,0.4865195720532002
2019-02-26 00:00:00+00:00,3854.35791015625,-0.007325399279809829,0.4884398740864008
2019-02-27 00:00:00+00:00,3851.04736328125,-0.000859279158257992,0.48340054555179907
2019-02-28 00:00:00+00:00,3854.785400390625,0.0009701838898456305,0.48239271965839986
2019-03-01 00:00:00+00:00,3859.583740234375,0.0012440007407169633,0.4104065806478866
2019-03-02 00:00:00+00:00,3864.4150390625,0.0012509840035555334,0.4104048904919249
2019-03-03 00:00:00+00:00,3847.17578125,-0.004471006548912776,0.4109572441017293
2019-03-04 00:00:00+00:00,3761.55712890625,-0.02250631409689688,0.41727484165009215
2019-03-05 00:00:00+00:00,3896.375,0.035213632013154125,0.43335019226831567
2019-03-06 00:00:00+00:00,3903.942626953125,0.0019403387629408418,0.43215865307928036
2019-03-07 00:00:00+00:00,3911.484375,0.0019299650258204676,0.4313166620898789
2019-03-08 00:00:00+00:00,3901.131591796875,-0.0026502747112911442,0.43179903745126036
2019-03-09 00:00:00+00:00,3963.313720703125,0.01581381071084786,0.4338477815928542
2019-03-10 00:00:00+00:00,3951.599853515625,-0.0029599503848159307,0.433532317063671
2019-03-11 00:00:00+00:00,3905.227294921875,-0.011804535394846043,0.3763821343764086
2019-03-12 00:00:00+00:00,3909.15625,0.0010055701480762823,0.3752623516505097
2019-03-13 00:00:00+00:00,3906.71728515625,-0.00062410552370009,0.371929021787396
2019-03-14 00:00:00+00:00,3924.369140625,0.00450815746490209,0.37043470712650073
2019-03-15 00:00:00+00:00,3960.9111328125,0.009268473031698707,0.3689996878858033
2019-03-16 00:00:00+00:00,4048.725830078125,0.021928138916455526,0.35739174291142395
2019-03-17 00:00:00+00:00,4025.22900390625,-0.005820417128650456,0.19667157890060022
2019-03-18 00:00:00+00:00,4032.50732421875,0.0018065426803688849,0.1876632130541319
2019-03-19 00:00:00+00:00,4071.190185546875,0.009547038273958657,0.18642011636714817
2019-03-20 00:00:00+00:00,4087.476318359375,0.003992356946232674,0.18604091521731736
2019-03-21 00:00:00+00:00,4029.326904296875,-0.014328401790338464,0.19529359566151933
2019-03-22 00:00:00+00:00,4023.96826171875,-0.0013307952232004976,0.19564062285925857
2019-03-23 00:00:00+00:00,4035.826416015625,0.002942547131099483,0.1956482854978026
2019-03-24 00:00:00+00:00,4022.168212890625,-0.003389978979623323,0.19522852112488806
2019-03-25 00:00:00+00:00,3963.070556640625,-0.01480199577543759,0.18451459842264373
2019-03-26 00:00:00+00:00,3985.080810546875,0.005538472822803469,0.1419088723610228
2019-03-27 00:00:00+00:00,4087.066162109375,0.02526980216177766,0.16486304047222375
2019-03-28 00:00:00+00:00,4069.107177734375,-0.004403784140031825,0.16643793462697645
2019-03-29 00:00:00+00:00,4098.37451171875,0.007166825802505177,0.16654437410037293
2019-03-30 00:00:00+00:00,4106.66015625,0.0020196495646784543,0.15918463245415493
2019-03-31 00:00:00+00:00,4105.404296875,-0.00030585716708844994,0.1584712852795397
2019-04-01 00:00:00+00:00,4158.18310546875,0.012773998435311013,0.15467617420069663
2019-04-02 00:00:00+00:00,4879.8779296875,0.1600419797683949,0.5652326404798742
2019-04-03 00:00:00+00:00,4973.02197265625,0.018907492969508402,0.5644112480913751
2019-04-04 00:00:00+00:00,4922.798828125,-0.010150461847883017,0.5689625114897581
2019-04-05 00:00:00+00:00,5036.68115234375,0.022870127391310363,0.5704520541079456
2019-04-06 00:00:00+00:00,5059.8173828125,0.004583028638013961,0.5695982278903226
2019-04-07 00:00:00+00:00,5198.89697265625,0.027116090148746438,0.5690500741252517
2019-04-08 00:00:00+00:00,5289.77099609375,0.017328472526209032,0.5680228588404382
2019-04-09 00:00:00+00:00,5204.95849609375,-0.016163226787921488,0.57686183213055
2019-04-10 00:00:00+00:00,5324.5517578125,0.02271680293391717,0.5773564458332464
2019-04-11 00:00:00+00:00,5064.48779296875,-0.050075525287191475,0.610675075070864
2019-04-12 00:00:00+00:00,5089.5390625,0.004934263167637184,0.6094800400918771
2019-04-13 00:00:00+00:00,5096.58642578125,0.0013837183556808681,0.6097695677479357
2019-04-14 00:00:00+00:00,5167.72216796875,0.013861017615291639,0.6075241151230413
2019-04-15 00:00:00+00:00,5067.1083984375,-0.01966168568124654,0.6104450288998573
2019-04-16 00:00:00+00:00,5235.5595703125,0.032703409546246745,0.6142302148212745
2019-04-17 00:00:00+00:00,5251.93798828125,0.003123420280683767,0.6134447289102583
2019-04-18 00:00:00+00:00,5298.3857421875,0.008805048106448882,0.6107105768941691
2019-04-19 00:00:00+00:00,5303.8125,0.001023704360635338,0.6117652937915096
2019-04-20 00:00:00+00:00,5337.88623046875,0.0064038360371123865,0.6110270723721225
2019-04-21 00:00:00+00:00,5314.53125,-0.004384923503637693,0.6122652382796734
2019-04-22 00:00:00+00:00,5399.365234375,0.015836583357513378,0.6123874940138292
2019-04-23 00:00:00+00:00,5572.3623046875,0.03153767871024236,0.30853249340141736
2019-04-24 00:00:00+00:00,5464.86669921875,-0.019479346575944603,0.31732858201232783
2019-04-25 00:00:00+00:00,5210.515625,-0.047660910406896226,0.36252160901433345
2019-04-26 00:00:00+00:00,5279.34814453125,0.013123813423158957,0.3572241116830158
2019-04-27 00:00:00+00:00,5268.291015625,-0.002096608120307488,0.35742160581351606
2019-04-28 00:00:00+00:00,5285.13916015625,0.0031929256297156855,0.3455861769502449
2019-04-29 00:00:00+00:00,5247.3525390625,-0.007175278992262232,0.3412016284186054
2019-04-30 00:00:00+00:00,5350.7265625,0.019508686623198813,0.34278765503760456
2019-05-01 00:00:00+00:00,5402.697265625,0.009665964737195984,0.3354231777457404
2019-05-02 00:00:00+00:00,5505.28369140625,0.018809979754905393,0.28516669351663493
2019-05-03 00:00:00+00:00,5768.28955078125,0.04666729598003433,0.32129365508096774
2019-05-04 00:00:00+00:00,5831.16748046875,0.01084163602000144,0.32126625866575653
2019-05-05 00:00:00+00:00,5795.70849609375,-0.006099505040041472,0.3228715632455854
2019-05-06 00:00:00+00:00,5746.80712890625,-0.0084733105601616,0.3141096505781269
2019-05-07 00:00:00+00:00,5829.50146484375,0.01428706601857112,0.3005647947057416
2019-05-08 00:00:00+00:00,5982.45751953125,0.025899955314045275,0.30890155294183613
2019-05-09 00:00:00+00:00,6174.52880859375,0.031601133315537946,0.32117233509117826
2019-05-10 00:00:00+00:00,6378.84912109375,0.03255511923946928,0.3318215486196717
2019-05-11 00:00:00+00:00,7204.771484375,0.12175582015101312,0.5126852244026425
2019-05-12 00:00:00+00:00,6972.37158203125,-0.03278809012221475,0.53468473971361
2019-05-13 00:00:00+00:00,7814.9150390625,0.11407866972300376,0.6394560011887623
2019-05-14 00:00:00+00:00,7994.416015625,0.022709207625678487,0.6377617724786607
2019-05-15 00:00:00+00:00,8205.16796875,0.02602089592487963,0.6241327084672575
2019-05-16 00:00:00+00:00,7884.9091796875,-0.03981349360704293,0.6140262077724167
2019-05-17 00:00:00+00:00,7343.8955078125,-0.07108127725881802,0.6900191282143875
2019-05-18 00:00:00+00:00,7271.2080078125,-0.009946983850618235,0.6931017868713333
2019-05-19 00:00:00+00:00,8197.689453125,0.11992989942799603,0.7798562141226083
2019-05-20 00:00:00+00:00,7978.30908203125,-0.02712584602869586,0.7918764179761901
2019-05-21 00:00:00+00:00,7963.32763671875,-0.0018795372127934414,0.7954853556447258
2019-05-22 00:00:00+00:00,7680.06640625,-0.0362187635444826,0.8177887672136177
2019-05-23 00:00:00+00:00,7881.8466796875,0.025934032858881368,0.8183871245689812
2019-05-24 00:00:00+00:00,7987.37158203125,0.01329951557921589,0.8113238211092567
2019-05-25 00:00:00+00:00,8052.5439453125,0.008126317351095985,0.8115747201412504
2019-05-26 00:00:00+00:00,8673.2158203125,0.074251575993358,0.8322598953487547
2019-05-27 00:00:00+00:00,8805.7783203125,0.015168497755127118,0.8263648970810821
2019-05-28 00:00:00+00:00,8719.9619140625,-0.009793263049045299,0.8327661641750153
2019-05-29 00:00:00+00:00,8659.4873046875,-0.00695935212814635,0.8371905362851134
2019-05-30 00:00:00+00:00,8319.47265625,-0.040056647967728856,0.8586282094404507
2019-05-31 00:00:00+00:00,8574.501953125,0.03019403993490808,0.8580309365163356
2019-06-01 00:00:00+00:00,8564.0166015625,-0.0012236008424256384,0.7642163898138354
2019-06-02 00:00:00+00:00,8742.9580078125,0.02067926798314298,0.7503767134797178
2019-06-03 00:00:00+00:00,8208.9951171875,-0.06301805868386157,0.6916650836517683
2019-06-04 00:00:00+00:00,7707.77099609375,-0.06300147834270085,0.7228876891370319
2019-06-05 00:00:00+00:00,7824.2314453125,0.014996473539935253,0.7185492332952294
2019-06-06 00:00:00+00:00,7822.0234375,-0.00028224106582634646,0.7054495367943494
2019-06-07 00:00:00+00:00,8043.951171875,0.027977129076807897,0.6625130311598206
2019-06-08 00:00:00+00:00,7954.1279296875,-0.011229371413746664,0.662876168093557
2019-06-09 00:00:00+00:00,7688.0771484375,-0.034020323814255043,0.5245219018937491
2019-06-10 00:00:00+00:00,8000.32958984375,0.03981203302759007,0.5369264251314333
2019-06-11 00:00:00+00:00,7927.71435546875,-0.009117973017984032,0.5378526845158803
2019-06-12 00:00:00+00:00,8145.857421875,0.027144739690551607,0.5291245963334836
2019-06-13 00:00:00+00:00,8230.923828125,0.010388753446054437,0.5232701727596959
2019-06-14 00:00:00+00:00,8693.8330078125,0.05471566495081175,0.553282929379955
2019-06-15 00:00:00+00:00,8838.375,0.016489111591430673,0.5548182382908515
2019-06-16 00:00:00+00:00,8994.48828125,0.017508940317692987,0.49661545069500934
2019-06-17 00:00:00+00:00,9320.3525390625,0.03558847752156163,0.5084730123685238
2019-06-18 00:00:00+00:00,9081.7626953125,-0.025932150849555906,0.5164815256956693
2019-06-19 00:00:00+00:00,9273.521484375,0.020894883881637273,0.5194416888989631
2019-06-20 00:00:00+00:00,9527.16015625,0.02698349626412288,0.500568432382892
2019-06-21 00:00:00+00:00,10144.556640625,0.062790586710018,0.5318077521456341
2019-06-22 00:00:00+00:00,10701.69140625,0.05346453425773459,0.553161906160906
2019-06-23 00:00:00+00:00,10855.37109375,0.014258184854998994,0.5521355903860579
2019-06-24 00:00:00+00:00,11011.1025390625,0.014244096327892747,0.4834521126240293
2019-06-25 00:00:00+00:00,11790.9169921875,0.0684254031313087,0.43130976427710893
2019-06-26 00:00:00+00:00,13016.2314453125,0.09886766271923943,0.5092662066568393
2019-06-27 00:00:00+00:00,11182.806640625,-0.15181967393698742,0.7928095008254666
2019-06-28 00:00:00+00:00,12407.33203125,0.10391011328681186,0.8477629483488469
2019-06-29 00:00:00+00:00,11959.37109375,-0.036772427703724096,0.8643164897401937
2019-06-30 00:00:00+00:00,10817.1552734375,-0.10038183788517502,0.9430049450095593
2019-07-01 00:00:00+00:00,10583.134765625,-0.02187165092867407,0.947790632608765
2019-07-02 00:00:00+00:00,10801.677734375,0.020439793649304375,0.9444976861729056
2019-07-03 00:00:00+00:00,11961.26953125,0.10197242314626954,0.9912998600459971
2019-07-04 00:00:00+00:00,11215.4375,-0.06438271352158567,1.0318232438153156
2019-07-05 00:00:00+00:00,10978.4599609375,-0.021356009787895595,1.0283262996750238
2019-07-06 00:00:00+00:00,11208.55078125,0.020741781945806056,1.0287120143738488
2019-07-07 00:00:00+00:00,11450.8466796875,0.021386723467300896,1.0290939309991058
2019-07-08 00:00:00+00:00,12285.9580078125,0.07039331175600369,1.0462793221006395
2019-07-09 00:00:00+00:00,12573.8125,0.0231592932804558,1.0369498938370905
2019-07-10 00:00:00+00:00,12156.5126953125,-0.0337512276446848,1.0505523717314005
2019-07-11 00:00:00+00:00,11358.662109375,-0.06788441618712997,1.0853422352851634
2019-07-12 00:00:00+00:00,11815.986328125,0.039472753868564206,1.0735530566496556
2019-07-13 00:00:00+00:00,11392.37890625,-0.03650877331612687,1.0700017631067966
2019-07-14 00:00:00+00:00,10256.05859375,-0.10507600156656484,1.1321970783016126
2019-07-15 00:00:00+00:00,10895.08984375,0.06044360141002941,1.1520480912538007
2019-07-16 00:00:00+00:00,9477.6416015625,-0.13937670558066412,1.2183746633766233
2019-07-17 00:00:00+00:00,9693.802734375,0.022551278856090203,1.1593908108079756
2019-07-18 00:00:00+00:00,10666.482421875,0.09561955306661926,1.1044192105771167
2019-07-19 00:00:00+00:00,10530.732421875,-0.012808461572604499,1.034875809562471
2019-07-20 00:00:00+00:00,10767.1396484375,0.022200991330417415,1.0342431715725993
2019-07-21 00:00:00+00:00,10599.10546875,-0.01572926297459085,0.9757973540512813
2019-07-22 00:00:00+00:00,10343.1064453125,-0.024449353942019494,0.9765336461717933
2019-07-23 00:00:00+00:00,9900.767578125,-0.04370796659547665,0.9839663647728173
2019-07-24 00:00:00+00:00,9811.92578125,-0.009013724991008056,0.9050991160571734
2019-07-25 00:00:00+00:00,9911.841796875,0.010131621144278298,0.884674528157337
2019-07-26 00:00:00+00:00,9870.3037109375,-0.004199559341958318,0.8828883713146963
2019-07-27 00:00:00+00:00,9477.677734375,-0.04059130256046178,0.8858572867632973
2019-07-28 00:00:00+00:00,9552.8603515625,0.007901301370321584,0.881443753130185
2019-07-29 00:00:00+00:00,9519.1455078125,-0.003535535708016186,0.8338515580337118
2019-07-30 00:00:00+00:00,9607.423828125,0.009231027857063211,0.8277940917828839
2019-07-31 00:00:00+00:00,10085.6279296875,0.04857531814577599,0.8503744083816538
2019-08-01 00:00:00+00:00,10399.6689453125,0.03066254026424243,0.8325721836478842
2019-08-02 00:00:00+00:00,10518.1748046875,0.011330721144643396,0.8195779977453834
2019-08-03 00:00:00+00:00,10821.7265625,0.028451137479912812,0.8195429748603603
2019-08-04 00:00:00+00:00,10970.1845703125,0.013625267067559002,0.730574828497909
2019-08-05 00:00:00+00:00,11805.6533203125,0.07339741253272014,0.7446058156752812
2019-08-06 00:00:00+00:00,11478.1689453125,-0.02813163305123966,0.5490929350032943
2019-08-07 00:00:00+00:00,11941.96875,0.03961210267399502,0.5574680576195521
2019-08-08 00:00:00+00:00,11966.4072265625,0.0020443450527850055,0.46237115010963403
2019-08-09 00:00:00+00:00,11862.9365234375,-0.008684364496770227,0.4605332995084919
2019-08-10 00:00:00+00:00,11354.0244140625,-0.043846706855643715,0.48675284785657247
2019-08-11 00:00:00+00:00,11523.5791015625,0.014823037907253726,0.48381152606285727
2019-08-12 00:00:00+00:00,11382.6162109375,-0.012307995125175572,0.47659581343875307
2019-08-13 00:00:00+00:00,10895.830078125,-0.04370714338940503,0.4765947629585796
2019-08-14 00:00:00+00:00,10051.7041015625,-0.0806379719242745,0.5596456687643369
2019-08-15 00:00:00+00:00,10311.5458984375,0.025522045965721746,0.565269134859153
2019-08-16 00:00:00+00:00,10374.3388671875,0.006071112000481698,0.5649963290847057
2019-08-17 00:00:00+00:00,10231.744140625,-0.013840282280728103,0.5466679283053942
2019-08-18 00:00:00+00:00,10345.810546875,0.011086601525889401,0.5470915717668494
2019-08-19 00:00:00+00:00,10916.0537109375,0.05365286353343918,0.5727021916136801
2019-08-20 00:00:00+00:00,10763.232421875,-0.01409860264611838,0.576996960952646
2019-08-21 00:00:00+00:00,10138.0498046875,-0.05984026786228671,0.596691417679114
2019-08-22 00:00:00+00:00,10131.0556640625,-0.0006901282262681483,0.5863492907279414
2019-08-23 00:00:00+00:00,10407.96484375,0.026965838908487968,0.5930382029707216
2019-08-24 00:00:00+00:00,10159.9609375,-0.024116765985468237,0.5886432928107128
2019-08-25 00:00:00+00:00,10138.517578125,-0.0021128053844357898,0.585557585559358
2019-08-26 00:00:00+00:00,10370.8203125,0.022654331476248634,0.5245190145049027
2019-08-27 00:00:00+00:00,10185.5,-0.018030983225030404,0.520340840002983
2019-08-28 00:00:00+00:00,9754.4228515625,-0.04324433232151661,0.5084758546617907
2019-08-29 00:00:00+00:00,9510.2001953125,-0.025355880586420892,0.5094040029605453
2019-08-30 00:00:00+00:00,9598.173828125,0.009207926773968323,0.5141508015976288
2019-08-31 00:00:00+00:00,9630.6640625,0.003379326975376171,0.5009375360609258
2019-09-01 00:00:00+00:00,9757.970703125,0.013132277928025817,0.5000071519546189
2019-09-02 00:00:00+00:00,10346.7607421875,0.058589039911261055,0.549984937825967
2019-09-03 00:00:00+00:00,10623.5400390625,0.02639879832471976,0.5406221882234182
2019-09-04 00:00:00+00:00,10594.4931640625,-0.002737943980703232,0.45734041508082884
2019-09-05 00:00:00+00:00,10575.533203125,-0.0017912085396542573,0.44974382296046606
2019-09-06 00:00:00+00:00,10353.302734375,-0.021237571181720684,0.45592660203998964
2019-09-07 00:00:00+00:00,10517.2548828125,0.015711656980851706,0.45619499241474154
2019-09-08 00:00:00+00:00,10441.2763671875,-0.0072503981845572244,0.4556658780944401
2019-09-09 00:00:00+00:00,10334.974609375,-0.01023309600539781,0.4134433419515202
2019-09-10 00:00:00+00:00,10115.9755859375,-0.021417820975587025,0.416771178236039
2019-09-11 00:00:00+00:00,10178.3720703125,0.006149168432955224,0.36242830732097264
2019-09-12 00:00:00+00:00,10410.126953125,0.022513994030435,0.3705420037847346
2019-09-13 00:00:00+00:00,10360.546875,-0.004774055257204667,0.3589664463395294
2019-09-14 00:00:00+00:00,10358.048828125,-0.00024114056019034126,0.3483074104999168
2019-09-15 00:00:00+00:00,10347.712890625,-0.0009983634989049381,0.34820654387431
2019-09-16 00:00:00+00:00,10276.7939453125,-0.0068771801807728065,0.33996716297974916
2019-09-17 00:00:00+00:00,10241.2724609375,-0.003462462705750272,0.334161850088172
2019-09-18 00:00:00+00:00,10198.248046875,-0.004209930227213259,0.2952194929766125
2019-09-19 00:00:00+00:00,10266.4150390625,0.0066619464013658175,0.27800774423471303
2019-09-20 00:00:00+00:00,10181.6416015625,-0.00829163618618558,0.28019503944566765
2019-09-21 00:00:00+00:00,10019.716796875,-0.016031424170294233,0.2876667858172424
2019-09-22 00:00:00+00:00,10070.392578125,0.00504485941629184,0.2850350831631376
2019-09-23 00:00:00+00:00,9729.32421875,-0.03445525046861395,0.22644201679010026
2019-09-24 00:00:00+00:00,8620.56640625,-0.1209936495214672,0.45059394642901385
2019-09-25 00:00:00+00:00,8486.9931640625,-0.015616015371176536,0.4502054772890587
2019-09-26 00:00:00+00:00,8118.9677734375,-0.04433175093227527,0.4636798355585693
2019-09-27 00:00:00+00:00,8251.845703125,0.01623387232043621,0.47294854285513976
2019-09-28 00:00:00+00:00,8245.9150390625,-0.0007189659749160292,0.46469490846614714
2019-09-29 00:00:00+00:00,8104.185546875,-0.017337268541281117,0.46482288630625257
2019-09-30 00:00:00+00:00,8293.8681640625,0.023135803960001186,0.48058652333188606
2019-10-01 00:00:00+00:00,8343.2763671875,0.005939522648697366,0.48208074939854173
2019-10-02 00:00:00+00:00,8393.0419921875,0.005947039319423827,0.48200029757702567
2019-10-03 00:00:00+00:00,8259.9921875,-0.01597938661828606,0.4683557991416984
2019-10-04 00:00:00+00:00,8205.939453125,-0.00656542608285994,0.46809597696607985
2019-10-05 00:00:00+00:00,8151.50048828125,-0.006656196327979546,0.4667460571390578
2019-10-06 00:00:00+00:00,7988.15576171875,-0.020242104470858776,0.4660984977425955
2019-10-07 00:00:00+00:00,8245.623046875,0.03172260496034329,0.4903319344279469
2019-10-08 00:00:00+00:00,8228.783203125,-0.0020443649815999844,0.49061240423957814
2019-10-09 00:00:00+00:00,8595.740234375,0.04362860415666088,0.5250213468698259
2019-10-10 00:00:00+00:00,8586.4736328125,-0.0010786272982693222,0.5229522187316386
2019-10-11 00:00:00+00:00,8321.7568359375,-0.03131474095669686,0.5288796192798334
2019-10-12 00:00:00+00:00,8336.5556640625,0.0017767504383327862,0.5297503488307916
2019-10-13 00:00:00+00:00,8321.005859375,-0.0018669970610550547,0.528019566248412
2019-10-14 00:00:00+00:00,8374.6865234375,0.006430502888083053,0.5222321769169348
2019-10-15 00:00:00+00:00,8205.369140625,-0.02042493372661194,0.3248864857299516
2019-10-16 00:00:00+00:00,8047.52685546875,-0.019423891941978407,0.32710573108288604
2019-10-17 00:00:00+00:00,8103.9111328125,0.006981979739066776,0.29076401347389996
2019-10-18 00:00:00+00:00,7973.20751953125,-0.016259940076949107,0.2895660487749161
2019-10-19 00:00:00+00:00,7988.560546875,0.0019237257444975665,0.28981606954632855
2019-10-20 00:00:00+00:00,8222.078125,0.02881240366522189,0.3019007254054343
2019-10-21 00:00:00+00:00,8243.720703125,0.002628793271972775,0.2908433545824048
2019-10-22 00:00:00+00:00,8078.203125,-0.02028232136663908,0.297867865995797
2019-10-23 00:00:00+00:00,7514.671875,-0.07231210270483085,0.38400363195379905
2019-10-24 00:00:00+00:00,7493.48876953125,-0.0028228801699561206,0.3820776333464123
2019-10-25 00:00:00+00:00,8660.7001953125,0.14476109386093217,0.642983825250672
2019-10-26 00:00:00+00:00,9244.97265625,0.06528433388686641,0.6773552334423306
2019-10-27 00:00:00+00:00,9551.71484375,0.03264079600850012,0.6763176463059896
2019-10-28 00:00:00+00:00,9256.1484375,-0.031432676505614585,0.6843459052085459
2019-10-29 00:00:00+00:00,9427.6875,0.018362811918533402,0.6851601251383873
2019-10-30 00:00:00+00:00,9205.7265625,-0.023825095718831422,0.6788906654825241
2019-10-31 00:00:00+00:00,9199.5849609375,-0.0006673727616756513,0.6788590078460571
2019-11-01 00:00:00+00:00,9261.1044921875,0.006664947063719231,0.6671167094860666
2019-11-02 00:00:00+00:00,9324.7177734375,0.0068453823292389865,0.6670303082649743
2019-11-03 00:00:00+00:00,9235.3544921875,-0.009629700847412865,0.6686263900469783
2019-11-04 00:00:00+00:00,9412.6123046875,0.01901152585439151,0.6703919740323931
2019-11-05 00:00:00+00:00,9342.52734375,-0.007473715309565572,0.6655496162144376
2019-11-06 00:00:00+00:00,9360.8798828125,0.0019624814591623348,0.6592766739088535
2019-11-07 00:00:00+00:00,9267.5615234375,-0.010018996001742247,0.6619720653164017
2019-11-08 00:00:00+00:00,8804.880859375,-0.05121408380627322,0.6876182823630438
2019-11-09 00:00:00+00:00,8813.58203125,0.000987733451713017,0.6876739652950705
2019-11-10 00:00:00+00:00,9055.5263671875,0.027081275361004672,0.6869342681426971
2019-11-11 00:00:00+00:00,8757.7880859375,-0.03343184819094057,0.6994800576158163
2019-11-12 00:00:00+00:00,8815.662109375,0.0065865532404471615,0.694443739722962
2019-11-13 00:00:00+00:00,8808.2626953125,-0.0008397010971480578,0.6370380431373616
2019-11-14 00:00:00+00:00,8708.0947265625,-0.011437202181483985,0.6395018571218751
2019-11-15 00:00:00+00:00,8491.9921875,-0.02512939756383665,0.4076564428951951
2019-11-16 00:00:00+00:00,8550.7607421875,0.0068966308279384695,0.3311457744438907
2019-11-17 00:00:00+00:00,8577.9755859375,0.003177685280365235,0.3050897275928958
2019-11-18 00:00:00+00:00,8309.2861328125,-0.03182423938339746,0.3055179499457114
2019-11-19 00:00:00+00:00,8206.1455078125,-0.01249037483855615,0.29409480515240144
2019-11-20 00:00:00+00:00,8027.26806640625,-0.022039071560940312,0.2928397654164965
2019-11-21 00:00:00+00:00,7642.75,-0.049086768125686187,0.3267164164013312
2019-11-22 00:00:00+00:00,7296.57763671875,-0.04635206471928927,0.34608296352443074
2019-11-23 00:00:00+00:00,7397.796875,0.013776814950745946,0.3514665633566563
2019-11-24 00:00:00+00:00,7047.9169921875,-0.04845012522266549,0.3744994775801887
2019-11-25 00:00:00+00:00,7146.1337890625,0.013839370591340378,0.3693443647313398
2019-11-26 00:00:00+00:00,7218.37109375,0.010057835510045162,0.3776203943083949
2019-11-27 00:00:00+00:00,7531.66357421875,0.04248662643530125,0.4205371120856146
2019-11-28 00:00:00+00:00,7463.10595703125,-0.00914426790792298,0.4205567949667911
2019-11-29 00:00:00+00:00,7761.24365234375,0.03917091013708419,0.42630771139165186
2019-11-30 00:00:00+00:00,7569.6298828125,-0.024998412204507995,0.43041909375743054
2019-12-01 00:00:00+00:00,7424.29248046875,-0.019386782304190116,0.4134921960663246
2019-12-02 00:00:00+00:00,7321.98828125,-0.013875477110813644,0.40466085416874276
2019-12-03 00:00:00+00:00,7320.1455078125,-0.0002517083198087148,0.40212829220762136
2019-12-04 00:00:00+00:00,7252.03466796875,-0.00934813254089389,0.4010709022532717
2019-12-05 00:00:00+00:00,7448.3076171875,0.026704767756073822,0.4197862978243887
2019-12-06 00:00:00+00:00,7546.99658203125,0.013162839304284675,0.42041365978910417
2019-12-07 00:00:00+00:00,7556.23779296875,0.001223739480074957,0.4187419264359004
2019-12-08 00:00:00+00:00,7564.34521484375,0.0010723690545205787,0.4182308233393256
2019-12-09 00:00:00+00:00,7400.8994140625,-0.021844253680856535,0.41184289617258907
2019-12-10 00:00:00+00:00,7278.11962890625,-0.016728999152694785,0.4130078004909238
2019-12-11 00:00:00+00:00,7217.42724609375,-0.008373983817170333,0.40889464287438826
2019-12-12 00:00:00+00:00,7243.13427734375,0.0035554716584630377,0.37689452381357813
2019-12-13 00:00:00+00:00,7269.6845703125,0.0036588787977558162,0.34186129401796306
2019-12-14 00:00:00+00:00,7124.673828125,-0.020148956153597603,0.34460427922656045
2019-12-15 00:00:00+00:00,7152.3017578125,0.003870282470955076,0.300137987311932
2019-12-16 00:00:00+00:00,6932.48046875,-0.031216547911036934,0.31547550443984407
2019-12-17 00:00:00+00:00,6640.51513671875,-0.043028139847750044,0.343443698048006
2019-12-18 00:00:00+00:00,7276.802734375,0.09150203958984561,0.45185229131915117
2019-12-19 00:00:00+00:00,7202.84423828125,-0.01021559978849091,0.4520916757098849
2019-12-20 00:00:00+00:00,7218.81640625,0.002215025702357289,0.42746016469691644
2019-12-21 00:00:00+00:00,7191.15869140625,-0.0038386948789303917,0.42024384196011544
2019-12-22 00:00:00+00:00,7511.5888671875,0.04359469833307996,0.4441981611946746
2019-12-23 00:00:00+00:00,7355.62841796875,-0.020981218944278197,0.4477747082806017
2019-12-24 00:00:00+00:00,7322.5322265625,-0.004509590580982912,0.4480738479329656
2019-12-25 00:00:00+00:00,7275.15576171875,-0.00649097736895625,0.44743038238830796
2019-12-26 00:00:00+00:00,7238.966796875,-0.004986734773912115,0.4370813418898733
2019-12-27 00:00:00+00:00,7290.08837890625,0.007037180653861685,0.4350274958073286
2019-12-28 00:00:00+00:00,7317.990234375,0.003820062875904435,0.4353364034782846
2019-12-29 00:00:00+00:00,7422.65283203125,0.014200785685395729,0.4386861650455812
2019-12-30 00:00:00+00:00,7292.9951171875,-0.017622203333694908,0.4363841530200341
2019-12-31 00:00:00+00:00,7193.59912109375,-0.013722694823239307,0.43511515538436873
2020-01-01 00:00:00+00:00,7200.17431640625,0.0009136166827146318,0.43420109130896206
2020-01-02 00:00:00+00:00,6985.47021484375,-0.030272928096194005,0.4462452326882812
2020-01-03 00:00:00+00:00,7344.88427734375,0.050171745960031294,0.48104735841085167
2020-01-04 00:00:00+00:00,7410.65673828125,0.008915009823896914,0.47584332749848157
2020-01-05 00:00:00+00:00,7411.3173828125,8.914393268935946e-05,0.47582373452786486
2020-01-06 00:00:00+00:00,7769.21923828125,0.047161467235659664,0.48489494653415727
2020-01-07 00:00:00+00:00,8163.6923828125,0.04952688932640552,0.4742423974082147
2020-01-08 00:00:00+00:00,8079.86279296875,-0.010321673202805576,0.3738517046495284
2020-01-09 00:00:00+00:00,7879.0712890625,-0.02516485111441786,0.3849327412979728
2020-01-10 00:00:00+00:00,8166.55419921875,0.0358370170573265,0.3999934546148245
2020-01-11 00:00:00+00:00,8037.53759765625,-0.01592428993077385,0.40583937947607596
2020-01-12 00:00:00+00:00,8192.494140625,0.019095619045757743,0.38505185851671336
2020-01-13 00:00:00+00:00,8144.1943359375,-0.005913064387262195,0.3761031877350326
2020-01-14 00:00:00+00:00,8827.7646484375,0.0805965063783667,0.4563967382369479
2020-01-15 00:00:00+00:00,8807.0107421875,-0.0023537488141357047,0.4548609909563042
2020-01-16 00:00:00+00:00,8723.7861328125,-0.009494746324859216,0.45688354542437637
2020-01-17 00:00:00+00:00,8929.0380859375,0.023255338715640103,0.4595039893530152
2020-01-18 00:00:00+00:00,8942.80859375,0.0015410282758632793,0.45993636336102633
2020-01-19 00:00:00+00:00,8706.2451171875,-0.026809102516198058,0.47635602824217027
2020-01-20 00:00:00+00:00,8657.642578125,-0.005598131806099833,0.47011583155279746
2020-01-21 00:00:00+00:00,8745.89453125,0.010141927934056931,0.463333919966412
2020-01-22 00:00:00+00:00,8680.8759765625,-0.007461951294768086,0.4661449578577194
2020-01-23 00:00:00+00:00,8406.515625,-0.03211536772319544,0.4681355514193472
2020-01-24 00:00:00+00:00,8445.4345703125,0.00461893300829455,0.443373635561662
2020-01-25 00:00:00+00:00,8367.84765625,-0.009229306182408406,0.44664809272119443
2020-01-26 00:00:00+00:00,8596.830078125,0.02699683810277081,0.4520186204415634
2020-01-27 00:00:00+00:00,8909.8193359375,0.03576042498236325,0.4408638682532068
2020-01-28 00:00:00+00:00,9358.58984375,0.04914065669354804,0.44039094166500586
2020-01-29 00:00:00+00:00,9316.6298828125,-0.004493658672814258,0.43804172573080313
2020-01-30 00:00:00+00:00,9508.9931640625,0.020437036918080173,0.4244083310395578
2020-01-31 00:00:00+00:00,9350.529296875,-0.01680504867594127,0.4215611706522812
2020-02-01 00:00:00+00:00,9392.875,0.004518472151643944,0.4137680338897315
2020-02-02 00:00:00+00:00,9344.365234375,-0.005177910236525379,0.41368199739311917
2020-02-03 00:00:00+00:00,9293.521484375,-0.00545597007771587,0.4135154546111676
2020-02-04 00:00:00+00:00,9180.962890625,-0.0121854536490776,0.3170990908240106
2020-02-05 00:00:00+00:00,9613.423828125,0.04602834799275258,0.35141763150408145
2020-02-06 00:00:00+00:00,9729.8017578125,0.012033084493942919,0.3487713926657428
2020-02-07 00:00:00+00:00,9795.943359375,0.0067748353927720014,0.3426383609481679
2020-02-08 00:00:00+00:00,9865.119140625,0.0070368594474600355,0.34258696787913867
2020-02-09 00:00:00+00:00,10116.673828125,0.025179720219250152,0.3294741241035915
2020-02-10 00:00:00+00:00,9856.611328125,-0.026042505869956382,0.3466071892480678
2020-02-11 00:00:00+00:00,10208.236328125,0.03505244674627077,0.36065554787108506
2020-02-12 00:00:00+00:00,10326.0546875,0.011475404940052,0.35679322653438805
2020-02-13 00:00:00+00:00,10214.3798828125,-0.010873762642183454,0.3333184197955893
2020-02-14 00:00:00+00:00,10312.1162109375,0.009523015160699344,0.3328877800481803
2020-02-15 00:00:00+00:00,9889.4248046875,-0.04185355039924229,0.3728161592718631
2020-02-16 00:00:00+00:00,9934.43359375,0.004540878520857384,0.36642588026833234
2020-02-17 00:00:00+00:00,9690.142578125,-0.02489772344158013,0.3664483151922275
2020-02-18 00:00:00+00:00,10141.99609375,0.04557569247775114,0.36108361632211816
2020-02-19 00:00:00+00:00,9633.38671875,-0.05144998404328957,0.4082735286127544
2020-02-20 00:00:00+00:00,9608.4755859375,-0.0025892656683303506,0.40263479634791693
2020-02-21 00:00:00+00:00,9686.44140625,0.008081532009711982,0.39836782248789954
2020-02-22 00:00:00+00:00,9663.181640625,-0.002404158134973382,0.3984682435309211
2020-02-23 00:00:00+00:00,9924.515625,0.02668506547579107,0.4070841959101839
2020-02-24 00:00:00+00:00,9650.1748046875,-0.028031992193656916,0.42020171100430637
2020-02-25 00:00:00+00:00,9341.705078125,-0.03248723753845248,0.43435815508331654
2020-02-26 00:00:00+00:00,8820.5224609375,-0.057407687925487366,0.4463547861143286
2020-02-27 00:00:00+00:00,8784.494140625,-0.004092966388449268,0.44249009378818804
2020-02-28 00:00:00+00:00,8672.455078125,-0.012836217768337236,0.4412020670359911
2020-02-29 00:00:00+00:00,8599.5087890625,-0.008446835964171201,0.4387790941756766
2020-03-01 00:00:00+00:00,8562.4541015625,-0.004318240904803676,0.4235460434991062
2020-03-02 00:00:00+00:00,8869.669921875,0.035250739590151826,0.44330229128951626
2020-03-03 00:00:00+00:00,8787.7861328125,-0.009274764811755473,0.4187224293041005
2020-03-04 00:00:00+00:00,8755.24609375,-0.0037097436703969933,0.4134900564353947
2020-03-05 00:00:00+00:00,9078.7626953125,0.03628484201142127,0.44054201512988445
2020-03-06 00:00:00+00:00,9122.5458984375,0.004811004368074786,0.43880120118699334
2020-03-07 00:00:00+00:00,8909.9541015625,-0.02357983053034934,0.4242263076523828
2020-03-08 00:00:00+00:00,8108.1162109375,-0.09430352876922735,0.5229997948659325
2020-03-09 00:00:00+00:00,7923.64453125,-0.02301429329184435,0.5223492791064438
2020-03-10 00:00:00+00:00,7909.7294921875,-0.0017576850801850666,0.48367340053410934
2020-03-11 00:00:00+00:00,7911.43017578125,0.00021498848832731012,0.4630309497095712
2020-03-12 00:00:00+00:00,4970.7880859375,-0.46473017533977296,1.6426300677916061
2020-03-13 00:00:00+00:00,5563.70703125,0.11268622219754491,1.7127674342331487
2020-03-14 00:00:00+00:00,5200.3662109375,-0.06753557004657186,1.7161258566592246
2020-03-15 00:00:00+00:00,5392.31494140625,0.03624573263084445,1.7203844078156085
2020-03-16 00:00:00+00:00,5014.47998046875,-0.07264505770911892,1.7269808397099624
2020-03-17 00:00:00+00:00,5225.62939453125,0.04124552567019178,1.7450674207354053
2020-03-18 00:00:00+00:00,5238.4384765625,0.002448204386069575,1.74453042618746
2020-03-19 00:00:00+00:00,6191.19287109375,0.1671043242496126,1.8666749008924737
2020-03-20 00:00:00+00:00,6198.7783203125,0.0012244500086869695,1.8676730164880924
2020-03-21 00:00:00+00:00,6185.06640625,-0.0022144850761294074,1.868114923882731
2020-03-22 00:00:00+00:00,5830.2548828125,-0.05907702386252891,1.873536347516153
2020-03-23 00:00:00+00:00,6416.31494140625,0.09578323765146265,1.9067768238588227
2020-03-24 00:00:00+00:00,6734.8037109375,0.04844470857364082,1.9195606044103632
2020-03-25 00:00:00+00:00,6681.06298828125,-0.00801155993972081,1.9193654202774708
2020-03-26 00:00:00+00:00,6716.4404296875,0.005281211361417012,1.9123519852585094
2020-03-27 00:00:00+00:00,6469.79833984375,-0.03741337669931112,1.9126147141872598
2020-03-28 00:00:00+00:00,6242.19384765625,-0.03581324079079013,1.9136655973679952
2020-03-29 00:00:00+00:00,5922.04296875,-0.052650213305665085,1.897823804941938
2020-03-30 00:00:00+00:00,6429.841796875,0.08226844860278629,1.927013922515497
2020-03-31 00:00:00+00:00,6438.64453125,0.001368107409615196,1.9272117243249933
2020-04-01 00:00:00+00:00,6606.7763671875,0.025777803165675912,1.9309161697652637
2020-04-02 00:00:00+00:00,6793.62451171875,0.02788875596596145,0.9888835113543767
2020-04-03 00:00:00+00:00,6733.38720703125,-0.008906283829348233,0.9249895077374871
2020-04-04 00:00:00+00:00,6867.52734375,0.019725803844387817,0.882320545086726
2020-04-05 00:00:00+00:00,6791.12939453125,-0.011186860819705755,0.8820379630371598
2020-04-06 00:00:00+00:00,7271.78125,0.06838401551364988,0.8482057333070233
2020-04-07 00:00:00+00:00,7176.41455078125,-0.013201383140758695,0.8501286811051405
2020-04-08 00:00:00+00:00,7334.0986328125,0.021734626116209514,0.8491351389906682
2020-04-09 00:00:00+00:00,7302.08935546875,-0.004373997983961782,0.6488707920600032
2020-04-10 00:00:00+00:00,6865.4931640625,-0.06165264619598333,0.6920893342550893
2020-04-11 00:00:00+00:00,6859.0830078125,-0.0009341136128114594,0.6919385168011091
2020-04-12 00:00:00+00:00,6971.091796875,0.016198094339308036,0.6522012626860947
2020-04-13 00:00:00+00:00,6845.03759765625,-0.018247903368068016,0.574992878976355
2020-04-14 00:00:00+00:00,6842.427734375,-0.0003813508563592871,0.5508240414450023
2020-04-15 00:00:00+00:00,6642.10986328125,-0.029712937076683203,0.5602255831593079
2020-04-16 00:00:00+00:00,7116.80419921875,0.06902911272643515,0.6095486399440914
2020-04-17 00:00:00+00:00,7096.1845703125,-0.0029015210954838368,0.5923732712048387
2020-04-18 00:00:00+00:00,7257.6650390625,0.022500902000608027,0.5767301664125958
2020-04-19 00:00:00+00:00,7189.4248046875,-0.009446987957285106,0.5384052920248305
2020-04-20 00:00:00+00:00,6881.95849609375,-0.04370789261905666,0.4984652987044684
2020-04-21 00:00:00+00:00,6880.3232421875,-0.00023764284804566149,0.4985721354002215
2020-04-22 00:00:00+00:00,7117.20751953125,0.033849812461733006,0.5039414396053935
2020-04-23 00:00:00+00:00,7429.724609375,0.04297334717626114,0.5156954588791277
2020-04-24 00:00:00+00:00,7550.90087890625,0.016178084496425684,0.5149450757641418
2020-04-25 00:00:00+00:00,7569.93603515625,0.0025177397803475064,0.5123808119497267
2020-04-26 00:00:00+00:00,7679.8671875,0.014417636083330129,0.5100891979481973
2020-04-27 00:00:00+00:00,7795.60107421875,0.01495735604802822,0.45854089717994506
2020-04-28 00:00:00+00:00,7807.05859375,0.0014686626299017075,0.4546838607309823
2020-04-29 00:00:00+00:00,8801.0380859375,0.11984140644428902,0.6050247637188308
2020-04-30 00:00:00+00:00,8658.5537109375,-0.01632197818592355,0.6096714056534381
2020-05-01 00:00:00+00:00,8864.7666015625,0.02353691044657035,0.5558899417851415
2020-05-02 00:00:00+00:00,8988.5966796875,0.013872127279034094,0.5538545240467413
2020-05-03 00:00:00+00:00,8897.46875,-0.010189912204170495,0.5593757460402073
2020-05-04 00:00:00+00:00,8912.654296875,0.0017052718293899742,0.5501465216882622
2020-05-05 00:00:00+00:00,9003.0703125,0.010093566989645255,0.5482329938951439
2020-05-06 00:00:00+00:00,9268.76171875,0.029084126239824877,0.5278797063204874
2020-05-07 00:00:00+00:00,9951.5185546875,0.07107536685466279,0.5305172329299267
2020-05-08 00:00:00+00:00,9842.666015625,-0.010998547172291293,0.5348690589411735
2020-05-09 00:00:00+00:00,9593.896484375,-0.025599497514193534,0.5526834931617753
2020-05-10 00:00:00+00:00,8756.4306640625,-0.09133874992634657,0.6579162547975302
2020-05-11 00:00:00+00:00,8601.7958984375,-0.017817356616017375,0.6373811774311899
2020-05-12 00:00:00+00:00,8804.4775390625,0.0232893964825246,0.6375408868146489
2020-05-13 00:00:00+00:00,9269.9873046875,0.05152160673099469,0.648113318872604
2020-05-14 00:00:00+00:00,9733.7216796875,0.048814308336527425,0.6518691076968784
2020-05-15 00:00:00+00:00,9328.197265625,-0.04255454133663077,0.6792790058573217
2020-05-16 00:00:00+00:00,9377.013671875,0.005219563387115276,0.6789651474811795
2020-05-17 00:00:00+00:00,9670.7392578125,0.03084341466898477,0.6826269701168677
2020-05-18 00:00:00+00:00,9726.5751953125,0.005757095071523827,0.6826948996169486
2020-05-19 00:00:00+00:00,9729.0380859375,0.0002531804680276828,0.6829113090870782
2020-05-20 00:00:00+00:00,9522.9814453125,-0.021407053865041548,0.5625965242316306
2020-05-21 00:00:00+00:00,9081.76171875,-0.04743978112005262,0.5864109257779815
2020-05-22 00:00:00+00:00,9182.5771484375,0.011039704675422358,0.5822843924257168
2020-05-23 00:00:00+00:00,9209.287109375,0.0029045429371388543,0.5806273537472173
2020-05-24 00:00:00+00:00,8790.3681640625,-0.04655584805354227,0.6028222396109754
2020-05-25 00:00:00+00:00,8906.9345703125,0.013173543308948167,0.6046754435139212
2020-05-26 00:00:00+00:00,8835.052734375,-0.008103063993220552,0.6041219463908816
2020-05-27 00:00:00+00:00,9181.017578125,0.038410971222694656,0.6107813709865867
2020-05-28 00:00:00+00:00,9525.7509765625,0.03686071480897355,0.5704640439224357
2020-05-29 00:00:00+00:00,9439.1240234375,-0.00913557886418624,0.5701335630194652
2020-05-30 00:00:00+00:00,9700.4140625,0.02730538972956484,0.5719858476139792
2020-05-31 00:00:00+00:00,9461.05859375,-0.024984292562996217,0.4758078622065623
2020-06-01 00:00:00+00:00,10167.2685546875,0.07198931640233779,0.5239391366017202
2020-06-02 00:00:00+00:00,9529.8037109375,-0.06474947480283666,0.5775096075622693
2020-06-03 00:00:00+00:00,9656.7177734375,0.013229694990896244,0.5522989193929231
2020-06-04 00:00:00+00:00,9800.63671875,0.014793539385652563,0.527960215929577
2020-06-05 00:00:00+00:00,9665.533203125,-0.013881075272663914,0.507566328436701
2020-06-06 00:00:00+00:00,9653.6796875,-0.0012271221586050945,0.5074930160115514
2020-06-07 00:00:00+00:00,9758.8525390625,0.010835668358634767,0.49749363443935335
2020-06-08 00:00:00+00:00,9771.4892578125,0.0012940603543832425,0.4971317982187957
2020-06-09 00:00:00+00:00,9795.7001953125,0.002474647666023554,0.49719325803187214
2020-06-10 00:00:00+00:00,9870.0947265625,0.00756591700730524,0.49133209543754414
2020-06-11 00:00:00+00:00,9321.78125,-0.05715571914128428,0.5045519487941883
2020-06-12 00:00:00+00:00,9480.84375,0.01691958379014404,0.5063983359614386
2020-06-13 00:00:00+00:00,9475.27734375,-0.0005872938226618028,0.506422697144316
2020-06-14 00:00:00+00:00,9386.7880859375,-0.009382843818570023,0.4776653163061967
2020-06-15 00:00:00+00:00,9450.7021484375,0.006785862337686215,0.4764834098429357
2020-06-16 00:00:00+00:00,9538.0244140625,0.00919733936802677,0.4752527219369696
2020-06-17 00:00:00+00:00,9480.2548828125,-0.006075177257296805,0.45895500591824073
2020-06-18 00:00:00+00:00,9411.8408203125,-0.00724264397501192,0.4412609700862043
2020-06-19 00:00:00+00:00,9288.0185546875,-0.013243316204145586,0.44249304488653096
2020-06-20 00:00:00+00:00,9332.3408203125,0.004760633072752032,0.4312189043330419
2020-06-21 00:00:00+00:00,9303.6298828125,-0.003081241183796443,0.4230048909067975
2020-06-22 00:00:00+00:00,9648.7177734375,0.03642039931563134,0.3589875268925494
2020-06-23 00:00:00+00:00,9629.658203125,-0.0019773010491619188,0.27870218611666686
2020-06-24 00:00:00+00:00,9313.6103515625,-0.033370923273779836,0.29796159916570364
2020-06-25 00:00:00+00:00,9264.8134765625,-0.005253081495321345,0.2919930180975328
2020-06-26 00:00:00+00:00,9162.91796875,-0.011059043986902698,0.29078984071658626
2020-06-27 00:00:00+00:00,9045.390625,-0.012909378740095026,0.29293184791361654
2020-06-28 00:00:00+00:00,9143.58203125,0.010796911071170564,0.2929086471227
2020-06-29 00:00:00+00:00,9190.8544921875,0.0051566968672220465,0.29394273399900483
2020-06-30 00:00:00+00:00,9137.9931640625,-0.005768117633966839,0.29342406009459643
2020-07-01 00:00:00+00:00,9228.3251953125,0.00983678469207803,0.29458772055407734
2020-07-02 00:00:00+00:00,9123.41015625,-0.011433924918011266,0.2229400495578013
2020-07-03 00:00:00+00:00,9087.3037109375,-0.003965412107265914,0.21328986816489914
2020-07-04 00:00:00+00:00,9132.48828125,0.004959953765059784,0.21462046573082186
2020-07-05 00:00:00+00:00,9073.9423828125,-0.006431364974036432,0.21353949389242557
2020-07-06 00:00:00+00:00,9375.474609375,0.032690364054528694,0.2431770588615159
2020-07-07 00:00:00+00:00,9252.27734375,-0.013227475028494522,0.24445250126508514
2020-07-08 00:00:00+00:00,9428.3330078125,0.01884958505462196,0.253586003333814
2020-07-09 00:00:00+00:00,9277.9677734375,-0.016076772716190905,0.2584501913906779
2020-07-10 00:00:00+00:00,9278.8076171875,9.051613040455209e-05,0.254380224574694
2020-07-11 00:00:00+00:00,9240.3466796875,-0.004153644618958577,0.25413152016866203
2020-07-12 00:00:00+00:00,9276.5,0.0039049160883403893,0.2543798340378802
2020-07-13 00:00:00+00:00,9243.6142578125,-0.003551357868856212,0.21692413175500766
2020-07-14 00:00:00+00:00,9243.2138671875,-4.331631390260929e-05,0.21703487984180153
2020-07-15 00:00:00+00:00,9192.8369140625,-0.005465061808117076,0.18534613890167942
2020-07-16 00:00:00+00:00,9132.2275390625,-0.006614939463274875,0.18583432493111998
2020-07-17 00:00:00+00:00,9151.392578125,0.002096417007004295,0.18213311324466985
2020-07-18 00:00:00+00:00,9159.0400390625,0.0008353119275824921,0.17603651869174974
2020-07-19 00:00:00+00:00,9185.8173828125,0.0029193317943758054,0.17236070955709154
2020-07-20 00:00:00+00:00,9164.2314453125,-0.0023526855605594836,0.1716117637155837
2020-07-21 00:00:00+00:00,9374.8876953125,0.022726572419009328,0.18748671304978803
2020-07-22 00:00:00+00:00,9525.36328125,0.015923467431184803,0.19213982363841275
2020-07-23 00:00:00+00:00,9581.072265625,0.005831453188377249,0.18671824363328948
2020-07-24 00:00:00+00:00,9536.892578125,-0.004621806400934839,0.1870107443637035
2020-07-25 00:00:00+00:00,9677.11328125,0.014595935230040647,0.19165926506138628
2020-07-26 00:00:00+00:00,9905.1669921875,0.023292897324558883,0.2011270313685807
2020-07-27 00:00:00+00:00,10990.873046875,0.10400866598506177,0.3908174338887738
2020-07-28 00:00:00+00:00,10912.8232421875,-0.007126663372121388,0.38728220561814874
2020-07-29 00:00:00+00:00,11100.4677734375,0.01704870717725163,0.3866881341473643
2020-07-30 00:00:00+00:00,11111.2138671875,0.0009676074745081875,0.3778481353318419
2020-07-31 00:00:00+00:00,11323.466796875,0.01892242337372686,0.37814429507011343
2020-08-01 00:00:00+00:00,11759.5927734375,0.03779203373214687,0.38690046230656766
2020-08-02 00:00:00+00:00,11053.6142578125,-0.061911857122825646,0.462859400919813
2020-08-03 00:00:00+00:00,11246.3486328125,0.017286053356239672,0.4617376783109847
2020-08-04 00:00:00+00:00,11205.892578125,-0.0036037470015529804,0.46281267878997195
2020-08-05 00:00:00+00:00,11747.0224609375,0.04716003790353572,0.47751578060535255
2020-08-06 00:00:00+00:00,11779.7734375,0.002784144331385825,0.4740773492009594
2020-08-07 00:00:00+00:00,11601.47265625,-0.015251902049187646,0.48243561217461206
2020-08-08 00:00:00+00:00,11754.0458984375,0.013065469924046941,0.48095208775310927
2020-08-09 00:00:00+00:00,11675.7392578125,-0.006684391826167338,0.4843449385485738
2020-08-10 00:00:00+00:00,11878.111328125,0.01718420090459035,0.4820672554747473
2020-08-11 00:00:00+00:00,11410.525390625,-0.04016111286278769,0.5132306099758475
2020-08-12 00:00:00+00:00,11584.9345703125,0.015169300755772669,0.5131156718399954
2020-08-13 00:00:00+00:00,11784.1376953125,0.017048853955416797,0.5136254929112785
2020-08-14 00:00:00+00:00,11768.87109375,-0.001296361228177031,0.5125725672247069
2020-08-15 00:00:00+00:00,11865.6982421875,0.008193734253123777,0.5123311797007428
2020-08-16 00:00:00+00:00,11892.8037109375,0.0022817499658520377,0.5104786188192773
2020-08-17 00:00:00+00:00,12254.40234375,0.029951760409884235,0.3854205152239785
2020-08-18 00:00:00+00:00,11991.2333984375,-0.02170941475499902,0.3944921700470372
2020-08-19 00:00:00+00:00,11758.283203125,-0.01961788699136637,0.4001884556931123
2020-08-20 00:00:00+00:00,11878.3720703125,0.01016132774175868,0.40094154725707404
2020-08-21 00:00:00+00:00,11592.4892578125,-0.024361862793125022,0.40750999887789785
2020-08-22 00:00:00+00:00,11681.8251953125,0.007676821280393403,0.38615481511669564
2020-08-23 00:00:00+00:00,11664.84765625,-0.0014543864269716935,0.31485506929696644
2020-08-24 00:00:00+00:00,11774.595703125,0.009364458635234827,0.3113641778554128
2020-08-25 00:00:00+00:00,11366.134765625,-0.035306004408532356,0.337095330072221
2020-08-26 00:00:00+00:00,11488.36328125,0.010696334763965401,0.29474580965858543
2020-08-27 00:00:00+00:00,11323.3974609375,-0.014463477673961746,0.2979495456960835
2020-08-28 00:00:00+00:00,11542.5,0.01916471859560327,0.30231092623450334
2020-08-29 00:00:00+00:00,11506.865234375,-0.0030920412474540297,0.29850629886271574
2020-08-30 00:00:00+00:00,11711.505859375,0.017627931208674324,0.30450586315217054
2020-08-31 00:00:00+00:00,11680.8203125,-0.0026235581917250007,0.2982064746184603
2020-09-01 00:00:00+00:00,11970.478515625,0.02449528784504093,0.27378069429744867
2020-09-02 00:00:00+00:00,11414.0341796875,-0.04759982836281475,0.3191385624324202
2020-09-03 00:00:00+00:00,10245.296875,-0.108024907829682,0.4833265980281939
2020-09-04 00:00:00+00:00,10511.8134765625,0.02568095890557451,0.495970474784128
2020-09-05 00:00:00+00:00,10169.5673828125,-0.03310004713411871,0.5023196511464565
2020-09-06 00:00:00+00:00,10280.3515625,0.010834787536525494,0.5052503085799666
2020-09-07 00:00:00+00:00,10369.5634765625,0.008640468391535637,0.49083241224654084
2020-09-08 00:00:00+00:00,10131.5166015625,-0.02322390559011147,0.4913949550668557
2020-09-09 00:00:00+00:00,10242.34765625,0.010879835709758444,0.49368076770850366
2020-09-10 00:00:00+00:00,10363.138671875,0.011724294913524443,0.4943775023997261
2020-09-11 00:00:00+00:00,10400.9150390625,0.003638635248421432,0.4911340850262816
2020-09-12 00:00:00+00:00,10442.1708984375,0.003958714499077175,0.4900768882623491
2020-09-13 00:00:00+00:00,10323.755859375,-0.011404867595945653,0.49029448004753484
2020-09-14 00:00:00+00:00,10680.837890625,0.03400365092776386,0.5070496085725582
2020-09-15 00:00:00+00:00,10796.951171875,0.010812510742824319,0.4969764885841643
2020-09-16 00:00:00+00:00,10974.9052734375,0.016347532426243053,0.49923994488719364
2020-09-17 00:00:00+00:00,10948.990234375,-0.002364091830582051,0.4972435551870416
2020-09-18 00:00:00+00:00,10944.5859375,-0.0004023369137903027,0.4915344916923326
2020-09-19 00:00:00+00:00,11094.3466796875,0.013590771382837723,0.4946826114512936
2020-09-20 00:00:00+00:00,10938.271484375,-0.0141678855300922,0.49124855695360886
2020-09-21 00:00:00+00:00,10462.259765625,-0.04449331082805089,0.5115646360722039
2020-09-22 00:00:00+00:00,10538.4599609375,0.0072569445920738825,0.5023388710104736
2020-09-23 00:00:00+00:00,10246.1865234375,-0.028125828810467837,0.48632631100834517
2020-09-24 00:00:00+00:00,10760.06640625,0.04893613643511954,0.3538379611073252
2020-09-25 00:00:00+00:00,10692.716796875,-0.00627888978372976,0.34446402551553273
2020-09-26 00:00:00+00:00,10750.7236328125,0.005410230472935921,0.3217781807733851
2020-09-27 00:00:00+00:00,10775.26953125,0.0022805831897412406,0.3203968519342254
2020-09-28 00:00:00+00:00,10709.65234375,-0.006108227146350323,0.32075725868629507
2020-09-29 00:00:00+00:00,10844.640625,0.01252558330751577,0.3097015152397652
2020-09-30 00:00:00+00:00,10784.4912109375,-0.0055619032310387645,0.3098276552550401
2020-10-01 00:00:00+00:00,10619.4521484375,-0.015421675401221661,0.31384048934986214
2020-10-02 00:00:00+00:00,10575.974609375,-0.004102545378274992,0.3142166578920274
2020-10-03 00:00:00+00:00,10549.3291015625,-0.0025226166977002406,0.3141965014526587
2020-10-04 00:00:00+00:00,10669.5830078125,0.011334718114116692,0.31322594105998813
2020-10-05 00:00:00+00:00,10793.33984375,0.011532279024733388,0.2929214953620523
2020-10-06 00:00:00+00:00,10604.40625,-0.017659664062251813,0.2968686793093421
2020-10-07 00:00:00+00:00,10668.96875,0.006069812450621233,0.2914492697294724
2020-10-08 00:00:00+00:00,10915.685546875,0.022861384647314218,0.30320219199414755
2020-10-09 00:00:00+00:00,11064.4580078125,0.013537193923190284,0.3068760714563812
2020-10-10 00:00:00+00:00,11296.361328125,0.02074267777372715,0.3116771901787801
2020-10-11 00:00:00+00:00,11384.181640625,0.007744148940002064,0.3075818028983324
2020-10-12 00:00:00+00:00,11555.36328125,0.014924866101628098,0.25981198211353185
2020-10-13 00:00:00+00:00,11425.8994140625,-0.011267025530866026,0.26540786093295843
2020-10-14 00:00:00+00:00,11429.5068359375,0.000315673400463534,0.23922879360672838
2020-10-15 00:00:00+00:00,11495.349609375,0.005744241377636975,0.17893497517633614
2020-10-16 00:00:00+00:00,11322.123046875,-0.01518396829079633,0.18730916487181173
2020-10-17 00:00:00+00:00,11358.1015625,0.0031726798498982116,0.1870649999339165
2020-10-18 00:00:00+00:00,11483.359375,0.010967693217915127,0.18927558042137788
2020-10-19 00:00:00+00:00,11742.037109375,0.02227634146506345,0.19737384658234208
2020-10-20 00:00:00+00:00,11916.3349609375,0.014734826605249336,0.1986664556691123
2020-10-21 00:00:00+00:00,12823.689453125,0.07338405430586939,0.3070262366146404
2020-10-22 00:00:00+00:00,12965.8916015625,0.011027987566796663,0.2947613756610584
2020-10-23 00:00:00+00:00,12931.5390625,-0.0026529704553783216,0.2939597899051386
2020-10-24 00:00:00+00:00,13108.0625,0.01355828284978525,0.29088296589299373
2020-10-25 00:00:00+00:00,13031.173828125,-0.0058830252475124915,0.296208092472123
2020-10-26 00:00:00+00:00,13075.248046875,0.0033765071930938885,0.2968570832999628
2020-10-27 00:00:00+00:00,13654.21875,0.04332755896265355,0.30262263908868664
2020-10-28 00:00:00+00:00,13271.28515625,-0.02844584941845549,0.3332667715780517
2020-10-29 00:00:00+00:00,13437.8828125,0.012475103458646658,0.3302998084229036
2020-10-30 00:00:00+00:00,13546.5224609375,0.008052075583308513,0.3300849879279012
2020-10-31 00:00:00+00:00,13780.9951171875,0.01716060814063042,0.32879727622031024
2020-11-01 00:00:00+00:00,13737.109375,-0.003189593193523672,0.3316880220876723
2020-11-02 00:00:00+00:00,13550.4892578125,-0.01367823012311885,0.3398902470685801
2020-11-03 00:00:00+00:00,13950.30078125,0.02907841515337467,0.3404292390536448
2020-11-04 00:00:00+00:00,14133.70703125,0.013061444695718672,0.3389539297618108
2020-11-05 00:00:00+00:00,15579.8486328125,0.09741581080424415,0.45347820660315535
2020-11-06 00:00:00+00:00,15565.880859375,-0.0008969303080480761,0.4443114423616026
2020-11-07 00:00:00+00:00,14833.75390625,-0.04817614127429782,0.4945323630759332
2020-11-08 00:00:00+00:00,15479.5673828125,0.04261566759184631,0.5051627658318346
2020-11-09 00:00:00+00:00,15332.3154296875,-0.009558200327301026,0.510771679333587
2020-11-10 00:00:00+00:00,15290.90234375,-0.002704687109614758,0.5134636503618275
2020-11-11 00:00:00+00:00,15701.33984375,0.026488015591815354,0.4662017534531509
2020-11-12 00:00:00+00:00,16276.34375,0.03596670089126322,0.4750571353880289
2020-11-13 00:00:00+00:00,16317.80859375,0.0025443132057155655,0.4735375205961139
2020-11-14 00:00:00+00:00,16068.138671875,-0.015418716403050705,0.48218345493885034
2020-11-15 00:00:00+00:00,15955.587890625,-0.007029240926094911,0.48266617585479765
2020-11-16 00:00:00+00:00,16716.111328125,0.04656389869041283,0.49852830559900824
2020-11-17 00:00:00+00:00,17645.40625,0.054102475844138374,0.5084407956256803
2020-11-18 00:00:00+00:00,17804.005859375,0.008947999876361636,0.48680577099697
2020-11-19 00:00:00+00:00,17817.08984375,0.0007346200168832048,0.48896069110543006
2020-11-20 00:00:00+00:00,18621.314453125,0.04414876269819295,0.4998240408326381
2020-11-21 00:00:00+00:00,18642.232421875,0.0011227042351799794,0.5020941803549444
2020-11-22 00:00:00+00:00,18370.001953125,-0.014710561659748133,0.5087184977308551
2020-11-23 00:00:00+00:00,18364.12109375,-0.00032018509970887474,0.5016700580767819
2020-11-24 00:00:00+00:00,19107.46484375,0.03968026776556164,0.5068758918199582
2020-11-25 00:00:00+00:00,18732.12109375,-0.019839332374638075,0.5210597839708884
2020-11-26 00:00:00+00:00,17150.623046875,-0.08820525362378571,0.5403985389206866
2020-11-27 00:00:00+00:00,17108.40234375,-0.0024647942560283285,0.5406257862209826
2020-11-28 00:00:00+00:00,17717.4140625,0.034978293300267825,0.5146561057894491
2020-11-29 00:00:00+00:00,18177.484375,0.025635704702410122,0.5037016416269171
2020-11-30 00:00:00+00:00,19625.8359375,0.07666315234015364,0.5527511919876074
2020-12-01 00:00:00+00:00,18802.998046875,-0.04283053060242915,0.5826469797588676
2020-12-02 00:00:00+00:00,19201.091796875,0.020950814137308933,0.5809674639402777
2020-12-03 00:00:00+00:00,19445.3984375,0.012643316046180679,0.5731870050023201
2020-12-04 00:00:00+00:00,18699.765625,-0.039099467524232566,0.5963000374465454
2020-12-05 00:00:00+00:00,19154.23046875,0.024012613075875922,0.5936862598500037
2020-12-06 00:00:00+00:00,19345.12109375,0.009916644389898553,0.5910457001993564
2020-12-07 00:00:00+00:00,19191.630859375,-0.007965956561317785,0.577612472265431
2020-12-08 00:00:00+00:00,18321.14453125,-0.04641845955624486,0.578359473778025
2020-12-09 00:00:00+00:00,18553.916015625,0.012625041029578565,0.5790727429415196
2020-12-10 00:00:00+00:00,18264.9921875,-0.01569464022080565,0.5823002124403849
2020-12-11 00:00:00+00:00,18058.904296875,-0.011347356530151446,0.5620877728822707
2020-12-12 00:00:00+00:00,18803.65625,0.04041245632345914,0.5805380232262887
2020-12-13 00:00:00+00:00,19142.3828125,0.01785353982728499,0.5808104854630423
2020-12-14 00:00:00+00:00,19246.64453125,0.005431863337978572,0.5808675904971679
2020-12-15 00:00:00+00:00,19417.076171875,0.008816158477203611,0.5654329055476401
2020-12-16 00:00:00+00:00,21310.59765625,0.0930515975767781,0.6434510533330964
2020-12-17 00:00:00+00:00,22805.162109375,0.06778242711074886,0.5789211814953715
2020-12-18 00:00:00+00:00,23137.9609375,0.014487680725324005,0.5759762381218301
2020-12-19 00:00:00+00:00,23869.83203125,0.031140804146840156,0.5743979844667892
2020-12-20 00:00:00+00:00,23477.294921875,-0.016581622945616773,0.5823639590592382
2020-12-21 00:00:00+00:00,22803.08203125,-0.029138076932326975,0.5491439519763671
2020-12-22 00:00:00+00:00,23783.029296875,0.04207656794577848,0.5302251265233985
2020-12-23 00:00:00+00:00,23241.345703125,-0.023039436663009637,0.5417916576853559
2020-12-24 00:00:00+00:00,23735.94921875,0.021057908650393337,0.5432684171425068
2020-12-25 00:00:00+00:00,24664.791015625,0.03838601817057906,0.5218263370331904
2020-12-26 00:00:00+00:00,26437.037109375,0.06938918605018134,0.5562314598454378
2020-12-27 00:00:00+00:00,26272.294921875,-0.006250988870123867,0.5610184828347302
2020-12-28 00:00:00+00:00,27084.80859375,0.030458043294241247,0.5573441764730498
2020-12-29 00:00:00+00:00,27362.4375,0.010198176486275929,0.5093776456058989
2020-12-30 00:00:00+00:00,28840.953125,0.05262518188935121,0.5216686714614525
2020-12-31 00:00:00+00:00,29001.720703125,0.005558802229052879,0.5078411169550207
2021-01-01 00:00:00+00:00,29374.15234375,0.012759952848226697,0.4945778166544533
2021-01-02 00:00:00+00:00,32127.267578125,0.08959001114880642,0.5431409273764949
2021-01-03 00:00:00+00:00,32782.0234375,0.020175172403393154,0.5427881364124456
2021-01-04 00:00:00+00:00,31971.9140625,-0.02502246735581663,0.5667806411549055
2021-01-05 00:00:00+00:00,33992.4296875,0.06128001171320478,0.5779045753466855
2021-01-06 00:00:00+00:00,36824.36328125,0.08002182823088061,0.5605472835015503
2021-01-07 00:00:00+00:00,39371.04296875,0.06687092425852742,0.5597003974202777
2021-01-08 00:00:00+00:00,40797.609375,0.0355928898794487,0.5590042444324789
2021-01-09 00:00:00+00:00,40254.546875,-0.01340052262051337,0.5758932631625803
2021-01-10 00:00:00+00:00,38356.44140625,-0.04830048595686678,0.6138988944736381
2021-01-11 00:00:00+00:00,35566.65625,-0.07551390060372581,0.6812134147801698
2021-01-12 00:00:00+00:00,33922.9609375,-0.0473164778588287,0.7161303394173657
2021-01-13 00:00:00+00:00,37316.359375,0.09533972073625589,0.7495528090092706
2021-01-14 00:00:00+00:00,39187.328125,0.048921612778852486,0.7550497046688114
2021-01-15 00:00:00+00:00,36825.3671875,-0.06216649897230796,0.8091096751990493
2021-01-16 00:00:00+00:00,36178.140625,-0.017731847143619858,0.7970581309295589
2021-01-17 00:00:00+00:00,35791.27734375,-0.010750872199338055,0.7987160776332887
2021-01-18 00:00:00+00:00,36630.07421875,0.02316538885922865,0.7973041547843713
2021-01-19 00:00:00+00:00,36069.8046875,-0.015413522880192659,0.8039041439507136
2021-01-20 00:00:00+00:00,35547.75,-0.014579216975338103,0.7960004388469336
2021-01-21 00:00:00+00:00,30825.69921875,-0.14252813081835994,0.9556065076370373
2021-01-22 00:00:00+00:00,33005.76171875,0.06833341147530216,0.9818588755451456
2021-01-23 00:00:00+00:00,32067.642578125,-0.028834641394269323,0.9389043303115933
2021-01-24 00:00:00+00:00,32289.37890625,0.006890847351743181,0.9364162892775517
2021-01-25 00:00:00+00:00,32366.392578125,0.0023822686367903426,0.9322580947461102
2021-01-26 00:00:00+00:00,32569.849609375,0.006266383460683916,0.9062436479477756
2021-01-27 00:00:00+00:00,30432.546875,-0.06787434522440919,0.8820031885913863
2021-01-28 00:00:00+00:00,33466.09765625,0.0950202595471698,0.9172316642098624
2021-01-29 00:00:00+00:00,34316.38671875,0.025090070847817985,0.9116848187194568
2021-01-30 00:00:00+00:00,34269.5234375,-0.0013665573129015413,0.9117792907530406
2021-01-31 00:00:00+00:00,33114.359375,-0.034289423389572346,0.9051793698769434
2021-02-01 00:00:00+00:00,33537.17578125,0.0126875420679964,0.8720175947892674
2021-02-02 00:00:00+00:00,35510.2890625,0.057167938879420434,0.8798867145744944
2021-02-03 00:00:00+00:00,37472.08984375,0.053773897801538996,0.835074729607556
2021-02-04 00:00:00+00:00,36926.06640625,-0.01467867670382311,0.8171900653213549
2021-02-05 00:00:00+00:00,38144.30859375,0.03245885330843299,0.7960881640752634
2021-02-06 00:00:00+00:00,39266.01171875,0.02898274128113115,0.7981833684825592
2021-02-07 00:00:00+00:00,38903.44140625,-0.009276588183404773,0.797858669092323
2021-02-08 00:00:00+00:00,46196.46484375,0.17182056188812328,0.9867448049748357
2021-02-09 00:00:00+00:00,46481.10546875,0.0061426193854515,0.9822761133217766
2021-02-10 00:00:00+00:00,44918.18359375,-0.03420320342962812,0.9912966680325179
2021-02-11 00:00:00+00:00,47909.33203125,0.06446761605839371,0.8338174687506998
2021-02-12 00:00:00+00:00,47504.8515625,-0.008478464657924508,0.821235315969892
2021-02-13 00:00:00+00:00,47105.515625,-0.008441745251820123,0.8097459205096045
2021-02-14 00:00:00+00:00,48717.2890625,0.033643879906238475,0.8102947506150933
2021-02-15 00:00:00+00:00,47945.05859375,-0.015978235928812496,0.817668976695856
2021-02-16 00:00:00+00:00,49199.87109375,0.0258352607407487,0.8167256977192767
2021-02-17 00:00:00+00:00,52149.0078125,0.058214152169521576,0.7614067072665947
2021-02-18 00:00:00+00:00,51679.796875,-0.009038226589304248,0.7264731230642579
2021-02-19 00:00:00+00:00,55888.1328125,0.07828513543693166,0.7534025029866733
2021-02-20 00:00:00+00:00,56099.51953125,0.0037751835203801024,0.751495962924039
2021-02-21 00:00:00+00:00,57539.9453125,0.02535215971053203,0.7215407029429728
2021-02-22 00:00:00+00:00,54207.3203125,-0.05966344725525414,0.7799193931047645
2021-02-23 00:00:00+00:00,48824.42578125,-0.10458524450100902,0.8845437865526049
2021-02-24 00:00:00+00:00,49705.33203125,0.017881495738120444,0.8734718851543604
2021-02-25 00:00:00+00:00,47093.8515625,-0.053969759252051705,0.8996293142395694
2021-02-26 00:00:00+00:00,46339.76171875,-0.016142075456887308,0.9011708372976616
2021-02-27 00:00:00+00:00,46188.453125,-0.0032705424799890207,0.8992042071429798
2021-02-28 00:00:00+00:00,45137.76953125,-0.02301047656676125,0.9037246197412622
2021-03-01 00:00:00+00:00,49631.2421875,0.09490116032713884,0.7539133461281557
2021-03-02 00:00:00+00:00,48378.98828125,-0.025554925208490772,0.7604363668573999
2021-03-03 00:00:00+00:00,50538.2421875,0.043664727693901485,0.7616882298126636
2021-03-04 00:00:00+00:00,48561.16796875,-0.0399061221991278,0.7457190059881449
2021-03-05 00:00:00+00:00,48927.3046875,0.007511420176535919,0.7453115418893175
2021-03-06 00:00:00+00:00,48912.3828125,-0.0003050270395783075,0.7444895914735106
2021-03-07 00:00:00+00:00,51206.69140625,0.0458396233606819,0.7522224317235584
2021-03-08 00:00:00+00:00,52246.5234375,0.020103136515502152,0.7515151095584216
2021-03-09 00:00:00+00:00,54824.1171875,0.048156840253235314,0.7635345749798694
2021-03-10 00:00:00+00:00,56008.55078125,0.021374179798027783,0.7416280529493613
2021-03-11 00:00:00+00:00,57805.12109375,0.031573000390297756,0.7463740019595551
2021-03-12 00:00:00+00:00,57332.08984375,-0.008216872853115568,0.6984571381464606
2021-03-13 00:00:00+00:00,61243.0859375,0.06599046126171279,0.7336931736924134
2021-03-14 00:00:00+00:00,59302.31640625,-0.03220259265928875,0.7398274852366801
2021-03-15 00:00:00+00:00,55907.19921875,-0.05895520841682183,0.7390942000076555
2021-03-16 00:00:00+00:00,56804.90234375,0.015929471547609108,0.6312353533848434
2021-03-17 00:00:00+00:00,58870.89453125,0.03572418708035779,0.6380259281210897
2021-03-18 00:00:00+00:00,57858.921875,-0.017339151916613386,0.6049137843506412
2021-03-19 00:00:00+00:00,58346.65234375,0.008394319050580128,0.5975807495987251
2021-03-20 00:00:00+00:00,58313.64453125,-0.0005658791253751102,0.596841546928978
2021-03-21 00:00:00+00:00,57523.421875,-0.013643904139846409,0.5909494038549039
2021-03-22 00:00:00+00:00,54529.14453125,-0.05345688104443306,0.5492815560665184
2021-03-23 00:00:00+00:00,54738.9453125,0.0038401154329438564,0.5383579658851723
2021-03-24 00:00:00+00:00,52774.265625,-0.036551757777657644,0.5391365722255107
2021-03-25 00:00:00+00:00,51704.16015625,-0.020485432915556448,0.5240755160157331
2021-03-26 00:00:00+00:00,55137.3125,0.06428841931989358,0.5655201253717835
2021-03-27 00:00:00+00:00,55973.51171875,0.015051908974823298,0.5659708247883656
2021-03-28 00:00:00+00:00,55950.74609375,-0.0004068041327035923,0.5477675509567942
2021-03-29 00:00:00+00:00,57750.19921875,0.03165502939331705,0.5534208196956056
2021-03-30 00:00:00+00:00,58917.69140625,0.020014609919984168,0.5338619713328376
2021-03-31 00:00:00+00:00,58918.83203125,1.935944759335448e-05,0.5299282555141155
2021-04-01 00:00:00+00:00,59095.80859375,0.0029992328786879927,0.5192533003871195
2021-04-02 00:00:00+00:00,59384.3125,0.004870090844088338,0.5182881102292294
2021-04-03 00:00:00+00:00,57603.890625,-0.030439981167968613,0.47320006230377937
2021-04-04 00:00:00+00:00,58758.5546875,0.019846643132378484,0.4669216618112475
2021-04-05 00:00:00+00:00,59057.87890625,0.005081207326213134,0.4156856760448562
2021-04-06 00:00:00+00:00,58192.359375,-0.01476389754962159,0.4168907183410439
2021-04-07 00:00:00+00:00,56048.9375,-0.037528870853164246,0.41757060322497325
2021-04-08 00:00:00+00:00,58323.953125,0.03978767570422682,0.4381014977028794
2021-04-09 00:00:00+00:00,58245.00390625,-0.001354549836114697,0.4371553645007782
2021-04-10 00:00:00+00:00,59793.234375,0.026234198096664975,0.4465396349926131
2021-04-11 00:00:00+00:00,60204.96484375,0.006862304387402612,0.44359503012900914
2021-04-12 00:00:00+00:00,59893.453125,-0.005187618998143358,0.3963234941377477
2021-04-13 00:00:00+00:00,63503.45703125,0.05852714345026763,0.43828622351773006
2021-04-14 00:00:00+00:00,63109.6953125,-0.006219938149170958,0.4120563762513789
2021-04-15 00:00:00+00:00,63314.01171875,0.003232251116976691,0.3990070682365229
2021-04-16 00:00:00+00:00,61572.7890625,-0.027886621874568536,0.3663847039986904
2021-04-17 00:00:00+00:00,60683.8203125,-0.014542926101405163,0.3707329632050521
2021-04-18 00:00:00+00:00,56216.18359375,-0.07647243109811933,0.46371290576700364
2021-04-19 00:00:00+00:00,55724.265625,-0.008788979117796622,0.450139440711088
2021-04-20 00:00:00+00:00,56473.03125,0.013347500558966063,0.44666602147971873
2021-04-21 00:00:00+00:00,53906.08984375,-0.04651974554182734,0.4723471151072215
2021-04-22 00:00:00+00:00,51762.2734375,-0.040581883746807136,0.48781096031253146
2021-04-23 00:00:00+00:00,51093.65234375,-0.013001302685204313,0.4865771940609912
2021-04-24 00:00:00+00:00,50050.8671875,-0.020620437180110716,0.4818234875141973
2021-04-25 00:00:00+00:00,49004.25390625,-0.02113272327896639,0.474234909116907
2021-04-26 00:00:00+00:00,54021.75390625,0.09747970680195452,0.5994226548928675
2021-04-27 00:00:00+00:00,55033.1171875,0.01854831914865377,0.6031526625473639
2021-04-28 00:00:00+00:00,54824.703125,-0.0037942553737364284,0.5897502070845485
2021-04-29 00:00:00+00:00,53555.109375,-0.023429673825133245,0.5750672418682751
2021-04-30 00:00:00+00:00,57750.17578125,0.07541518772096198,0.6377015280779399
2021-05-01 00:00:00+00:00,57828.05078125,0.0013475723603123622,0.6303871657304587
2021-05-02 00:00:00+00:00,56631.078125,-0.020916047590224387,0.633032332248755
2021-05-03 00:00:00+00:00,57200.29296875,0.010001102205402288,0.6345298360301893
2021-05-04 00:00:00+00:00,53333.5390625,-0.06999363622377694,0.6357596637423923
2021-05-05 00:00:00+00:00,57424.0078125,0.07389708647447689,0.6967329136660748
2021-05-06 00:00:00+00:00,56396.515625,-0.018055093557641698,0.6976596002828552
2021-05-07 00:00:00+00:00,57356.40234375,0.016877096781434925,0.6968012456302498
2021-05-08 00:00:00+00:00,58803.77734375,0.024921619702789645,0.702223378160473
2021-05-09 00:00:00+00:00,58232.31640625,-0.009765628034028508,0.648446921177802
2021-05-10 00:00:00+00:00,55859.796875,-0.041595541159714526,0.6648698261165942
2021-05-11 00:00:00+00:00,56704.57421875,0.015009957344289306,0.6653114937053178
2021-05-12 00:00:00+00:00,49150.53515625,-0.142967146773037,0.8171922737209469
2021-05-13 00:00:00+00:00,49716.19140625,0.011442928110092723,0.8079876589257999
2021-05-14 00:00:00+00:00,49880.53515625,0.003300186759766157,0.8071437054560362
2021-05-15 00:00:00+00:00,46760.1875,-0.06459870319528387,0.8344306659006159
2021-05-16 00:00:00+00:00,46456.05859375,-0.006525257090234029,0.8320144526093957
2021-05-17 00:00:00+00:00,43537.51171875,-0.0648839844864655,0.7741723333294808
2021-05-18 00:00:00+00:00,42909.40234375,-0.014531934084628221,0.767103067256224
2021-05-19 00:00:00+00:00,37002.44140625,-0.14810707635188664,0.8994810836210329
2021-05-20 00:00:00+00:00,40782.73828125,0.0972750161239599,0.984673221982329
2021-05-21 00:00:00+00:00,37304.69140625,-0.08913981683679192,0.9633228060890167
2021-05-22 00:00:00+00:00,37536.6328125,0.0061982374372439785,0.9648738934627517
2021-05-23 00:00:00+00:00,34770.58203125,-0.07654564579833298,0.9841697567372963
2021-05-24 00:00:00+00:00,38705.98046875,0.10722243682664231,1.078621488708574
2021-05-25 00:00:00+00:00,38402.22265625,-0.007878782581024249,1.062673324005348
2021-05-26 00:00:00+00:00,39294.19921875,0.022961565812768543,1.0224869340083405
2021-05-27 00:00:00+00:00,38436.96875,-0.02205718107153495,1.0225803796363029
2021-05-28 00:00:00+00:00,35697.60546875,-0.07393611150144239,1.0316162017992023
2021-05-29 00:00:00+00:00,34616.06640625,-0.030765691542153008,1.0172431021519048
2021-05-30 00:00:00+00:00,35678.12890625,0.030219944078986264,1.034192891204595
2021-05-31 00:00:00+00:00,37332.85546875,0.04533591723246496,1.058405969417299
2021-06-01 00:00:00+00:00,36684.92578125,-0.01750785357311659,1.0511363912903
2021-06-02 00:00:00+00:00,37575.1796875,0.02397778870231388,0.9618283138948547
2021-06-03 00:00:00+00:00,39208.765625,0.042556616951370016,0.9776138900148534
2021-06-04 00:00:00+00:00,36894.40625,-0.06084038726712561,0.9907008346289756
2021-06-05 00:00:00+00:00,35551.95703125,-0.03706474257477647,0.9776131728966967
2021-06-06 00:00:00+00:00,35862.37890625,0.008693599850188834,0.9803106541642328
2021-06-07 00:00:00+00:00,33560.70703125,-0.06633285563534304,0.9813017841457744
2021-06-08 00:00:00+00:00,33472.6328125,-0.002627775063457771,0.9818412556115812
2021-06-09 00:00:00+00:00,37345.12109375,0.10947410238213756,0.9357283321108465
2021-06-10 00:00:00+00:00,36702.59765625,-0.017354742993128305,0.8680667708810305
2021-06-11 00:00:00+00:00,37334.3984375,0.017067578415986145,0.8147137253061124
2021-06-12 00:00:00+00:00,35552.515625,-0.048904195040405544,0.8316487656652664
2021-06-13 00:00:00+00:00,39097.859375,0.09505680129465752,0.8515743165310029
2021-06-14 00:00:00+00:00,40218.4765625,0.02825878796632069,0.7731469793640637
2021-06-15 00:00:00+00:00,40406.26953125,0.004658453327527578,0.7723836682731149
2021-06-16 00:00:00+00:00,38347.0625,-0.052307031596144006,0.7909505393541796
2021-06-17 00:00:00+00:00,38053.50390625,-0.007684760787668957,0.7877268436360737
2021-06-18 00:00:00+00:00,35787.24609375,-0.06140159139173661,0.7740772387642896
2021-06-19 00:00:00+00:00,35615.87109375,-0.004800219817294286,0.7662094910848062
2021-06-20 00:00:00+00:00,35698.296875,0.0023116253137915738,0.759028113279963
2021-06-21 00:00:00+00:00,31676.693359375,-0.119521795848678,0.8450018188758693
2021-06-22 00:00:00+00:00,32505.66015625,0.025833047609393114,0.852051683021696
2021-06-23 00:00:00+00:00,33723.02734375,0.03676667515561315,0.858800619016349
2021-06-24 00:00:00+00:00,34662.4375,0.027475699857643344,0.849786502507865
2021-06-25 00:00:00+00:00,31637.779296875,-0.09130465397426267,0.8806109577122087
2021-06-26 00:00:00+00:00,32186.27734375,0.01718823840092292,0.8775700749800116
2021-06-27 00:00:00+00:00,34649.64453125,0.0737472744793095,0.9181115269131283
2021-06-28 00:00:00+00:00,34434.3359375,-0.006233262455755746,0.8878578491361238
2021-06-29 00:00:00+00:00,35867.77734375,0.040785121124139886,0.8981615406469211
2021-06-30 00:00:00+00:00,35040.8359375,-0.02332520296585249,0.8142332459992221
2021-07-01 00:00:00+00:00,33572.1171875,-0.04281824560087459,0.8245887377341838
2021-07-02 00:00:00+00:00,33897.046875,0.00963202091343982,0.822567024897994
2021-07-03 00:00:00+00:00,34668.546875,0.022504948021345134,0.8112217596898753
2021-07-04 00:00:00+00:00,35287.78125,0.017703918010918158,0.7363774340863706
2021-07-05 00:00:00+00:00,33746.00390625,-0.04467475626166748,0.7383578204971497
2021-07-06 00:00:00+00:00,34235.1953125,0.014392210079461632,0.7412836251868585
2021-07-07 00:00:00+00:00,33855.328125,-0.011157826650301255,0.7237152935078016
2021-07-08 00:00:00+00:00,32877.37109375,-0.029311778537964177,0.7282386761426546
2021-07-09 00:00:00+00:00,33798.01171875,0.02761736344787324,0.7094375533881906
2021-07-10 00:00:00+00:00,33520.51953125,-0.0082442012335933,0.7096648683856213
2021-07-11 00:00:00+00:00,34240.1875,0.021242252673874872,0.714426211978553
2021-07-12 00:00:00+00:00,33155.84765625,-0.032180926347831006,0.5858758588780991
2021-07-13 00:00:00+00:00,32702.025390625,-0.013782086425800635,0.5817759050636151
2021-07-14 00:00:00+00:00,32822.34765625,0.0036725998364308425,0.566729803251058
2021-07-15 00:00:00+00:00,31780.73046875,-0.032249468356842406,0.5662990776790371
2021-07-16 00:00:00+00:00,31421.5390625,-0.01136653085848622,0.47092896695131764
2021-07-17 00:00:00+00:00,31533.068359375,0.003543169217346287,0.4668894659008934
2021-07-18 00:00:00+00:00,31796.810546875,0.008329203113175575,0.38230291328603894
2021-07-19 00:00:00+00:00,30817.83203125,-0.031272502988710885,0.3937391384930872
2021-07-20 00:00:00+00:00,29807.34765625,-0.033338555734212405,0.36730008969431577
2021-07-21 00:00:00+00:00,32110.693359375,0.07443417235693212,0.46243064368048137
2021-07-22 00:00:00+00:00,32313.10546875,0.006283788882169604,0.441517331771836
2021-07-23 00:00:00+00:00,33581.55078125,0.038503942271904575,0.4618147749940229
2021-07-24 00:00:00+00:00,34292.4453125,0.020948244356669858,0.4608705382527949
2021-07-25 00:00:00+00:00,35350.1875,0.030378619797658737,0.4692014583169337
2021-07-26 00:00:00+00:00,37337.53515625,0.05469542869161192,0.4759844307335707
2021-07-27 00:00:00+00:00,39406.94140625,0.0539428534880362,0.5048529952301661
2021-07-28 00:00:00+00:00,39995.90625,0.01483512651645551,0.5012856023199124
2021-07-29 00:00:00+00:00,40008.421875,0.00031287370059631146,0.48374664248413207
2021-07-30 00:00:00+00:00,42235.546875,0.0541722306526184,0.5046765011513941
2021-07-31 00:00:00+00:00,41626.1953125,-0.014532545375150554,0.5080954872170653
2021-08-01 00:00:00+00:00,39974.89453125,-0.04047804375571393,0.5356069945055103
2021-08-02 00:00:00+00:00,39201.9453125,-0.01952524946480863,0.525530118030886
2021-08-03 00:00:00+00:00,38152.98046875,-0.0271224912051319,0.5344457657308949
2021-08-04 00:00:00+00:00,39747.50390625,0.04094316463847637,0.546676984954943
2021-08-05 00:00:00+00:00,40869.5546875,0.027838357371246687,0.5287211418375835
2021-08-06 00:00:00+00:00,42816.5,0.04653814062641624,0.5345260114291206
2021-08-07 00:00:00+00:00,44555.80078125,0.03981881145877593,0.5397021168682301
2021-08-08 00:00:00+00:00,43798.1171875,-0.017151523902089738,0.5516265755317521
2021-08-09 00:00:00+00:00,46365.40234375,0.056962712090068326,0.5424720450828244
2021-08-10 00:00:00+00:00,45585.03125,-0.01697414139260822,0.5250905970905798
2021-08-11 00:00:00+00:00,45593.63671875,0.0001887605723412682,0.49036012993246936
2021-08-12 00:00:00+00:00,44428.2890625,-0.025891753544200504,0.5111920229603926
2021-08-13 00:00:00+00:00,47793.3203125,0.07300947971891747,0.5439683342855021
2021-08-14 00:00:00+00:00,47096.9453125,-0.014677743757973101,0.5544479719710814
2021-08-15 00:00:00+00:00,47047.00390625,-0.0010609584864258955,0.5542345356603742
2021-08-16 00:00:00+00:00,46004.484375,-0.02240830692116523,0.5465247320959712
2021-08-17 00:00:00+00:00,44695.359375,-0.02886919903458737,0.5377316543484254
2021-08-18 00:00:00+00:00,44801.1875,0.002364966650012081,0.5368834954991648
2021-08-19 00:00:00+00:00,46717.578125,0.04188585333234935,0.5510456391730213
2021-08-20 00:00:00+00:00,49339.17578125,0.05459790698385328,0.5515028443672872
2021-08-21 00:00:00+00:00,48905.4921875,-0.008828701235467067,0.5489926167833316
2021-08-22 00:00:00+00:00,49321.65234375,0.008473475397263706,0.5203347362270793
2021-08-23 00:00:00+00:00,49546.1484375,0.0045413466832814305,0.5096950143556394
2021-08-24 00:00:00+00:00,47706.1171875,-0.03784489433094968,0.5210666086827838
2021-08-25 00:00:00+00:00,48960.7890625,0.02596012195042943,0.5126040828734589
2021-08-26 00:00:00+00:00,46942.21875,-0.0421022974523753,0.5384189069871752
2021-08-27 00:00:00+00:00,49058.66796875,0.04409943030226678,0.5362011468219617
2021-08-28 00:00:00+00:00,48902.40234375,-0.0031903644385737097,0.5230451070658749
2021-08-29 00:00:00+00:00,48829.83203125,-0.0014850847584068098,0.5176873105918477
2021-08-30 00:00:00+00:00,47054.984375,-0.03702463994727715,0.5013520928096793
2021-08-31 00:00:00+00:00,47166.6875,0.002371071858731938,0.4972194354227216
2021-09-01 00:00:00+00:00,48847.02734375,0.03500565378801719,0.5104060288621581
2021-09-02 00:00:00+00:00,49327.72265625,0.00979272478817146,0.4995600962710898
2021-09-03 00:00:00+00:00,50025.375,0.014044128006187486,0.4361175556256677
2021-09-04 00:00:00+00:00,49944.625,-0.0016154849967335088,0.4320868805487888
2021-09-05 00:00:00+00:00,51753.41015625,0.035575435016673145,0.4463690130425049
2021-09-06 00:00:00+00:00,52633.53515625,0.0168631403802205,0.4371303826653787
2021-09-07 00:00:00+00:00,46811.12890625,-0.11723249529729855,0.6027756288433005
2021-09-08 00:00:00+00:00,46091.390625,-0.015494793572991005,0.6058819724721709
2021-09-09 00:00:00+00:00,46391.421875,0.006488390533953229,0.5881937273802559
2021-09-10 00:00:00+00:00,44883.91015625,-0.03303518664446581,0.5628661692017913
2021-09-11 00:00:00+00:00,45201.45703125,0.0070499394103558715,0.5640163598054457
2021-09-12 00:00:00+00:00,46063.26953125,0.01888655452823882,0.567999408183124
2021-09-13 00:00:00+00:00,44963.07421875,-0.024174296052118335,0.5717315344335775
2021-09-14 00:00:00+00:00,47092.4921875,0.046272006777909304,0.584260888102888
2021-09-15 00:00:00+00:00,48176.34765625,0.022754601314508963,0.5825266134092147
2021-09-16 00:00:00+00:00,47783.359375,-0.0081907394359386,0.5637508641298346
2021-09-17 00:00:00+00:00,47267.51953125,-0.010854079709278335,0.5423603219214087
2021-09-18 00:00:00+00:00,48278.36328125,0.02116012615402399,0.5480868372221556
2021-09-19 00:00:00+00:00,47260.21875,-0.021314594702563614,0.5527695648718095
2021-09-20 00:00:00+00:00,42843.80078125,-0.09810793836995628,0.6363374293951695
2021-09-21 00:00:00+00:00,40693.67578125,-0.051488267863326775,0.6560926480614425
2021-09-22 00:00:00+00:00,43574.5078125,0.06839960199678301,0.6922521192098796
2021-09-23 00:00:00+00:00,44895.09765625,0.02985630902322461,0.7012451886227232
2021-09-24 00:00:00+00:00,42839.75,-0.04686219528987527,0.7126166864911605
2021-09-25 00:00:00+00:00,42716.59375,-0.002878952738409655,0.7125012506253345
2021-09-26 00:00:00+00:00,43208.5390625,0.011450682044497961,0.6989195801144168
2021-09-27 00:00:00+00:00,42235.73046875,-0.022771582829569807,0.6942003220634453
2021-09-28 00:00:00+00:00,41034.54296875,-0.028852332947741827,0.5812834291704021
2021-09-29 00:00:00+00:00,41564.36328125,0.012828924814572349,0.5838957123097083
2021-09-30 00:00:00+00:00,43790.89453125,0.05218276011816411,0.6157354172944243
2021-10-01 00:00:00+00:00,48116.94140625,0.09420841893127979,0.6901458773841901
2021-10-02 00:00:00+00:00,47711.48828125,-0.008462113921141138,0.6911784848834444
2021-10-03 00:00:00+00:00,48199.953125,0.010185835179136425,0.6892454947485251
2021-10-04 00:00:00+00:00,49112.90234375,0.018763728593427256,0.684609117144106
2021-10-05 00:00:00+00:00,51514.8125,0.047747610534684515,0.6857697038735532
2021-10-06 00:00:00+00:00,55361.44921875,0.07201410137731079,0.7227300042416895
2021-10-07 00:00:00+00:00,53805.984375,-0.028498794333346032,0.7313461135755405
2021-10-08 00:00:00+00:00,53967.84765625,0.0030037607441677503,0.7289767815311766
2021-10-09 00:00:00+00:00,54968.22265625,0.01836679291081593,0.7283238532015347
2021-10-10 00:00:00+00:00,54771.578125,-0.003583836316874845,0.722456481547291
2021-10-11 00:00:00+00:00,57484.7890625,0.04834896270757248,0.6255615147641688
2021-10-12 00:00:00+00:00,56041.05859375,-0.02543576350608531,0.5970583825390177
2021-10-13 00:00:00+00:00,57401.09765625,0.023978814816483514,0.5662584469668445
2021-10-14 00:00:00+00:00,57321.5234375,-0.0013872457018979745,0.5649673327691146
2021-10-15 00:00:00+00:00,61593.94921875,0.0718874583745788,0.559778270139943
2021-10-16 00:00:00+00:00,60892.1796875,-0.011458884632588321,0.5644430747154433
2021-10-17 00:00:00+00:00,61553.6171875,0.010803865067540788,0.5645259345154022
2021-10-18 00:00:00+00:00,62026.078125,0.007646292349290159,0.5471933834227282
2021-10-19 00:00:00+00:00,64261.9921875,0.03541344366049976,0.5221297623794594
2021-10-20 00:00:00+00:00,65992.8359375,0.026577834542035658,0.5214711810285669
2021-10-21 00:00:00+00:00,62210.171875,-0.059027668390729156,0.5794812141105309
2021-10-22 00:00:00+00:00,60692.265625,-0.02470225108270476,0.5227558738039721
2021-10-23 00:00:00+00:00,61393.6171875,0.011489604888576206,0.5179160475508469
2021-10-24 00:00:00+00:00,60930.8359375,-0.007566491344887265,0.5223343786598348
2021-10-25 00:00:00+00:00,63039.82421875,0.03402727333400422,0.5277814227351811
2021-10-26 00:00:00+00:00,60363.79296875,-0.04337718610106227,0.543922419906645
2021-10-27 00:00:00+00:00,58482.38671875,-0.03166384386368273,0.506372325829093
2021-10-28 00:00:00+00:00,60622.13671875,0.03593449158802419,0.5056859629222411
2021-10-29 00:00:00+00:00,62227.96484375,0.026144375505153635,0.5104739418210557
2021-10-30 00:00:00+00:00,61888.83203125,-0.0054647503804892625,0.5103346747238955
2021-10-31 00:00:00+00:00,61318.95703125,-0.009250698649359285,0.5120010078896786
2021-11-01 00:00:00+00:00,61004.40625,-0.005142950065019365,0.4884215873528164
2021-11-02 00:00:00+00:00,63226.40234375,0.0357758773484733,0.48981369744054076
2021-11-03 00:00:00+00:00,62970.046875,-0.004062805617150114,0.4862800498472526
2021-11-04 00:00:00+00:00,61452.23046875,-0.02439903425460908,0.4961695354198996
2021-11-05 00:00:00+00:00,61125.67578125,-0.005328129187967981,0.4292991444850607
2021-11-06 00:00:00+00:00,61527.48046875,0.006551908440948538,0.4279655300450489
2021-11-07 00:00:00+00:00,63326.98828125,0.028827681539784322,0.43787603427542815
2021-11-08 00:00:00+00:00,67566.828125,0.06480556096155835,0.48990533434823164
2021-11-09 00:00:00+00:00,66971.828125,-0.008845099182201409,0.47807963500727185
2021-11-10 00:00:00+00:00,64995.23046875,-0.02995816542044536,0.48151065604240495
2021-11-11 00:00:00+00:00,64949.9609375,-0.0006967481072823624,0.4324136917053404
2021-11-12 00:00:00+00:00,64155.94140625,-0.012300437518712916,0.42481263035490124
2021-11-13 00:00:00+00:00,64469.52734375,0.00487596370827555,0.42369355096057243
2021-11-14 00:00:00+00:00,65466.83984375,0.015351084638069591,0.42438725983737263
2021-11-15 00:00:00+00:00,63557.87109375,-0.029592905846716044,0.4237962080478302
2021-11-16 00:00:00+00:00,60161.24609375,-0.05492245425158357,0.440382018625755
2021-11-17 00:00:00+00:00,60368.01171875,0.00343096492223367,0.42526986292513225
2021-11-18 00:00:00+00:00,56942.13671875,-0.058423750403308876,0.4536996447690219
2021-11-19 00:00:00+00:00,58119.578125,0.02046697304630566,0.4495142033418034
2021-11-20 00:00:00+00:00,59697.1953125,0.02678245961804076,0.4612416358348536
2021-11-21 00:00:00+00:00,58730.4765625,-0.016326255638854346,0.4633442748934641
2021-11-22 00:00:00+00:00,56289.2890625,-0.042454514477448545,0.4840437048817209
2021-11-23 00:00:00+00:00,57569.07421875,0.022481248103212805,0.4723877010487089
2021-11-24 00:00:00+00:00,56280.42578125,-0.02263871996463873,0.47655354273507683
2021-11-25 00:00:00+00:00,57274.6796875,0.01751183816078035,0.47755725082244566
2021-11-26 00:00:00+00:00,53569.765625,-0.06687380102128215,0.5259083023527794
2021-11-27 00:00:00+00:00,54815.078125,0.02298046960742265,0.5339775696653665
2021-11-28 00:00:00+00:00,57248.45703125,0.043435386277887976,0.5480232633460038
2021-11-29 00:00:00+00:00,57806.56640625,0.009701684218223901,0.49000397651298316
2021-11-30 00:00:00+00:00,57005.42578125,-0.013955922421075117,0.49050962378390683
2021-12-01 00:00:00+00:00,57229.828125,0.003928780734843055,0.48512766505453025
2021-12-02 00:00:00+00:00,56477.81640625,-0.013227302108743101,0.4853244233473711
2021-12-03 00:00:00+00:00,53598.24609375,-0.05233158566534184,0.5103567962030703
2021-12-04 00:00:00+00:00,49200.703125,-0.08560843085516442,0.5727757066187043
2021-12-05 00:00:00+00:00,49368.84765625,0.003411696472447897,0.566825754530826
2021-12-06 00:00:00+00:00,50582.625,0.024288526851428814,0.5780971415138234
2021-12-07 00:00:00+00:00,50700.0859375,0.002319467736866812,0.5567543828649736
2021-12-08 00:00:00+00:00,50504.796875,-0.0038592862213869153,0.5554152116338607
2021-12-09 00:00:00+00:00,47672.12109375,-0.057721555808476536,0.5546246176437607
2021-12-10 00:00:00+00:00,47243.3046875,-0.009035819421615396,0.5445604421427179
2021-12-11 00:00:00+00:00,49362.5078125,0.04388024071672512,0.5620006273774036
2021-12-12 00:00:00+00:00,50098.3359375,0.014796607838164322,0.5672417432208637
2021-12-13 00:00:00+00:00,46737.48046875,-0.06944137030817533,0.595169317546522
2021-12-14 00:00:00+00:00,46612.6328125,-0.002674827620426481,0.5847694273749875
2021-12-15 00:00:00+00:00,48896.72265625,0.04783877809998121,0.6157983766346037
2021-12-16 00:00:00+00:00,47665.42578125,-0.025504064198459072,0.6125109681974206
2021-12-17 00:00:00+00:00,46202.14453125,-0.031180093256039692,0.5815261919215367
2021-12-18 00:00:00+00:00,46848.77734375,0.01389869565630835,0.5764465775624096
2021-12-19 00:00:00+00:00,46707.015625,-0.0030305301841360094,0.5464274185814969
2021-12-20 00:00:00+00:00,46880.27734375,0.003702680378992096,0.5441352102853324
2021-12-21 00:00:00+00:00,48936.61328125,0.042928792887466996,0.5737673872433946
2021-12-22 00:00:00+00:00,48628.51171875,-0.006315834406489169,0.5723442340515741
2021-12-23 00:00:00+00:00,50784.5390625,0.043381939329586325,0.5985209789961845
2021-12-24 00:00:00+00:00,50822.1953125,0.0007412156675569818,0.5734153108329606
2021-12-25 00:00:00+00:00,50429.859375,-0.0077497271989944395,0.48841649264223025
2021-12-26 00:00:00+00:00,50809.515625,0.007500204929835927,0.4888575521032072
2021-12-27 00:00:00+00:00,50640.41796875,-0.003333620966693561,0.48185497833432095
2021-12-28 00:00:00+00:00,47588.85546875,-0.062151426511976506,0.5276193283826894
2021-12-29 00:00:00+00:00,46444.7109375,-0.024336011956341844,0.532774840152583
2021-12-30 00:00:00+00:00,47178.125,0.01566773871313257,0.49910979686275747
2021-12-31 00:00:00+00:00,46306.4453125,-0.018649172756865187,0.5022831969013682
2022-01-01 00:00:00+00:00,47686.8125,0.02937373314776973,0.48828676456043324
2022-01-02 00:00:00+00:00,47345.21875,-0.007189054400021723,0.4848869347117172
2022-01-03 00:00:00+00:00,46458.1171875,-0.018914636695763702,0.42515870363566277
2022-01-04 00:00:00+00:00,45897.57421875,-0.012138934663861074,0.4270885179759897
2022-01-05 00:00:00+00:00,43569.00390625,-0.05206628845481275,0.42412761850396247
2022-01-06 00:00:00+00:00,43160.9296875,-0.009410297303589778,0.4181827627886319
2022-01-07 00:00:00+00:00,41557.90234375,-0.037847988650375176,0.4240934599479651
2022-01-08 00:00:00+00:00,41733.94140625,0.004227048332596754,0.4199532892445697
2022-01-09 00:00:00+00:00,41911.6015625,0.004247935206112907,0.42124860077188797
2022-01-10 00:00:00+00:00,41821.26171875,-0.002157811766201214,0.4201831117531957
2022-01-11 00:00:00+00:00,42735.85546875,0.021633410637439378,0.39501921966756515
2022-01-12 00:00:00+00:00,43949.1015625,0.027993907251911834,0.4126543734289187
2022-01-13 00:00:00+00:00,42591.5703125,-0.03137582795207003,0.382811535231238
2022-01-14 00:00:00+00:00,43099.69921875,0.011859664695822615,0.3880504414812293
2022-01-15 00:00:00+00:00,43177.3984375,0.0018011556222094572,0.3894888123501664
2022-01-16 00:00:00+00:00,43113.87890625,-0.0014722123644015362,0.3863936030130246
2022-01-17 00:00:00+00:00,42250.55078125,-0.02022757169904886,0.38834846362374653
2022-01-18 00:00:00+00:00,42375.6328125,0.002956109256612036,0.33743396810423765
2022-01-19 00:00:00+00:00,41744.328125,-0.01500991044287061,0.3323920519350172
2022-01-20 00:00:00+00:00,40680.41796875,-0.02581674309560386,0.33082503734301055
2022-01-21 00:00:00+00:00,36457.31640625,-0.10960468291543993,0.48506877073204263
2022-01-22 00:00:00+00:00,35030.25,-0.039930188839646726,0.4708929553720514
2022-01-23 00:00:00+00:00,36276.8046875,0.034966573781181565,0.5010303142641593
2022-01-24 00:00:00+00:00,36654.328125,0.010352967106698903,0.506667965183181
2022-01-25 00:00:00+00:00,36954.00390625,0.008142486826951165,0.5110898793717145
2022-01-26 00:00:00+00:00,36852.12109375,-0.0027608244495656064,0.4883816373853795
2022-01-27 00:00:00+00:00,37138.234375,0.007733837890785913,0.4913478578044389
2022-01-28 00:00:00+00:00,37784.33203125,0.017247505090414967,0.48501212474133903
2022-01-29 00:00:00+00:00,38138.1796875,0.00932135173920975,0.486490256010618
2022-01-30 00:00:00+00:00,37917.6015625,-0.005800446457155093,0.485512443373466
2022-01-31 00:00:00+00:00,38483.125,0.014804408066392667,0.49019490705453633
2022-02-01 00:00:00+00:00,38743.2734375,0.006737318502634114,0.4830590323928471
2022-02-02 00:00:00+00:00,36952.984375,-0.04731073995912287,0.4892943421792397
2022-02-03 00:00:00+00:00,37154.6015625,0.005441215831991581,0.48396796151850424
2022-02-04 00:00:00+00:00,41500.875,0.11062688345744714,0.6300703828279504
2022-02-05 00:00:00+00:00,41441.1640625,-0.0014398234837348135,0.6299369911311075
2022-02-06 00:00:00+00:00,42412.43359375,0.02316687651757865,0.6359284743483197
2022-02-07 00:00:00+00:00,43840.28515625,0.033111582709537346,0.6421891603282579
2022-02-08 00:00:00+00:00,44118.4453125,0.006324808965338507,0.6423742931386304
2022-02-09 00:00:00+00:00,44338.796875,0.00498211368199733,0.6394622785043115
2022-02-10 00:00:00+00:00,43565.11328125,-0.01760339378138894,0.6354398280127367
2022-02-11 00:00:00+00:00,42407.9375,-0.026921126055171853,0.5006495095197222
2022-02-12 00:00:00+00:00,42244.46875,-0.00386212183286643,0.4726771984130492
2022-02-13 00:00:00+00:00,42197.515625,-0.001112080209543203,0.46406912452392984
2022-02-14 00:00:00+00:00,42586.91796875,0.009185768314632001,0.46398678533881665
2022-02-15 00:00:00+00:00,44575.203125,0.045630604487240684,0.4827957057037209
2022-02-16 00:00:00+00:00,43961.859375,-0.01385529504989858,0.48768526664023204
2022-02-17 00:00:00+00:00,40538.01171875,-0.08108233071910446,0.5779174932607327
2022-02-18 00:00:00+00:00,40030.9765625,-0.012586526423760572,0.5786522186214662
2022-02-19 00:00:00+00:00,40122.15625,0.002275138191892225,0.5781586432862236
2022-02-20 00:00:00+00:00,38431.37890625,-0.043054421746525254,0.5988608241475031
2022-02-21 00:00:00+00:00,37075.28125,-0.03592381094835431,0.6094329940985862
2022-02-22 00:00:00+00:00,38286.02734375,0.03213453434150656,0.6201585223616959
2022-02-23 00:00:00+00:00,37296.5703125,-0.026183634615420347,0.6042064665201402
2022-02-24 00:00:00+00:00,38332.609375,0.027399579951549815,0.6112434242292395
2022-02-25 00:00:00+00:00,39214.21875,0.022738450595305906,0.4739069965779261
2022-02-26 00:00:00+00:00,39105.1484375,-0.0027852723260769346,0.4738848781197932
2022-02-27 00:00:00+00:00,37709.78515625,-0.036334517924426976,0.47767339833986416
2022-02-28 00:00:00+00:00,43193.234375,0.13576425730332167,0.6743545635409528
2022-03-01 00:00:00+00:00,44354.63671875,0.026533380332524757,0.6806146080852383
2022-03-02 00:00:00+00:00,43924.1171875,-0.009753715935407227,0.6812388149528837
2022-03-03 00:00:00+00:00,42451.7890625,-0.03409447865241336,0.688824635917098
2022-03-04 00:00:00+00:00,39137.60546875,-0.0812852755652355,0.7383341993146537
2022-03-05 00:00:00+00:00,39400.5859375,0.0066969062286334315,0.739232372938209
2022-03-06 00:00:00+00:00,38419.984375,-0.025202937052357023,0.7430271305441046
2022-03-07 00:00:00+00:00,38062.0390625,-0.0093603152707349,0.7415096415570738
2022-03-08 00:00:00+00:00,38737.26953125,0.01758473821596099,0.7233569245568912
2022-03-09 00:00:00+00:00,41982.92578125,0.08046083301385845,0.7829102362565509
2022-03-10 00:00:00+00:00,39437.4609375,-0.06254685680053026,0.7617234523137283
2022-03-11 00:00:00+00:00,38794.97265625,-0.016425482290646415,0.7625551224326684
2022-03-12 00:00:00+00:00,38904.01171875,0.002806706804667275,0.7625904458166322
2022-03-13 00:00:00+00:00,37849.6640625,-0.027475269974984843,0.7537440973912133
2022-03-14 00:00:00+00:00,39666.75390625,0.04689129940953424,0.7595887976648195
2022-03-15 00:00:00+00:00,39338.78515625,-0.00830247189817811,0.7530802854559995
2022-03-16 00:00:00+00:00,41143.9296875,0.044865467674200424,0.7606002435291872
2022-03-17 00:00:00+00:00,40951.37890625,-0.004690916877794194,0.7566329401753893
2022-03-18 00:00:00+00:00,41801.15625,0.020538517974936225,0.7559532785313355
2022-03-19 00:00:00+00:00,42190.65234375,0.009274687432012266,0.7559362811918168
2022-03-20 00:00:00+00:00,41247.82421875,-0.022600322885966202,0.7482486984958048
2022-03-21 00:00:00+00:00,41077.99609375,-0.004125761887466681,0.5754658045433426
2022-03-22 00:00:00+00:00,42358.80859375,0.03070379130997368,0.5782814112649787
2022-03-23 00:00:00+00:00,42892.95703125,0.012531246090632069,0.5797607657789344
2022-03-24 00:00:00+00:00,43960.93359375,0.024593725965785046,0.573326657873927
2022-03-25 00:00:00+00:00,44348.73046875,0.008782716407665668,0.48762747687058505
2022-03-26 00:00:00+00:00,44500.828125,0.0034237154855725296,0.4876963307117921
2022-03-27 00:00:00+00:00,46820.4921875,0.050813175792382204,0.4978015058682057
2022-03-28 00:00:00+00:00,47128.00390625,0.0065464127633699815,0.4932707287675479
2022-03-29 00:00:00+00:00,47465.73046875,0.00714059973919024,0.4926200080238765
2022-03-30 00:00:00+00:00,47062.6640625,-0.0085279952347302,0.4230453442647262
2022-03-31 00:00:00+00:00,45538.67578125,-0.03291800954258311,0.37247875824023263
2022-04-01 00:00:00+00:00,46281.64453125,0.016183454010017757,0.3638326338008207
2022-04-02 00:00:00+00:00,45868.94921875,-0.008957035540670266,0.36836625426089065
2022-04-03 00:00:00+00:00,46453.56640625,0.012664841243046981,0.3454033850424049
2022-04-04 00:00:00+00:00,46622.67578125,0.0036337857461326666,0.3182372154582326
2022-04-05 00:00:00+00:00,45555.9921875,-0.02314486060589607,0.3315141145556088
2022-04-06 00:00:00+00:00,43206.73828125,-0.05294570510057487,0.36241135515538686
2022-04-07 00:00:00+00:00,43503.84765625,0.0068529242315328075,0.36179943729611247
2022-04-08 00:00:00+00:00,42287.6640625,-0.028353972258937266,0.371250183723689
2022-04-09 00:00:00+00:00,42782.13671875,0.011625235289932529,0.3720345896034406
2022-04-10 00:00:00+00:00,42207.671875,-0.013518646577317169,0.36616316870709936
2022-04-11 00:00:00+00:00,39521.90234375,-0.06574699455484899,0.4333004813349419
2022-04-12 00:00:00+00:00,40127.18359375,0.015198991801760951,0.42180441995659834
2022-04-13 00:00:00+00:00,41166.73046875,0.02557641749549052,0.430032359875079
2022-04-14 00:00:00+00:00,39935.515625,-0.030364373354540806,0.4294212100206612
2022-04-15 00:00:00+00:00,40553.46484375,0.015355179227128868,0.43258873757082933
2022-04-16 00:00:00+00:00,40424.484375,-0.0031855728397045674,0.43171452540068256
2022-04-17 00:00:00+00:00,39716.953125,-0.017657522881942136,0.3834922866086224
2022-04-18 00:00:00+00:00,40826.21484375,0.027546268364385663,0.3999613108234505
2022-04-19 00:00:00+00:00,41502.75,0.016435294339235306,0.40531381488004375
2022-04-20 00:00:00+00:00,41374.37890625,-0.003097867846210707,0.4053898644826466
2022-04-21 00:00:00+00:00,40527.36328125,-0.020684439708319406,0.3973409016367292
2022-04-22 00:00:00+00:00,39740.3203125,-0.019611085251918917,0.39198116322148285
2022-04-23 00:00:00+00:00,39486.73046875,-0.006401619327578674,0.3919414025770365
2022-04-24 00:00:00+00:00,39469.29296875,-0.00044170158334548267,0.38618652206996584
2022-04-25 00:00:00+00:00,40458.30859375,0.024749050076096804,0.4006896748852054
2022-04-26 00:00:00+00:00,38117.4609375,-0.05959955698854747,0.43767337853771254
2022-04-27 00:00:00+00:00,39241.12109375,0.029052734994520196,0.42471095724055585
2022-04-28 00:00:00+00:00,39773.828125,0.013483906721524785,0.42757246498163126
2022-04-29 00:00:00+00:00,38609.82421875,-0.02970235366082905,0.4285538856191951
2022-04-30 00:00:00+00:00,37714.875,-0.023452178557919624,0.4293220468987947
2022-05-01 00:00:00+00:00,38469.09375,0.019800580200401846,0.4374118445571494
2022-05-02 00:00:00+00:00,38529.328125,0.0015645616058173508,0.37638726158595087
2022-05-03 00:00:00+00:00,37750.453125,-0.02042224184090012,0.3770452787531127
2022-05-04 00:00:00+00:00,39698.37109375,0.050312677532991644,0.40897586818971576
2022-05-05 00:00:00+00:00,36575.140625,-0.08194136472907673,0.4862112109666991
2022-05-06 00:00:00+00:00,36040.921875,-0.014713780107637159,0.4821247508982536
2022-05-07 00:00:00+00:00,35501.953125,-0.015067299056939674,0.48312548307783315
2022-05-08 00:00:00+00:00,34059.265625,-0.04148559878699712,0.4971051154872177
2022-05-09 00:00:00+00:00,30296.953125,-0.1170549632581505,0.6090848445898018
2022-05-10 00:00:00+00:00,31022.90625,0.023678692386482958,0.6141714684189463
2022-05-11 00:00:00+00:00,28936.35546875,-0.06962706368652095,0.6420897041520376
2022-05-12 00:00:00+00:00,29047.751953125,0.0038423156405122537,0.6459390398499546
2022-05-13 00:00:00+00:00,29283.103515625,0.008069582993285078,0.6510103748167629
2022-05-14 00:00:00+00:00,30101.265625,0.027556540350855446,0.6667963763838819
2022-05-15 00:00:00+00:00,31305.11328125,0.03921422960887751,0.6899000938423071
2022-05-16 00:00:00+00:00,29862.91796875,-0.047163938825930986,0.6878744029780465
2022-05-17 00:00:00+00:00,30425.857421875,0.018675310971867837,0.67650214973787
2022-05-18 00:00:00+00:00,28720.271484375,-0.05768962303395388,0.6789546781290985
2022-05-19 00:00:00+00:00,30314.333984375,0.054017472510896065,0.7138976653564931
2022-05-20 00:00:00+00:00,29200.740234375,-0.03742660999960213,0.7166798896992499
2022-05-21 00:00:00+00:00,29432.2265625,0.007896156156526583,0.7193074175775247
2022-05-22 00:00:00+00:00,30323.72265625,0.02984011653578575,0.7256786334056936
2022-05-23 00:00:00+00:00,29098.91015625,-0.04122961033666706,0.7312182805951887
2022-05-24 00:00:00+00:00,29655.5859375,0.01894978176706928,0.7391093161119273
2022-05-25 00:00:00+00:00,29562.361328125,-0.0031485281301596416,0.7052050635417045
2022-05-26 00:00:00+00:00,29267.224609375,-0.010033699544872113,0.6605435209174382
2022-05-27 00:00:00+00:00,28627.57421875,-0.022097889022563728,0.6616153499419297
2022-05-28 00:00:00+00:00,28814.900390625,0.006522241153916333,0.6641511850122509
2022-05-29 00:00:00+00:00,29445.95703125,0.02166399017895866,0.6623798998118815
2022-05-30 00:00:00+00:00,31726.390625,0.07459222816391974,0.5896142138946409
2022-05-31 00:00:00+00:00,31792.310546875,0.0020756074770069063,0.5844225702030837
2022-06-01 00:00:00+00:00,29799.080078125,-0.06474693067083527,0.5771736047258611
2022-06-02 00:00:00+00:00,30467.48828125,0.02218263391098452,0.581631347864007
2022-06-03 00:00:00+00:00,29704.390625,-0.02536528971019155,0.5889186634803809
2022-06-04 00:00:00+00:00,29832.9140625,0.00431741536890466,0.5810046408798202
2022-06-05 00:00:00+00:00,29906.662109375,0.002468985857085947,0.5630830209813206
2022-06-06 00:00:00+00:00,31370.671875,0.04779217112896654,0.5635703602600892
2022-06-07 00:00:00+00:00,31155.478515625,-0.006883334658869973,0.5611887620984763
2022-06-08 00:00:00+00:00,30214.35546875,-0.030672946983430784,0.5325853049771078
2022-06-09 00:00:00+00:00,30111.998046875,-0.0033934595457949636,0.49854092776109116
2022-06-10 00:00:00+00:00,29083.8046875,-0.03474221923780006,0.4961041384223553
2022-06-11 00:00:00+00:00,28360.810546875,-0.02517319741030233,0.5024965931586747
2022-06-12 00:00:00+00:00,26762.6484375,-0.05800108151881945,0.5245311480571587
2022-06-13 00:00:00+00:00,22487.388671875,-0.17405255177667042,0.7777699799974198
2022-06-14 00:00:00+00:00,22206.79296875,-0.012556416941057361,0.7694464327083614
2022-06-15 00:00:00+00:00,22572.83984375,0.01634917508386348,0.7757773130400671
2022-06-16 00:00:00+00:00,20381.650390625,-0.10211240133010355,0.8348939665754259
2022-06-17 00:00:00+00:00,20471.482421875,0.004397810882562394,0.8379869068051727
2022-06-18 00:00:00+00:00,19017.642578125,-0.07366571122488891,0.8567004018792407
2022-06-19 00:00:00+00:00,20553.271484375,0.07765301952407,0.9110636168815059
2022-06-20 00:00:00+00:00,20599.537109375,0.002248480532576946,0.8518460996723642
2022-06-21 00:00:00+00:00,20710.59765625,0.005376928208097346,0.8530276484272971
2022-06-22 00:00:00+00:00,19987.029296875,-0.03556200532463169,0.8398024497659342
2022-06-23 00:00:00+00:00,21085.876953125,0.053519949652552336,0.8657882187448734
2022-06-24 00:00:00+00:00,21231.65625,0.006889809613761697,0.8693114241431654
2022-06-25 00:00:00+00:00,21502.337890625,0.01266838104662478,0.8722459012510849
2022-06-26 00:00:00+00:00,21027.294921875,-0.02234031636729734,0.870003878320302
2022-06-27 00:00:00+00:00,20735.478515625,-0.013975180844796839,0.8379672590604558
2022-06-28 00:00:00+00:00,20280.634765625,-0.022179692795419582,0.8366901730405185
2022-06-29 00:00:00+00:00,20104.0234375,-0.00874651225988825,0.8367602362638893
2022-06-30 00:00:00+00:00,19784.7265625,-0.016009711756282033,0.834858563498461
2022-07-01 00:00:00+00:00,19269.3671875,-0.02639361166796203,0.8335009335550183
2022-07-02 00:00:00+00:00,19242.255859375,-0.0014079558563739067,0.8355629219262445
2022-07-03 00:00:00+00:00,19297.076171875,0.0028449039765122944,0.8258211749292544
2022-07-04 00:00:00+00:00,20231.26171875,0.04727542718300751,0.6212123740562222
2022-07-05 00:00:00+00:00,20190.115234375,-0.002035878126304793,0.6206760962014938
2022-07-06 00:00:00+00:00,20548.24609375,0.017582449257883936,0.6212133874470341
2022-07-07 00:00:00+00:00,21637.587890625,0.05165639338861742,0.5397232968193513
2022-07-08 00:00:00+00:00,21731.1171875,0.0043132227124235666,0.5397203148499776
2022-07-09 00:00:00+00:00,21592.20703125,-0.0064127411638449485,0.4646587619772032
2022-07-10 00:00:00+00:00,20860.44921875,-0.03447747972502637,0.40552130371968903
2022-07-11 00:00:00+00:00,19970.556640625,-0.04359596339476734,0.4334588501228069
2022-07-12 00:00:00+00:00,19323.9140625,-0.03291562138901987,0.44594719109350184
2022-07-13 00:00:00+00:00,20212.07421875,0.044936759944821686,0.45954762291451706
2022-07-14 00:00:00+00:00,20569.919921875,0.017549651263241726,0.4227060702755479
2022-07-15 00:00:00+00:00,20836.328125,0.012868197042892807,0.4246469473664216
2022-07-16 00:00:00+00:00,21190.31640625,0.016846296291970084,0.4265706163828383
2022-07-17 00:00:00+00:00,20779.34375,-0.01958489970974724,0.42491257636749236
2022-07-18 00:00:00+00:00,22485.689453125,0.07891967823012867,0.5027039352746843
2022-07-19 00:00:00+00:00,23389.43359375,0.03940528200341783,0.5077535637594978
2022-07-20 00:00:00+00:00,23231.732421875,-0.006765243636369361,0.507035515331286
2022-07-21 00:00:00+00:00,23164.62890625,-0.0028926217700481673,0.5015791316852707
2022-07-22 00:00:00+00:00,22714.978515625,-0.019601945764881813,0.4963189424864489
2022-07-23 00:00:00+00:00,22465.478515625,-0.011044710597189035,0.4996911053817811
2022-07-24 00:00:00+00:00,22609.1640625,0.006375470790258249,0.49943743550046255
2022-07-25 00:00:00+00:00,21361.701171875,-0.056755659782032404,0.5245429686830462
2022-07-26 00:00:00+00:00,21239.75390625,-0.0057250438268413185,0.5251081921773482
2022-07-27 00:00:00+00:00,22930.548828125,0.07659542154936112,0.5831700271210097
2022-07-28 00:00:00+00:00,23843.88671875,0.03905783089201425,0.5720579427218911
2022-07-29 00:00:00+00:00,23804.6328125,-0.001647644691440151,0.5724712203126303
2022-07-30 00:00:00+00:00,23656.20703125,-0.006254683466181995,0.572434074868474
2022-07-31 00:00:00+00:00,23336.896484375,-0.013589886059606543,0.558999264613065
2022-08-01 00:00:00+00:00,23314.19921875,-0.0009730647082914476,0.5307698768023126
2022-08-02 00:00:00+00:00,22978.1171875,-0.01452024708261338,0.5168187862905258
2022-08-03 00:00:00+00:00,22846.5078125,-0.005744061707541017,0.5010652243853525
2022-08-04 00:00:00+00:00,22630.95703125,-0.009479525568520927,0.5018500435837644
2022-08-05 00:00:00+00:00,23289.314453125,0.028675899088160428,0.5081011845001723
2022-08-06 00:00:00+00:00,22961.279296875,-0.014185359813054537,0.5105811152219553
2022-08-07 00:00:00+00:00,23175.890625,0.009303252730044901,0.503654134690742
2022-08-08 00:00:00+00:00,23809.486328125,0.02697154534457858,0.43536416620527146
2022-08-09 00:00:00+00:00,23164.318359375,-0.02747099349637511,0.4259025275234153
2022-08-10 00:00:00+00:00,23947.642578125,0.03325679505388167,0.44074423410361274
2022-08-11 00:00:00+00:00,23957.529296875,0.00041276206736784357,0.4404829833773785
2022-08-12 00:00:00+00:00,24402.818359375,0.018415982056898608,0.43709780264947046
2022-08-13 00:00:00+00:00,24424.068359375,0.0008704221288590054,0.43407030154796084
2022-08-14 00:00:00+00:00,24319.333984375,-0.0042973830773317305,0.43490204222734197
2022-08-15 00:00:00+00:00,24136.97265625,-0.00752687118445491,0.3788203495130622
2022-08-16 00:00:00+00:00,23883.291015625,-0.010565706274135412,0.381043206454046
2022-08-17 00:00:00+00:00,23335.998046875,-0.023181944883864696,0.29345300203520225
2022-08-18 00:00:00+00:00,23212.73828125,-0.005295957030778942,0.2588418398235809
2022-08-19 00:00:00+00:00,20877.552734375,-0.10602664190168617,0.4457718171838741
2022-08-20 00:00:00+00:00,21166.060546875,0.013724431302661714,0.4511087146738132
2022-08-21 00:00:00+00:00,21534.12109375,0.017239723512555944,0.45657580926435354
2022-08-22 00:00:00+00:00,21398.908203125,-0.006298802571622582,0.4565288790453856
2022-08-23 00:00:00+00:00,21528.087890625,0.0060185938546632,0.4561558360114013
2022-08-24 00:00:00+00:00,21395.01953125,-0.00620033327852915,0.4561918462272323
2022-08-25 00:00:00+00:00,21600.904296875,0.009577016652955654,0.4576216412958117
2022-08-26 00:00:00+00:00,20260.01953125,-0.06408571655966329,0.4903633359259686
2022-08-27 00:00:00+00:00,20041.73828125,-0.010832449813926528,0.48985017220421195
2022-08-28 00:00:00+00:00,19616.814453125,-0.0214299343072556,0.4889447990482009
2022-08-29 00:00:00+00:00,20297.994140625,0.034134991629983055,0.49596861089460964
2022-08-30 00:00:00+00:00,19796.80859375,-0.02500132778356697,0.4947941578912809
2022-08-31 00:00:00+00:00,20049.763671875,0.012696624168793951,0.4783170535423834
2022-09-01 00:00:00+00:00,20127.140625,0.0038518173635346637,0.4792682430853951
2022-09-02 00:00:00+00:00,19969.771484375,-0.007849479691159277,0.46935726092873825
2022-09-03 00:00:00+00:00,19832.087890625,-0.006918477935497839,0.4679525433808937
2022-09-04 00:00:00+00:00,19986.712890625,0.007766470822269511,0.4716297204835281
2022-09-05 00:00:00+00:00,19812.37109375,-0.008761151996171085,0.47158921164933265
2022-09-06 00:00:00+00:00,18837.66796875,-0.0504480646723607,0.49259857892924674
2022-09-07 00:00:00+00:00,19290.32421875,0.02374515374913594,0.505004163096944
2022-09-08 00:00:00+00:00,19329.833984375,0.00204607030353663,0.5063335513775927
2022-09-09 00:00:00+00:00,21381.15234375,0.10086009766789074,0.5125129210797
2022-09-10 00:00:00+00:00,21680.5390625,0.01390523841339878,0.5125692618882318
2022-09-11 00:00:00+00:00,21769.255859375,0.004083651963045384,0.5093798640947719
2022-09-12 00:00:00+00:00,22370.44921875,0.027242163871664303,0.5169204445428744
2022-09-13 00:00:00+00:00,20296.70703125,-0.09728219892342403,0.6205609502551108
2022-09-14 00:00:00+00:00,20241.08984375,-0.0027439686753737906,0.620438146959217
2022-09-15 00:00:00+00:00,19701.2109375,-0.02703458624126178,0.624304960909113
2022-09-16 00:00:00+00:00,19772.583984375,0.0036162281734326176,0.585578480454624
2022-09-17 00:00:00+00:00,20127.576171875,0.017794492715736767,0.5880121153031813
2022-09-18 00:00:00+00:00,19419.505859375,-0.03581280604750071,0.5967257829640759
2022-09-19 00:00:00+00:00,19544.12890625,0.006396912022913548,0.5840527715398465
2022-09-20 00:00:00+00:00,18890.7890625,-0.03400047754708742,0.5893644977938377
2022-09-21 00:00:00+00:00,18547.400390625,-0.018344813515223775,0.589267756678766
2022-09-22 00:00:00+00:00,19413.55078125,0.045641677549128984,0.6133151431906666
2022-09-23 00:00:00+00:00,19297.638671875,-0.00598857629671097,0.61311461446346
2022-09-24 00:00:00+00:00,18937.01171875,-0.018864440709329067,0.6158034890734245
2022-09-25 00:00:00+00:00,18802.09765625,-0.007149858037088313,0.6149291777170198
2022-09-26 00:00:00+00:00,19222.671875,0.022121968157295297,0.6205070625319339
2022-09-27 00:00:00+00:00,19110.546875,-0.005850034170169328,0.5948250479737729
2022-09-28 00:00:00+00:00,19426.720703125,0.016409099157190264,0.5917765836378496
2022-09-29 00:00:00+00:00,19573.05078125,0.007504185755091534,0.5922772109078841
2022-09-30 00:00:00+00:00,19431.7890625,-0.007243323491751529,0.4667835153877317
2022-10-01 00:00:00+00:00,19312.095703125,-0.006178716506548767,0.4619367443410209
2022-10-02 00:00:00+00:00,19044.107421875,-0.013973887936277964,0.46144711214484896
2022-10-03 00:00:00+00:00,19623.580078125,0.0299741763073446,0.4640441744267896
2022-10-04 00:00:00+00:00,20336.84375,0.035702295702777984,0.34992726354391634
2022-10-05 00:00:00+00:00,20160.716796875,-0.00869820607502516,0.3511415159232597
2022-10-06 00:00:00+00:00,19955.443359375,-0.010234041758595132,0.3395908470247845
2022-10-07 00:00:00+00:00,19546.849609375,-0.020687828067475794,0.3472309515462434
2022-10-08 00:00:00+00:00,19416.568359375,-0.0066873874171619555,0.34124208650909754
2022-10-09 00:00:00+00:00,19446.42578125,0.0015365479891413887,0.3179474619338192
2022-10-10 00:00:00+00:00,19141.484375,-0.01580535214708789,0.32165778227244657
2022-10-11 00:00:00+00:00,19051.41796875,-0.004716403712704758,0.2989899553885054
2022-10-12 00:00:00+00:00,19157.4453125,0.005549896374470987,0.2914745760828669
2022-10-13 00:00:00+00:00,19382.904296875,0.011700026522297709,0.24710579445386957
2022-10-14 00:00:00+00:00,19185.65625,-0.010228526229371489,0.2488148334960039
2022-10-15 00:00:00+00:00,19067.634765625,-0.006170546675591737,0.2406171628462633
2022-10-16 00:00:00+00:00,19268.09375,0.010458171486817167,0.24145254782236622
2022-10-17 00:00:00+00:00,19550.7578125,0.014563494131467007,0.23450651675055892
2022-10-18 00:00:00+00:00,19334.416015625,-0.011127327349328565,0.2370920930563874
2022-10-19 00:00:00+00:00,19139.53515625,-0.010130621895940859,0.23251113866146575
2022-10-20 00:00:00+00:00,19053.740234375,-0.004492679159130498,0.230879720493076
2022-10-21 00:00:00+00:00,19172.46875,0.00621191065339352,0.231205828544186
2022-10-22 00:00:00+00:00,19208.189453125,0.0018613913940529582,0.23045520964850738
2022-10-23 00:00:00+00:00,19567.0078125,0.01850815095417208,0.23354355747760566
2022-10-24 00:00:00+00:00,19345.572265625,-0.011381303255268389,0.2125377928438777
2022-10-25 00:00:00+00:00,20095.857421875,0.038050125599863024,0.21769473609252302
2022-10-26 00:00:00+00:00,20770.44140625,0.033017194358947406,0.2443890703476304
2022-10-27 00:00:00+00:00,20285.8359375,-0.023607984321621485,0.25651441879827275
2022-10-28 00:00:00+00:00,20595.3515625,0.015142492579417856,0.24863589845476136
2022-10-29 00:00:00+00:00,20818.4765625,0.010775490653264773,0.247873766819701
2022-10-30 00:00:00+00:00,20635.603515625,-0.008822978719624204,0.2513856741420484
2022-10-31 00:00:00+00:00,20495.7734375,-0.006799218852899474,0.24482548667074078
2022-11-01 00:00:00+00:00,20485.2734375,-0.0005124320157945651,0.2435304482578615
2022-11-02 00:00:00+00:00,20159.50390625,-0.01603042401585493,0.2525006906131534
2022-11-03 00:00:00+00:00,20209.98828125,0.002501116490787244,0.2502451327843888
2022-11-04 00:00:00+00:00,21147.23046875,0.04533199824767065,0.28733103324246106
2022-11-05 00:00:00+00:00,21282.69140625,0.006385182519711849,0.2846608339764252
2022-11-06 00:00:00+00:00,20926.486328125,-0.01687848726805324,0.293938865017823
2022-11-07 00:00:00+00:00,20602.81640625,-0.015587859865227252,0.29871574579845267
2022-11-08 00:00:00+00:00,18541.271484375,-0.10542864681146098,0.4778264225240618
2022-11-09 00:00:00+00:00,15880.7802734375,-0.15488954817014716,0.7137641609018872
2022-11-10 00:00:00+00:00,17586.771484375,0.1020374090112842,0.8108282788070502
2022-11-11 00:00:00+00:00,17034.29296875,-0.03191845360130116,0.815631546103439
2022-11-12 00:00:00+00:00,16799.185546875,-0.013898139747380939,0.8156345522770254
2022-11-13 00:00:00+00:00,16353.365234375,-0.026896704984698754,0.8133390553897919
2022-11-14 00:00:00+00:00,16618.19921875,0.016064732404599078,0.8176778230529489
2022-11-15 00:00:00+00:00,16884.61328125,0.01590431717951544,0.8057350652441978
2022-11-16 00:00:00+00:00,16669.439453125,-0.012825680370738035,0.7916482372852633
2022-11-17 00:00:00+00:00,16687.517578125,0.0010839194206494296,0.791107306278632
2022-11-18 00:00:00+00:00,16697.77734375,0.0006146278457023498,0.7870423687036687
2022-11-19 00:00:00+00:00,16711.546875,0.0008242927596795972,0.7844849538746255
2022-11-20 00:00:00+00:00,16291.83203125,-0.02543603029442077,0.786156226922194
2022-11-21 00:00:00+00:00,15787.2841796875,-0.03145906258707414,0.7890310444473225
2022-11-22 00:00:00+00:00,16189.76953125,0.02517471508039186,0.7988753845510607
2022-11-23 00:00:00+00:00,16610.70703125,0.025667956985737504,0.8087011037723549
2022-11-24 00:00:00+00:00,16604.46484375,-0.00037586363225689277,0.8082369645361138
2022-11-25 00:00:00+00:00,16521.841796875,-0.004988374895103048,0.783761764442707
2022-11-26 00:00:00+00:00,16464.28125,-0.0034899891216231276,0.7816257518284927
2022-11-27 00:00:00+00:00,16444.626953125,-0.0011944668045808346,0.7823368788097794
2022-11-28 00:00:00+00:00,16217.322265625,-0.013918848240971523,0.7822477355712362
2022-11-29 00:00:00+00:00,16444.982421875,0.01394046411034608,0.7071379931010787
2022-11-30 00:00:00+00:00,17168.56640625,0.043059766583943886,0.4755122607033034
2022-12-01 00:00:00+00:00,16967.1328125,-0.011802068595367332,0.3155250807515671
2022-12-02 00:00:00+00:00,17088.66015625,0.007136986045805121,0.29686193174201775
2022-12-03 00:00:00+00:00,16908.236328125,-0.010614234867796273,0.29511646081918563
2022-12-04 00:00:00+00:00,17130.486328125,0.01305884246336571,0.2808186055979274
2022-12-05 00:00:00+00:00,16974.826171875,-0.009128269217154126,0.2787112396566664
2022-12-06 00:00:00+00:00,17089.50390625,0.006733035250819497,0.2743122994638329
2022-12-07 00:00:00+00:00,16848.126953125,-0.014224977832437721,0.2752149169165335
2022-12-08 00:00:00+00:00,17233.474609375,0.022614200081039638,0.2856895221784539
2022-12-09 00:00:00+00:00,17133.15234375,-0.005838370505888547,0.28682318006323076
2022-12-10 00:00:00+00:00,17128.724609375,-0.00025846420531521353,0.28686679411244237
2022-12-11 00:00:00+00:00,17104.193359375,-0.00143319679738864,0.2703894571130434
2022-12-12 00:00:00+00:00,17206.4375,0.0059599279123048595,0.24096281157106111
2022-12-13 00:00:00+00:00,17781.318359375,0.03286478873072886,0.25071295392901266
2022-12-14 00:00:00+00:00,17815.650390625,0.0019289306421712124,0.23861157734762622
2022-12-15 00:00:00+00:00,17364.865234375,-0.02562838102102438,0.25874516679597914
2022-12-16 00:00:00+00:00,16647.484375,-0.04218980898149945,0.30038615126277257
2022-12-17 00:00:00+00:00,16795.091796875,0.008827572352892032,0.3014253253626535
2022-12-18 00:00:00+00:00,16757.9765625,-0.002212331171359141,0.3015370561110056
2022-12-19 00:00:00+00:00,16439.6796875,-0.01917645189485355,0.3053187250679525
2022-12-20 00:00:00+00:00,16906.3046875,0.027988705082472278,0.3166912273841859
2022-12-21 00:00:00+00:00,16817.53515625,-0.005264509420176635,0.2783586404030357
2022-12-22 00:00:00+00:00,16830.341796875,0.0007612154110786702,0.27559487085021267
2022-12-23 00:00:00+00:00,16796.953125,-0.0019858084288219657,0.2742660525228004
2022-12-24 00:00:00+00:00,16847.755859375,0.0030199561547248985,0.2721900127379812
2022-12-25 00:00:00+00:00,16841.986328125,-0.0003425096739709631,0.26790814881814723
2022-12-26 00:00:00+00:00,16919.8046875,0.004609855984671537,0.2667571963828257
2022-12-27 00:00:00+00:00,16717.173828125,-0.012048246868378581,0.26857476197812513
2022-12-28 00:00:00+00:00,16552.572265625,-0.009895050300250239,0.26630751099637956
2022-12-29 00:00:00+00:00,16642.341796875,0.00540864482551941,0.25357759181173295
2022-12-30 00:00:00+00:00,16602.5859375,-0.002391695878759684,0.25314306730283226
2022-12-31 00:00:00+00:00,16547.49609375,-0.003323665649558149,0.25317665114767884
2023-01-01 00:00:00+00:00,16625.080078125,0.00467760631157723,0.2541239215139985
2023-01-02 00:00:00+00:00,16688.470703125,0.003805700684704715,0.2534515079486953
2023-01-03 00:00:00+00:00,16679.857421875,-0.0005162548994983624,0.22076886248984912
2023-01-04 00:00:00+00:00,16863.23828125,0.010934153962035356,0.22547899654821904
2023-01-05 00:00:00+00:00,16836.736328125,-0.0015728177184386805,0.20936776881499727
2023-01-06 00:00:00+00:00,16951.96875,0.006820792235553174,0.14956121911414452
2023-01-07 00:00:00+00:00,16955.078125,0.00018340582830352,0.14673203565049311
2023-01-08 00:00:00+00:00,17091.14453125,0.00799308234902105,0.14864397453371803
2023-01-09 00:00:00+00:00,17196.5546875,0.006148589187306557,0.1302106837083026
2023-01-10 00:00:00+00:00,17446.29296875,0.014418133870887372,0.10161794607773138
2023-01-11 00:00:00+00:00,17934.896484375,0.02762115049773119,0.13304238604425248
2023-01-12 00:00:00+00:00,18869.587890625,0.05080318049018759,0.2117729409311975
2023-01-13 00:00:00+00:00,19909.57421875,0.053649212803668606,0.2675280998876004
2023-01-14 00:00:00+00:00,20976.298828125,0.052192440560842025,0.3070786125001951
2023-01-15 00:00:00+00:00,20880.798828125,-0.0045631527773636734,0.3092855388223106
2023-01-16 00:00:00+00:00,21169.6328125,0.013737719952276949,0.30880937761284205
2023-01-17 00:00:00+00:00,21161.51953125,-0.00038332437933474676,0.300529082915993
2023-01-18 00:00:00+00:00,20688.78125,-0.02259283115330066,0.314660072707688
2023-01-19 00:00:00+00:00,21086.79296875,0.019055334102897954,0.31536183548670227
2023-01-20 00:00:00+00:00,22676.552734375,0.0726845526110478,0.3758206191879619
2023-01-21 00:00:00+00:00,22777.625,0.004447222994453112,0.37203173637637205
2023-01-22 00:00:00+00:00,22720.416015625,-0.002514790230431855,0.3754177869643822
2023-01-23 00:00:00+00:00,22934.431640625,0.00937544219856928,0.3738412457855472
2023-01-24 00:00:00+00:00,22636.46875,-0.013077079200906103,0.3828916345037189
2023-01-25 00:00:00+00:00,23117.859375,0.021043184701323544,0.3832929500792458
2023-01-26 00:00:00+00:00,23032.77734375,-0.003687148593844675,0.38451442104866335
2023-01-27 00:00:00+00:00,23078.728515625,0.001993046474165044,0.3861561498608022
2023-01-28 00:00:00+00:00,23031.08984375,-0.002066314313093378,0.3872981144276535
2023-01-29 00:00:00+00:00,23774.56640625,0.03177133538504421,0.39094110414088323
2023-01-30 00:00:00+00:00,22840.138671875,-0.040096914665951826,0.4354877086022402
2023-01-31 00:00:00+00:00,23139.283203125,0.013012288539514132,0.4354781944047798
2023-02-01 00:00:00+00:00,23723.76953125,0.024945734590003956,0.4344785153794894
2023-02-02 00:00:00+00:00,23471.87109375,-0.010674749877368259,0.4195903943311637
2023-02-03 00:00:00+00:00,23449.322265625,-0.000961136247671562,0.39027566540037284
2023-02-04 00:00:00+00:00,23331.84765625,-0.0050223137428644544,0.35718477175864943
2023-02-05 00:00:00+00:00,22955.666015625,-0.016254488231275857,0.3633988561642701
2023-02-06 00:00:00+00:00,22760.109375,-0.008555376421285297,0.36447108655122296
2023-02-07 00:00:00+00:00,23264.291015625,0.02191019571493288,0.36966181721128827
2023-02-08 00:00:00+00:00,22939.3984375,-0.014063722484005989,0.36290114655744327
2023-02-09 00:00:00+00:00,21819.0390625,-0.05007294792111713,0.4054787788377605
2023-02-10 00:00:00+00:00,21651.18359375,-0.0077228177249046275,0.31306981577635984
2023-02-11 00:00:00+00:00,21870.875,0.010095720621826006,0.3151860393815952
2023-02-12 00:00:00+00:00,21788.203125,-0.0037871607629455096,0.31524637243433495
2023-02-13 00:00:00+00:00,21808.1015625,0.0009128497942385424,0.31275362282991725
2023-02-14 00:00:00+00:00,22220.8046875,0.018747466050136215,0.3184400246822634
2023-02-15 00:00:00+00:00,24307.841796875,0.08977000786319626,0.44278445131196076
2023-02-16 00:00:00+00:00,23623.474609375,-0.028558101481565734,0.4552908836883198
2023-02-17 00:00:00+00:00,24565.6015625,0.03910624942610064,0.4738720349329274
2023-02-18 00:00:00+00:00,24641.27734375,0.0030758236488141917,0.47351766955065666
2023-02-19 00:00:00+00:00,24327.642578125,-0.01280971909443967,0.46474788082401003
2023-02-20 00:00:00+00:00,24829.1484375,0.02040504474431612,0.44397418140909495
2023-02-21 00:00:00+00:00,24436.353515625,-0.015946381537723795,0.4478639517989139
2023-02-22 00:00:00+00:00,24188.84375,-0.010180396881003117,0.44227341647985224
2023-02-23 00:00:00+00:00,23947.4921875,-0.010027916762018151,0.4420652960427829
2023-02-24 00:00:00+00:00,23198.126953125,-0.03179206740644356,0.4564178142015127
2023-02-25 00:00:00+00:00,23175.375,-0.000981248083164121,0.45612932821536006
2023-02-26 00:00:00+00:00,23561.212890625,0.016511545833869257,0.4558294655635365
2023-02-27 00:00:00+00:00,23522.87109375,-0.001628652491694882,0.4545838356046486
2023-02-28 00:00:00+00:00,23147.353515625,-0.016092730875103014,0.4522140833468407
2023-03-01 00:00:00+00:00,23646.55078125,0.021336804939163678,0.455196506269419
2023-03-02 00:00:00+00:00,23475.466796875,-0.007261350209481709,0.4166734432973694
2023-03-03 00:00:00+00:00,22362.6796875,-0.04856242572977136,0.45295172854501414
2023-03-04 00:00:00+00:00,22353.349609375,-0.0004173035221196778,0.4519123997281692
2023-03-05 00:00:00+00:00,22435.513671875,0.00366895467532336,0.4516471208519224
2023-03-06 00:00:00+00:00,22429.7578125,-0.0002565841781915384,0.4516809886362483
2023-03-07 00:00:00+00:00,22219.76953125,-0.009406138966041635,0.44852649563277397
2023-03-08 00:00:00+00:00,21718.080078125,-0.022837315061132093,0.31399661401853696
2023-03-09 00:00:00+00:00,20363.021484375,-0.06442451332853331,0.36741509068456696
2023-03-10 00:00:00+00:00,20187.244140625,-0.00866965688311379,0.32678339004085705
2023-03-11 00:00:00+00:00,20632.41015625,0.021812221244110887,0.34185632724376974
2023-03-12 00:00:00+00:00,22163.94921875,0.07160391184533008,0.43944363684526283
2023-03-13 00:00:00+00:00,24197.533203125,0.08778363436848541,0.5383001248945566
2023-03-14 00:00:00+00:00,24746.07421875,0.02241616479750579,0.5414771588305615
2023-03-15 00:00:00+00:00,24375.9609375,-0.015069419825617957,0.5429663854160218
2023-03-16 00:00:00+00:00,25052.7890625,0.027387721969650478,0.5493729215657465
2023-03-17 00:00:00+00:00,27423.9296875,0.09043081735478727,0.6136235389769916
2023-03-18 00:00:00+00:00,26965.87890625,-0.016843655914946763,0.6189756531262582
2023-03-19 00:00:00+00:00,28038.67578125,0.03901251239696352,0.6280753452197038
2023-03-20 00:00:00+00:00,27767.236328125,-0.009728058677075274,0.6303088534721601
2023-03-21 00:00:00+00:00,28175.81640625,0.014607259457310753,0.6245302216082204
2023-03-22 00:00:00+00:00,27307.4375,-0.031304934786025286,0.6382830314659924
2023-03-23 00:00:00+00:00,28333.97265625,0.03690243092144147,0.6442831125344518
2023-03-24 00:00:00+00:00,27493.28515625,-0.03011973318555565,0.6264580141232985
2023-03-25 00:00:00+00:00,27494.70703125,5.171583626720892e-05,0.6263633935577041
2023-03-26 00:00:00+00:00,27994.330078125,0.01800847790347154,0.6265477849242455
2023-03-27 00:00:00+00:00,27139.888671875,-0.030997440056033318,0.642079852110473
2023-03-28 00:00:00+00:00,27268.130859375,0.004714100093914092,0.6388131741223539
2023-03-29 00:00:00+00:00,28348.44140625,0.03885339931269162,0.6348950978891084
2023-03-30 00:00:00+00:00,28033.5625,-0.011169598741333131,0.5776152088807474
2023-03-31 00:00:00+00:00,28478.484375,0.015746414888453637,0.5710449227402228
2023-04-01 00:00:00+00:00,28411.03515625,-0.0023712364214005313,0.5742850169244966
2023-04-02 00:00:00+00:00,28199.30859375,-0.007480171844976413,0.5408457921208527
2023-04-03 00:00:00+00:00,27790.220703125,-0.014613274150394037,0.47054326628800575
2023-04-04 00:00:00+00:00,28168.08984375,0.01350558587463783,0.4677718462770289
2023-04-05 00:00:00+00:00,28177.984375,0.0003512057047058866,0.4619645942021223
2023-04-06 00:00:00+00:00,28044.140625,-0.004761257346579407,0.4574029216932926
2023-04-07 00:00:00+00:00,27925.859375,-0.00422660089629551,0.33740077462640433
2023-04-08 00:00:00+00:00,27947.794921875,0.0007851839396583646,0.33121318047827863
2023-04-09 00:00:00+00:00,28333.05078125,0.01369069252890777,0.3059232394896649
2023-04-10 00:00:00+00:00,29652.98046875,0.045533646757390224,0.34058106424945644
2023-04-11 00:00:00+00:00,30235.05859375,0.019439489564332186,0.34303559256231225
2023-04-12 00:00:00+00:00,30139.052734375,-0.0031803678161343176,0.32030869168693643
2023-04-13 00:00:00+00:00,30399.06640625,0.008590133768281546,0.2987305787830467
2023-04-14 00:00:00+00:00,30485.69921875,0.002845797962018112,0.27290346527097215
2023-04-15 00:00:00+00:00,30318.49609375,-0.0054997371675221595,0.27482204072278876
2023-04-16 00:00:00+00:00,30315.35546875,-0.00010359312238552485,0.2708672634202609
2023-04-17 00:00:00+00:00,29445.044921875,-0.02912872327682135,0.2679041644972164
2023-04-18 00:00:00+00:00,30397.552734375,0.03183646099781629,0.2849015043790355
2023-04-19 00:00:00+00:00,28822.6796875,-0.05319953662867234,0.3236129954820971
2023-04-20 00:00:00+00:00,28245.98828125,-0.020211126619281063,0.32928911292229773
2023-04-21 00:00:00+00:00,27276.91015625,-0.034910877271712444,0.34580752697381306
2023-04-22 00:00:00+00:00,27817.5,0.019624756556398195,0.3538533709688984
2023-04-23 00:00:00+00:00,27591.384765625,-0.008161741227378502,0.35401834872620236
2023-04-24 00:00:00+00:00,27525.33984375,-0.0023965485595713668,0.35062887418888
2023-04-25 00:00:00+00:00,28307.59765625,0.02802320777395386,0.3613551260630329
2023-04-26 00:00:00+00:00,28422.701171875,0.004057925868580612,0.36159816760072444
2023-04-27 00:00:00+00:00,29473.787109375,0.03631313286229464,0.3816333725225274
2023-04-28 00:00:00+00:00,29340.26171875,-0.004540602889751968,0.3817032798635776
2023-04-29 00:00:00+00:00,29248.48828125,-0.0031328032278842735,0.3821470547393177
2023-04-30 00:00:00+00:00,29268.806640625,0.0006944394889976754,0.37985373162500946
2023-05-01 00:00:00+00:00,28091.568359375,-0.041052856211014906,0.37185777860018593
2023-05-02 00:00:00+00:00,28680.537109375,0.020749270291120427,0.372861157877325
2023-05-03 00:00:00+00:00,29006.30859375,0.011294600825028724,0.37589424693073575
2023-05-04 00:00:00+00:00,28847.7109375,-0.005482697825375376,0.37413864444524314
2023-05-05 00:00:00+00:00,29534.384765625,0.02352452363535224,0.3845696439220264
2023-05-06 00:00:00+00:00,28904.623046875,-0.02155362050914689,0.39064147320922443
2023-05-07 00:00:00+00:00,28454.978515625,-0.015678412319992844,0.3932680541005113
2023-05-08 00:00:00+00:00,27694.2734375,-0.027097480312589104,0.3916281676894418
2023-05-09 00:00:00+00:00,27658.775390625,-0.0012826051136456092,0.3708478516926224
2023-05-10 00:00:00+00:00,27621.755859375,-0.0013393336115541375,0.3258106035648677
2023-05-11 00:00:00+00:00,27000.7890625,-0.0227376278728039,0.32769943015443137
2023-05-12 00:00:00+00:00,26804.990234375,-0.007278017155925187,0.3061612294723745
2023-05-13 00:00:00+00:00,26784.078125,-0.0007804618022563855,0.29700597953172897
2023-05-14 00:00:00+00:00,26930.638671875,0.0054570113859458225,0.2970788409611394
2023-05-15 00:00:00+00:00,27192.693359375,0.009683688179724162,0.299380754125827
2023-05-16 00:00:00+00:00,27036.650390625,-0.005754943306692564,0.28102302558664194
2023-05-17 00:00:00+00:00,27398.802734375,0.013305949198470446,0.2854045248634968
2023-05-18 00:00:00+00:00,26832.208984375,-0.020896322938492334,0.25663244327583196
2023-05-19 00:00:00+00:00,26890.12890625,0.0021562704301694635,0.2576561676004957
2023-05-20 00:00:00+00:00,27129.5859375,0.008865600285434393,0.26157702651679166
2023-05-21 00:00:00+00:00,26753.826171875,-0.01394736681453699,0.2634721449533195
2023-05-22 00:00:00+00:00,26851.27734375,0.0036358955711424203,0.22796646011883911
2023-05-23 00:00:00+00:00,27225.7265625,0.013848962643426162,0.22035908171433718
2023-05-24 00:00:00+00:00,26334.818359375,-0.03327040018789597,0.23858428053323602
2023-05-25 00:00:00+00:00,26476.20703125,0.005354526205137628,0.24102078564403845
2023-05-26 00:00:00+00:00,26719.291015625,0.009139332662057487,0.22486795627705558
2023-05-27 00:00:00+00:00,26868.353515625,0.00556333034484893,0.21890748190193574
2023-05-28 00:00:00+00:00,28085.646484375,0.04430949975360071,0.2695566929221345
2023-05-29 00:00:00+00:00,27745.884765625,-0.012171112107334788,0.25568693203654896
2023-05-30 00:00:00+00:00,27702.349609375,-0.0015702994220325468,0.25570831422956625
2023-05-31 00:00:00+00:00,27219.658203125,-0.017577792723265092,0.26292534101939785
2023-06-01 00:00:00+00:00,26819.97265625,-0.014792581991188054,0.2558800740836422
2023-06-02 00:00:00+00:00,27249.58984375,0.01589161106579633,0.26048792931065917
2023-06-03 00:00:00+00:00,27075.12890625,-0.006422915434419119,0.26164549903169626
2023-06-04 00:00:00+00:00,27119.06640625,0.0016214839752998166,0.26106933634700946
2023-06-05 00:00:00+00:00,25760.09765625,-0.051410345698891795,0.3139258275580694
2023-06-06 00:00:00+00:00,27238.783203125,0.05581511856233619,0.3729737916798808
2023-06-07 00:00:00+00:00,26345.998046875,-0.03332542412080894,0.3872778128637289
2023-06-08 00:00:00+00:00,26508.216796875,0.006138366063704449,0.3818240829535477
2023-06-09 00:00:00+00:00,26480.375,-0.001050860137740086,0.38169626178265265
2023-06-10 00:00:00+00:00,25851.240234375,-0.024045314677471934,0.3882401505789325
2023-06-11 00:00:00+00:00,25940.16796875,0.0034340762243438776,0.38633326985849475
2023-06-12 00:00:00+00:00,25902.5,-0.0014531650030546537,0.38588765860598756
2023-06-13 00:00:00+00:00,25918.728515625,0.0006263269559741463,0.38186636374103367
2023-06-14 00:00:00+00:00,25124.67578125,-0.031115354032620144,0.37973418909889506
2023-06-15 00:00:00+00:00,25576.39453125,0.017819375410116443,0.3852896245970172
2023-06-16 00:00:00+00:00,26327.462890625,0.0289427732653721,0.3981668589926311
2023-06-17 00:00:00+00:00,26510.67578125,0.0069349007932065195,0.39846709480316295
2023-06-18 00:00:00+00:00,26336.212890625,-0.006602603438313832,0.36361152717361145
2023-06-19 00:00:00+00:00,26851.029296875,0.019359247201741925,0.3700080638294215
2023-06-20 00:00:00+00:00,28327.48828125,0.05352849528514009,0.41632167666418346
2023-06-21 00:00:00+00:00,30027.296875,0.05827421320682117,0.45468167322696307
2023-06-22 00:00:00+00:00,29912.28125,-0.0038377235796951737,0.4503347228594654
2023-06-23 00:00:00+00:00,30695.46875,0.02584590576815378,0.4546133724806686
2023-06-24 00:00:00+00:00,30548.6953125,-0.004793067902493928,0.45410186112845946
2023-06-25 00:00:00+00:00,30480.26171875,-0.0022426607224285255,0.45474113274520084
2023-06-26 00:00:00+00:00,30271.130859375,-0.006884835938176551,0.4082305537070971
2023-06-27 00:00:00+00:00,30688.1640625,0.013682563415242946,0.3699343866375371
2023-06-28 00:00:00+00:00,30086.24609375,-0.01980891791303767,0.35462467194186104
2023-06-29 00:00:00+00:00,30445.3515625,0.011865197537731036,0.3551419241633535
2023-06-30 00:00:00+00:00,30477.251953125,0.0010472432791648364,0.3546468646733602
2023-07-01 00:00:00+00:00,30590.078125,0.0036951443630783326,0.33692743187672447
2023-07-02 00:00:00+00:00,30620.76953125,0.001002809469143997,0.3374488064219512
2023-07-03 00:00:00+00:00,31156.439453125,0.017342426317960315,0.3371664135435429
2023-07-04 00:00:00+00:00,30777.58203125,-0.012234379050443955,0.3439667688774509
2023-07-05 00:00:00+00:00,30514.166015625,-0.008595533521292817,0.3195272315963869
2023-07-06 00:00:00+00:00,29909.337890625,-0.020020299639946313,0.3333353334742121
2023-07-07 00:00:00+00:00,30342.265625,0.01437090998029806,0.32522149861855837
2023-07-08 00:00:00+00:00,30292.541015625,-0.0016401345457067653,0.3265168982399439
2023-07-09 00:00:00+00:00,30171.234375,-0.004012544787339061,0.3253434548071418
2023-07-10 00:00:00+00:00,30414.470703125,0.008029538805166095,0.3220399453097927
2023-07-11 00:00:00+00:00,30620.951171875,0.006765948365584515,0.27178015398973443
2023-07-12 00:00:00+00:00,30391.646484375,-0.007516669538967959,0.1879826618224277
2023-07-13 00:00:00+00:00,31476.048828125,0.03505911799946575,0.2217393882579911
2023-07-14 00:00:00+00:00,30334.068359375,-0.036955452769762046,0.24378917622188587
2023-07-15 00:00:00+00:00,30295.806640625,-0.0012621409438578614,0.24332379728282053
2023-07-16 00:00:00+00:00,30249.1328125,-0.0015417915284865274,0.24326887715246928
2023-07-17 00:00:00+00:00,30145.888671875,-0.003418965294113633,0.24239271928674905
2023-07-18 00:00:00+00:00,29856.5625,-0.009643886494910275,0.23900770672563515
2023-07-19 00:00:00+00:00,29913.923828125,0.0019193869502834365,0.22947764712298652
2023-07-20 00:00:00+00:00,29792.015625,-0.004083626307646249,0.22546328082381262
2023-07-21 00:00:00+00:00,29908.744140625,0.003910458253167224,0.2260136333978486
2023-07-22 00:00:00+00:00,29771.802734375,-0.004589155219131938,0.22571467523448158
2023-07-23 00:00:00+00:00,30084.5390625,0.010449658783391701,0.22926868439925188
2023-07-24 00:00:00+00:00,29176.916015625,-0.030633538164858885,0.24124766454297225
2023-07-25 00:00:00+00:00,29227.390625,0.0017284554802405464,0.23944730216906304
2023-07-26 00:00:00+00:00,29354.97265625,0.004355653333464597,0.239469561375891
2023-07-27 00:00:00+00:00,29210.689453125,-0.004927238584293436,0.23057775582693435
2023-07-28 00:00:00+00:00,29319.24609375,0.0037094442045335473,0.2244252505898293
2023-07-29 00:00:00+00:00,29356.91796875,0.0012840607690722545,0.2246526076100419
2023-07-30 00:00:00+00:00,29275.30859375,-0.0027837737874393067,0.224519319390033
2023-07-31 00:00:00+00:00,29230.111328125,-0.0015450628224417467,0.22186772602303229
2023-08-01 00:00:00+00:00,29675.732421875,0.01513023382608844,0.2277929237303212
2023-08-02 00:00:00+00:00,29151.958984375,-0.01780750751690934,0.23392845602527815
2023-08-03 00:00:00+00:00,29178.6796875,0.0009161807791750279,0.19193796398734703
2023-08-04 00:00:00+00:00,29074.091796875,-0.0035908335462961935,0.14886648131941008
2023-08-05 00:00:00+00:00,29042.126953125,-0.0011000318899209226,0.14887794112913785
2023-08-06 00:00:00+00:00,29041.85546875,-9.347994530765627e-06,0.14903354800631527
2023-08-07 00:00:00+00:00,29180.578125,0.004765273802377892,0.15069721274243833
2023-08-08 00:00:00+00:00,29765.4921875,0.01984638697905339,0.1647136404264534
2023-08-09 00:00:00+00:00,29561.494140625,-0.006877101417061734,0.16613669470072664
2023-08-10 00:00:00+00:00,29429.591796875,-0.004471948989328098,0.1662457503968047
2023-08-11 00:00:00+00:00,29397.71484375,-0.0010837469218066252,0.16544320645430233
2023-08-12 00:00:00+00:00,29415.96484375,0.0006206039371356436,0.16493151226612313
2023-08-13 00:00:00+00:00,29282.9140625,-0.004533340724443713,0.16042008240166442
2023-08-14 00:00:00+00:00,29408.443359375,0.004277614074716283,0.12058728894867278
2023-08-15 00:00:00+00:00,29170.34765625,-0.008129120118753778,0.12398179479085221
2023-08-16 00:00:00+00:00,28701.779296875,-0.016193584838703763,0.13466636790059336
2023-08-17 00:00:00+00:00,26664.55078125,-0.07362412009606191,0.2853786332715647
2023-08-18 00:00:00+00:00,26049.556640625,-0.023334248653811243,0.2910835916319032
2023-08-19 00:00:00+00:00,26096.205078125,0.0017891559507894222,0.2912399900827888
2023-08-20 00:00:00+00:00,26189.583984375,0.003571869420107809,0.29284393484586835
2023-08-21 00:00:00+00:00,26124.140625,-0.002501958864606914,0.29270790442138717
2023-08-22 00:00:00+00:00,26031.65625,-0.0035464695192522202,0.28324000430573326
2023-08-23 00:00:00+00:00,26431.640625,0.015248455549160829,0.2893103295091725
2023-08-24 00:00:00+00:00,26162.373046875,-0.01023956576112509,0.2891797525287859
2023-08-25 00:00:00+00:00,26047.66796875,-0.004393992436939317,0.289136960716097
2023-08-26 00:00:00+00:00,26008.462890625,-0.0015062619864454853,0.289067190040438
2023-08-27 00:00:00+00:00,26089.693359375,0.003118365040993392,0.2899837482389443
2023-08-28 00:00:00+00:00,26106.150390625,0.0006305878251208892,0.28856079716417155
2023-08-29 00:00:00+00:00,27727.392578125,0.060249892570851026,0.35841523387395113
2023-08-30 00:00:00+00:00,27297.265625,-0.015634289371322937,0.3607686531578879
2023-08-31 00:00:00+00:00,25931.47265625,-0.05132914544958933,0.3966119336562602
2023-09-01 00:00:00+00:00,25800.724609375,-0.005054814300673318,0.3962268234145003
2023-09-02 00:00:00+00:00,25868.798828125,0.0026349868784771645,0.396725823374738
2023-09-03 00:00:00+00:00,25969.56640625,0.0038877655416867615,0.3982196190367043
2023-09-04 00:00:00+00:00,25812.416015625,-0.006069712504034206,0.3965567770555146
2023-09-05 00:00:00+00:00,25779.982421875,-0.0012573014244295709,0.3968522899748213
2023-09-06 00:00:00+00:00,25753.236328125,-0.001038013801593385,0.3953611267652471
2023-09-07 00:00:00+00:00,26240.1953125,0.01873210550195057,0.31516500548314363
2023-09-08 00:00:00+00:00,25905.654296875,-0.012831149860508746,0.30769935590314756
2023-09-09 00:00:00+00:00,25895.677734375,-0.00038518556307899995,0.30760874355658796
2023-09-10 00:00:00+00:00,25832.2265625,-0.0024532679048573473,0.30734453776633824
2023-09-11 00:00:00+00:00,25162.654296875,-0.026261881067480307,0.3199084173250583
2023-09-12 00:00:00+00:00,25833.34375,0.0263051279529175,0.334230794605626
2023-09-13 00:00:00+00:00,26228.32421875,0.015173852958685846,0.3341869826425161
2023-09-14 00:00:00+00:00,26539.673828125,0.011800835130971608,0.3347047697466398
2023-09-15 00:00:00+00:00,26608.693359375,0.0025972414093191217,0.3342447556628433
2023-09-16 00:00:00+00:00,26568.28125,-0.0015199103541191222,0.33424605606835195
2023-09-17 00:00:00+00:00,26534.1875,-0.0012840741866492755,0.33424475065472653
2023-09-18 00:00:00+00:00,26754.28125,0.008260511389751386,0.33523829006216344
2023-09-19 00:00:00+00:00,27211.1171875,0.016931102662432373,0.2653430199288686
2023-09-20 00:00:00+00:00,27132.0078125,-0.0029114788993918343,0.26004562241618273
2023-09-21 00:00:00+00:00,26567.6328125,-0.021020467716698094,0.1991578923911574
2023-09-22 00:00:00+00:00,26579.568359375,0.0004491505408555205,0.19790455435601448
2023-09-23 00:00:00+00:00,26579.390625,-6.686902016047694e-06,0.19791113959174264
2023-09-24 00:00:00+00:00,26256.826171875,-0.012210127075315798,0.20303906734948263
2023-09-25 00:00:00+00:00,26298.48046875,0.001585160786217759,0.20163361036159383
2023-09-26 00:00:00+00:00,26217.25,-0.003093569595525136,0.20197985940995028
2023-09-27 00:00:00+00:00,26352.716796875,0.005153782852789497,0.20240797717351672
2023-09-28 00:00:00+00:00,27021.546875,0.02506320623495958,0.210389521850251
2023-09-29 00:00:00+00:00,26911.720703125,-0.004072674570297436,0.20504604691650813
2023-09-30 00:00:00+00:00,26967.916015625,0.002085958120685116,0.20489068003881908
2023-10-01 00:00:00+00:00,27983.75,0.036976120856382695,0.2372320140362589
2023-10-02 00:00:00+00:00,27530.78515625,-0.01631914578851585,0.22345180992512667
2023-10-03 00:00:00+00:00,27429.978515625,-0.0036683170659445614,0.20994675832488496
2023-10-04 00:00:00+00:00,27799.39453125,0.013377719302482879,0.20870746251195738
2023-10-05 00:00:00+00:00,27415.912109375,-0.013890662255842758,0.21361830448764008
2023-10-06 00:00:00+00:00,27946.59765625,0.019171883788155934,0.22218945489629455
2023-10-07 00:00:00+00:00,27968.83984375,0.0007955652201821253,0.22182762353966995
2023-10-08 00:00:00+00:00,27935.08984375,-0.0012074286830624696,0.2218115414167631
2023-10-09 00:00:00+00:00,27583.677734375,-0.012659387727925962,0.22669111634299252
2023-10-10 00:00:00+00:00,27391.01953125,-0.0070090060125914885,0.2211992128351886
2023-10-11 00:00:00+00:00,26873.3203125,-0.019081220842271783,0.23104294625894534
2023-10-12 00:00:00+00:00,26756.798828125,-0.00434538164717781,0.21926282938772151
2023-10-13 00:00:00+00:00,26862.375,0.0039380057832304975,0.2196179381477353
2023-10-14 00:00:00+00:00,26861.70703125,-2.4866641728645306e-05,0.21961847982017704
2023-10-15 00:00:00+00:00,27159.65234375,0.011030760315870677,0.2174124379345928
2023-10-16 00:00:00+00:00,28519.466796875,0.04885439730476576,0.27212377169453256
2023-10-17 00:00:00+00:00,28415.748046875,-0.0036433994327744555,0.27230742170740135
2023-10-18 00:00:00+00:00,28328.341796875,-0.0030807197496875486,0.27329702991162946
2023-10-19 00:00:00+00:00,28719.806640625,0.013724231161473081,0.26468126566059297
2023-10-20 00:00:00+00:00,29682.94921875,0.03298576898255148,0.2828819341240323
2023-10-21 00:00:00+00:00,29918.412109375,0.007901299916077796,0.2829306223596318
2023-10-22 00:00:00+00:00,29993.896484375,0.002519829955235934,0.2578433963557448
2023-10-23 00:00:00+00:00,33086.234375,0.09812340552916099,0.40872742039928806
2023-10-24 00:00:00+00:00,33901.52734375,0.024342751787773464,0.40951876078635113
2023-10-25 00:00:00+00:00,34502.8203125,0.017581001125127033,0.41020263976998056
2023-10-26 00:00:00+00:00,34156.6484375,-0.010083818433932462,0.4075790579233192
2023-10-27 00:00:00+00:00,33909.80078125,-0.007253169256571986,0.4107362347790744
2023-10-28 00:00:00+00:00,34089.57421875,0.0052875149613998505,0.40987059355268385
2023-10-29 00:00:00+00:00,34538.48046875,0.013082482218137433,0.40818616132499463
2023-10-30 00:00:00+00:00,34502.36328125,-0.001046255776520464,0.40196082337620165
2023-10-31 00:00:00+00:00,34667.78125,0.004782938801692802,0.39748136058766564
2023-11-01 00:00:00+00:00,35437.25390625,0.021952875620689455,0.38322962230028873
2023-11-02 00:00:00+00:00,34938.2421875,-0.014181643038139046,0.39034379200415176
2023-11-03 00:00:00+00:00,34732.32421875,-0.005911206955145199,0.3945987734715975
2023-11-04 00:00:00+00:00,35082.1953125,0.010022958693683921,0.39219296898264827
2023-11-05 00:00:00+00:00,35049.35546875,-0.0009365213169939803,0.39502089824748643
2023-11-06 00:00:00+00:00,35037.37109375,-0.0003419870125084872,0.3735950873894401
2023-11-07 00:00:00+00:00,35443.5625,0.011526405303600254,0.3703985945133907
2023-11-08 00:00:00+00:00,35655.27734375,0.005955525293475274,0.3675282987410813
2023-11-09 00:00:00+00:00,36693.125,0.02869223982446583,0.37257274844481353
2023-11-10 00:00:00+00:00,37313.96875,0.01677834605033404,0.3650415975599484
2023-11-11 00:00:00+00:00,37138.05078125,-0.004725682318407844,0.36894613554358696
2023-11-12 00:00:00+00:00,37054.51953125,-0.002251742592082081,0.37057958091788384
2023-11-13 00:00:00+00:00,36502.35546875,-0.015013537055029228,0.19968501100348884
2023-11-14 00:00:00+00:00,35537.640625,-0.02678435783979465,0.2142593496043156
2023-11-15 00:00:00+00:00,37880.58203125,0.06384619927627835,0.29912100546774634
2023-11-16 00:00:00+00:00,36154.76953125,-0.046629756190665436,0.34479468404213015
2023-11-17 00:00:00+00:00,36596.68359375,0.01214874696667944,0.34428283452746
2023-11-18 00:00:00+00:00,36585.703125,-0.000300085015663709,0.3444881604935902
2023-11-19 00:00:00+00:00,37386.546875,0.021653391391504333,0.34878712390136263
2023-11-20 00:00:00+00:00,37476.95703125,0.002415334454994771,0.3483903549260723
2023-11-21 00:00:00+00:00,35813.8125,-0.045392621921948366,0.38796719933137547
2023-11-22 00:00:00+00:00,37432.33984375,0.04420138946783627,0.40975401943322004
2023-11-23 00:00:00+00:00,37289.62109375,-0.003819999415433914,0.4059589597766347
2023-11-24 00:00:00+00:00,37720.28125,0.01148288092363248,0.40556472656264464
2023-11-25 00:00:00+00:00,37796.79296875,0.002026342935600158,0.40499660415600974
2023-11-26 00:00:00+00:00,37479.12109375,-0.00844024984109134,0.4068735912662002
2023-11-27 00:00:00+00:00,37254.16796875,-0.00602017674392167,0.40796895143181355
2023-11-28 00:00:00+00:00,37831.0859375,0.015367313611233842,0.4092048216820868
2023-11-29 00:00:00+00:00,37858.4921875,0.0007241750284948421,0.40914680528427816
2023-11-30 00:00:00+00:00,37712.74609375,-0.0038571889984724806,0.39865013822221185
2023-12-01 00:00:00+00:00,38688.75,0.02555073011462817,0.4040618160288495
2023-12-02 00:00:00+00:00,39476.33203125,0.020152443138720524,0.4082281185859611
2023-12-03 00:00:00+00:00,39978.390625,0.012637770520489717,0.4091145415337551
2023-12-04 00:00:00+00:00,41980.09765625,0.04885656688656327,0.4316731143052619
2023-12-05 00:00:00+00:00,44080.6484375,0.04882523455973004,0.4372911357686709
2023-12-06 00:00:00+00:00,43746.4453125,-0.007610515703398493,0.39496887691689203
2023-12-07 00:00:00+00:00,43292.6640625,-0.010427160036986542,0.3506177257224877
2023-12-08 00:00:00+00:00,44166.6015625,0.01998568323480024,0.35266790114532126
2023-12-09 00:00:00+00:00,43725.984375,-0.010026349184727985,0.3574601783002957
2023-12-10 00:00:00+00:00,43779.69921875,0.001227688266422679,0.3549769092989052
2023-12-11 00:00:00+00:00,41243.83203125,-0.05966864669683699,0.42455089736890145
2023-12-12 00:00:00+00:00,41450.22265625,0.004991678164292342,0.3837725996288742
2023-12-13 00:00:00+00:00,42890.7421875,0.03416274957103686,0.37292036950214347
2023-12-14 00:00:00+00:00,43023.97265625,0.003101461159203954,0.37127834153528216
2023-12-15 00:00:00+00:00,41929.7578125,-0.025761678809584642,0.3874392215613656
2023-12-16 00:00:00+00:00,42240.1171875,0.007374628549158558,0.38735836075231217
2023-12-17 00:00:00+00:00,41364.6640625,-0.02094342240847231,0.39528397452577874
2023-12-18 00:00:00+00:00,42623.5390625,0.029979669511789556,0.4025896768980611
2023-12-19 00:00:00+00:00,42270.52734375,-0.008316570718615267,0.40430739450251807
2023-12-20 00:00:00+00:00,43652.25,0.032164737244750545,0.4143838898223437
2023-12-21 00:00:00+00:00,43869.15234375,0.0049565656400486135,0.41265409122196917
2023-12-22 00:00:00+00:00,43997.90234375,0.0029305657871948458,0.4073860435164948
2023-12-23 00:00:00+00:00,43739.54296875,-0.005889392398977758,0.4060725903739011
2023-12-24 00:00:00+00:00,43016.1171875,-0.016677702596480784,0.4116784750090791
2023-12-25 00:00:00+00:00,43613.140625,0.013783631646973108,0.3796597428804882
2023-12-26 00:00:00+00:00,42520.40234375,-0.025374479539831175,0.34973085925025205
2023-12-27 00:00:00+00:00,43442.85546875,0.021462391204340153,0.35796084853671806
2023-12-28 00:00:00+00:00,42627.85546875,-0.018938483263033618,0.36217485644774405
2023-12-29 00:00:00+00:00,42099.40234375,-0.01247437935200907,0.35617908414166316
2023-12-30 00:00:00+00:00,42156.90234375,0.001364883236683238,0.35524323898605287
2023-12-31 00:00:00+00:00,42265.1875,0.0025653289520551383,0.3554142277418744
2024-01-01 00:00:00+00:00,44167.33203125,0.044021664837326654,0.3221896936956565
2024-01-02 00:00:00+00:00,44957.96875,0.01774260401360504,0.3260571970741602
2024-01-03 00:00:00+00:00,42848.17578125,-0.04806495357875531,0.3530946057161632
2024-01-04 00:00:00+00:00,44179.921875,0.030607357718285957,0.3686966773876591
2024-01-05 00:00:00+00:00,44162.69140625,-0.0003900828451526924,0.35550463760723755
2024-01-06 00:00:00+00:00,43989.1953125,-0.00393630412750998,0.3556979028833032
2024-01-07 00:00:00+00:00,43943.09765625,-0.0010484808007761193,0.3461242736061339
2024-01-08 00:00:00+00:00,46970.50390625,0.06662426635587362,0.40117509393699935
2024-01-09 00:00:00+00:00,46139.73046875,-0.01784541710643821,0.4063723997626467
2024-01-10 00:00:00+00:00,46627.77734375,0.01052203275194838,0.3943241776930367
2024-01-11 00:00:00+00:00,46368.5859375,-0.005574241147522551,0.3953988855774629
2024-01-12 00:00:00+00:00,42853.16796875,-0.07884262883299366,0.48577866793962415
2024-01-13 00:00:00+00:00,42842.3828125,-0.0002517086641866489,0.4854935215904218
2024-01-14 00:00:00+00:00,41796.26953125,-0.024720775355358247,0.4895513770638225
2024-01-15 00:00:00+00:00,42511.96875,0.01697856404641987,0.4909206524994926
2024-01-16 00:00:00+00:00,43154.9453125,0.015011364505806485,0.4857884544711985
2024-01-17 00:00:00+00:00,42742.65234375,-0.009599712825861542,0.4809582234420077
2024-01-18 00:00:00+00:00,41262.05859375,-0.03525390600438047,0.4919182123691322
2024-01-19 00:00:00+00:00,41618.40625,0.008599127738074015,0.49143828679148643
2024-01-20 00:00:00+00:00,41665.5859375,0.0011329834535463317,0.49142757465471626
2024-01-21 00:00:00+00:00,41545.78515625,-0.002879434924556738,0.49135346602551994
2024-01-22 00:00:00+00:00,39507.3671875,-0.05030891028125471,0.4915473028322497
2024-01-23 00:00:00+00:00,39845.55078125,0.008523584257922188,0.48711723431799586
2024-01-24 00:00:00+00:00,40077.07421875,0.005793705727985713,0.4633127185043092
2024-01-25 00:00:00+00:00,39933.80859375,-0.003581157289492955,0.44673502987706676
2024-01-26 00:00:00+00:00,41816.87109375,0.04607657449481696,0.48027034621027687
2024-01-27 00:00:00+00:00,42120.0546875,0.007224112855396914,0.4814334609371358
2024-01-28 00:00:00+00:00,42035.59375,-0.002007256017307645,0.48141934392589136
2024-01-29 00:00:00+00:00,43288.24609375,0.029364415736914624,0.4288159821976165
2024-01-30 00:00:00+00:00,42952.609375,-0.007783744989935841,0.426097313050253
2024-01-31 00:00:00+00:00,42582.60546875,-0.008651552809046921,0.42336697421922986
2024-02-01 00:00:00+00:00,43075.7734375,0.011514890294239742,0.42685424817399653
2024-02-02 00:00:00+00:00,43185.859375,0.002552374530244358,0.3273877488376671
2024-02-03 00:00:00+00:00,42992.25,-0.004493245492150753,0.32781838344793834
2024-02-04 00:00:00+00:00,42583.58203125,-0.009551086228745845,0.31735247884055556
2024-02-05 00:00:00+00:00,42658.66796875,0.0017617075316479283,0.3119636418238603
2024-02-06 00:00:00+00:00,43084.671875,0.009936804708699247,0.30940534585344215
2024-02-07 00:00:00+00:00,44318.22265625,0.02822864621028068,0.32222089001183657
2024-02-08 00:00:00+00:00,45301.56640625,0.021945671282114807,0.2996450084457739
2024-02-09 00:00:00+00:00,47147.19921875,0.0399329954084116,0.3238008966685899
2024-02-10 00:00:00+00:00,47771.27734375,0.013149960695064189,0.32422882266476205
2024-02-11 00:00:00+00:00,48293.91796875,0.010881064258583886,0.3227072622921808
2024-02-12 00:00:00+00:00,49958.22265625,0.03388147853165121,0.259336100738072
2024-02-13 00:00:00+00:00,49742.44140625,-0.004328588760117502,0.2647573694830446
2024-02-14 00:00:00+00:00,51826.6953125,0.041046849510408934,0.2842039489869704
2024-02-15 00:00:00+00:00,51938.5546875,0.0021560092291083846,0.28085419194680866
2024-02-16 00:00:00+00:00,52160.203125,0.0042584326097615645,0.2539636895849352
2024-02-17 00:00:00+00:00,51662.99609375,-0.00957802949778828,0.2632163354090079
2024-02-18 00:00:00+00:00,52122.546875,0.008855834280713763,0.25978319859336924
2024-02-19 00:00:00+00:00,51779.14453125,-0.006610163694046543,0.25628441396140744
2024-02-20 00:00:00+00:00,52284.875,0.009719679337319471,0.24932482333683678
2024-02-21 00:00:00+00:00,51839.1796875,-0.00856090431522995,0.249242484702398
2024-02-22 00:00:00+00:00,51304.97265625,-0.010358547640014263,0.258222907386361
2024-02-23 00:00:00+00:00,50731.94921875,-0.011231806115512574,0.2663913148962656
2024-02-24 00:00:00+00:00,51571.1015625,0.016405594130217752,0.26419759887952193
2024-02-25 00:00:00+00:00,51733.23828125,0.0031390133682369275,0.256725260931217
2024-02-26 00:00:00+00:00,54522.40234375,0.052511187656945416,0.2953202531222886
2024-02-27 00:00:00+00:00,57085.37109375,0.045936216440473146,0.3180876793620173
2024-02-28 00:00:00+00:00,62504.7890625,0.09069529297704289,0.4139430689082937
2024-02-29 00:00:00+00:00,61198.3828125,-0.02112241427001975,0.4330817615662407
2024-03-01 00:00:00+00:00,62440.6328125,0.0200954657884248,0.42365017143517186
2024-03-02 00:00:00+00:00,62029.84765625,-0.006600547312091193,0.42927152542450003
2024-03-03 00:00:00+00:00,63167.37109375,0.01817220465901261,0.42968123674644254
2024-03-04 00:00:00+00:00,68330.4140625,0.0785670808490068,0.4820207588644772
2024-03-05 00:00:00+00:00,63801.19921875,-0.06858298181492034,0.5595027492508683
2024-03-06 00:00:00+00:00,66106.8046875,0.03549970020086634,0.556175894232821
2024-03-07 00:00:00+00:00,66925.484375,0.012308140052515397,0.5551172580958322
2024-03-08 00:00:00+00:00,68300.09375,0.020331312236987975,0.5550588391168373
2024-03-09 00:00:00+00:00,68498.8828125,0.002906296632019191,0.5503712567524199
2024-03-10 00:00:00+00:00,69019.7890625,0.007575825657206857,0.5505232027188187
2024-03-11 00:00:00+00:00,72123.90625,0.04399229858274628,0.5552685869718699
2024-03-12 00:00:00+00:00,71481.2890625,-0.008949836049347838,0.5615669407047147
2024-03-13 00:00:00+00:00,73083.5,0.02216689906407544,0.5554524212885507
2024-03-14 00:00:00+00:00,71396.59375,-0.0233524614583823,0.5650670550713542
2024-03-15 00:00:00+00:00,69403.7734375,-0.028308923292000562,0.5782783592874796
2024-03-16 00:00:00+00:00,65315.1171875,-0.060717725206296765,0.6347446125873842
2024-03-17 00:00:00+00:00,68390.625,0.046012240704610304,0.6451312376708571
2024-03-18 00:00:00+00:00,67548.59375,-0.012388507554368627,0.6345047817877353
2024-03-19 00:00:00+00:00,61912.7734375,-0.08712073185700822,0.7037236876321041
2024-03-20 00:00:00+00:00,67913.671875,0.09251085296877404,0.7065686259737888
2024-03-21 00:00:00+00:00,65491.390625,-0.03631867422621332,0.7152709411972389
2024-03-22 00:00:00+00:00,63778.76171875,-0.02649844665215931,0.7196247436892583
2024-03-23 00:00:00+00:00,64062.203125,0.0044342886654000135,0.7191694775687287
2024-03-24 00:00:00+00:00,67234.171875,0.04832709315067971,0.7353632235602209
2024-03-25 00:00:00+00:00,69958.8125,0.0397250476948794,0.6963251702475792
2024-03-26 00:00:00+00:00,69987.8359375,0.0004147786065640333,0.6486900629857726
2024-03-27 00:00:00+00:00,69455.34375,-0.007637444542951766,0.6397883844360968
2024-03-28 00:00:00+00:00,70744.953125,0.018397189971880865,0.6413280418312771
2024-03-29 00:00:00+00:00,69892.828125,-0.012118158012204417,0.6399007790332508
2024-03-30 00:00:00+00:00,69645.3046875,-0.0035477570486820652,0.6400614909800908
2024-03-31 00:00:00+00:00,71333.6484375,0.023952858696302474,0.6447461230028244
2024-04-01 00:00:00+00:00,69702.1484375,-0.023137002333257977,0.6308803657466125
2024-04-02 00:00:00+00:00,65446.97265625,-0.06299090436988572,0.6656039290844393
2024-04-03 00:00:00+00:00,65980.8125,0.00812374307331999,0.6603516278600173
2024-04-04 00:00:00+00:00,68508.84375,0.03759886271186141,0.6724984589871325
2024-04-05 00:00:00+00:00,67837.640625,-0.009845630418288566,0.6663994460130652
2024-04-06 00:00:00+00:00,68896.109375,0.015482496362565016,0.6318702384084841
2024-04-07 00:00:00+00:00,69362.5546875,0.006747455363626304,0.6121664752553707
2024-04-08 00:00:00+00:00,71631.359375,0.03218579409702191,0.6196125706418294
2024-04-09 00:00:00+00:00,69139.015625,-0.035413761203788405,0.5466644647740915
2024-04-10 00:00:00+00:00,70587.8828125,0.020739301242534747,0.4503825634097448
2024-04-11 00:00:00+00:00,70060.609375,-0.00749778258451207,0.4302309876981986
2024-04-12 00:00:00+00:00,67195.8671875,-0.041748970181434676,0.44643877341939997
2024-04-13 00:00:00+00:00,63821.47265625,-0.05152204971523435,0.4838725710813834
2024-04-14 00:00:00+00:00,65738.7265625,0.02959850149495867,0.4641645129739069
2024-04-15 00:00:00+00:00,63426.2109375,-0.03581099949650861,0.4541598714232827
2024-04-16 00:00:00+00:00,63811.86328125,0.0060619201772289105,0.45537589002615686
2024-04-17 00:00:00+00:00,61276.69140625,-0.04053958534994488,0.4722740562656185
2024-04-18 00:00:00+00:00,63512.75390625,0.03584120208614769,0.4872412830795915
2024-04-19 00:00:00+00:00,63843.5703125,0.005195142876912206,0.487805768661643
2024-04-20 00:00:00+00:00,64994.44140625,0.017865871886504233,0.493830694900313
2024-04-21 00:00:00+00:00,64926.64453125,-0.0010436624765665994,0.48394767218293055
2024-04-22 00:00:00+00:00,66837.6796875,0.029008901759275917,0.4922609474353457
2024-04-23 00:00:00+00:00,66407.2734375,-0.006460398489914604,0.44020568994570203
2024-04-24 00:00:00+00:00,64276.8984375,-0.03260630131627199,0.4539405765352442
2024-04-25 00:00:00+00:00,64481.70703125,0.0031812827691917772,0.43195594296673867
2024-04-26 00:00:00+00:00,63755.3203125,-0.011328935219016097,0.4322875535790306
2024-04-27 00:00:00+00:00,63419.140625,-0.005286917956356649,0.4270816385020435
2024-04-28 00:00:00+00:00,63113.23046875,-0.004835296290154387,0.42530909891153396
2024-04-29 00:00:00+00:00,63841.12109375,0.011467091787556437,0.4085180626853075
2024-04-30 00:00:00+00:00,60636.85546875,-0.051494629716542104,0.4267544536878948
2024-05-01 00:00:00+00:00,58254.01171875,-0.040089923480657194,0.4302933340167958
2024-05-02 00:00:00+00:00,59123.43359375,0.014814392549697799,0.4382379961695485
2024-05-03 00:00:00+00:00,62889.8359375,0.06175720649824811,0.4824944185473691
2024-05-04 00:00:00+00:00,63891.47265625,0.015801344389047563,0.4529136717444455
2024-05-05 00:00:00+00:00,64031.1328125,0.002183511056964741,0.4401562030711771
2024-05-06 00:00:00+00:00,63161.94921875,-0.013667364763724113,0.4246618449544725
2024-05-07 00:00:00+00:00,62334.81640625,-0.01318192999564668,0.42631617219704415
2024-05-08 00:00:00+00:00,61187.94140625,-0.018569986258493817,0.4070758610431137
2024-05-09 00:00:00+00:00,63049.9609375,0.02997730860417905,0.40101985248084093
2024-05-10 00:00:00+00:00,60792.77734375,-0.036456454635488925,0.41930505534919865
2024-05-11 00:00:00+00:00,60793.7109375,1.5356866757304103e-05,0.41298293369659395
2024-05-12 00:00:00+00:00,61448.39453125,0.01071136415279376,0.41574801371094466
2024-05-13 00:00:00+00:00,62901.44921875,0.02337149423787631,0.4107727058827589
2024-05-14 00:00:00+00:00,61552.7890625,-0.021674038111579395,0.4157888459116148
2024-05-15 00:00:00+00:00,66267.4921875,0.07380429766149847,0.4806422317653291
2024-05-16 00:00:00+00:00,65231.58203125,-0.015755724397151206,0.48424704994118795
2024-05-17 00:00:00+00:00,67051.875,0.027522834905047706,0.4908950127922378
2024-05-18 00:00:00+00:00,66940.8046875,-0.001657856805292211,0.4903395836211783
2024-05-19 00:00:00+00:00,66278.3671875,-0.0099451595532183,0.49163019903870886
2024-05-20 00:00:00+00:00,71448.1953125,0.07510908882529838,0.552229597536494
2024-05-21 00:00:00+00:00,70136.53125,-0.01852885718229531,0.5203523465564552
2024-05-22 00:00:00+00:00,69122.3359375,-0.014565869510184994,0.4983376908456079
2024-05-23 00:00:00+00:00,67929.5625,-0.017406596587757724,0.5053555105095185
2024-05-24 00:00:00+00:00,68526.1015625,0.008743394668047938,0.46415312185104685
2024-05-25 00:00:00+00:00,69265.9453125,0.010738658385428567,0.4628727652259029
2024-05-26 00:00:00+00:00,68518.09375,-0.010855523058038129,0.4656583333755809
2024-05-27 00:00:00+00:00,69394.5546875,0.01271054899375939,0.46255632743983105
2024-05-28 00:00:00+00:00,68296.21875,-0.015953999045957543,0.4639875541099548
2024-05-29 00:00:00+00:00,67578.09375,-0.010570529093847765,0.4598175087273996
2024-05-30 00:00:00+00:00,68364.9921875,0.011577009906272178,0.45142907937909416
2024-05-31 00:00:00+00:00,67491.4140625,-0.012860492770805693,0.4318566092993429
2024-06-01 00:00:00+00:00,67706.9375,0.0031882581048550507,0.4315369888535025
2024-06-02 00:00:00+00:00,67751.6015625,0.0006594499605225849,0.4313032864446945
2024-06-03 00:00:00+00:00,68804.78125,0.015425138658129584,0.42782159673329895
2024-06-04 00:00:00+00:00,70567.765625,0.025300225248925362,0.42284404311608587
2024-06-05 00:00:00+00:00,71082.8203125,0.007272217816602819,0.3450892347505725
2024-06-06 00:00:00+00:00,70757.1640625,-0.0045918902720176475,0.33942583455685144
2024-06-07 00:00:00+00:00,69342.5859375,-0.020194557079892095,0.33777738873543
2024-06-08 00:00:00+00:00,69305.7734375,-0.0005310196389050046,0.3376629981838861
2024-06-09 00:00:00+00:00,69647.9921875,0.004925659126589219,0.33514702947700076
2024-06-10 00:00:00+00:00,69512.28125,-0.0019504270460231217,0.20570104880462317
2024-06-11 00:00:00+00:00,67332.03125,-0.03186737491787959,0.22413467557535174
2024-06-12 00:00:00+00:00,68241.1875,0.013412234174301008,0.22523337017721118
2024-06-13 00:00:00+00:00,66756.3984375,-0.021998155421161833,0.23005747209465063
2024-06-14 00:00:00+00:00,66011.09375,-0.011227334405387725,0.22998844083790063
2024-06-15 00:00:00+00:00,66191.0,0.0027216870164859935,0.2261342850642275
2024-06-16 00:00:00+00:00,66639.046875,0.00674619312119944,0.2258286467586793
2024-06-17 00:00:00+00:00,66490.296875,-0.0022346697987336212,0.21998443315407715
2024-06-18 00:00:00+00:00,65140.74609375,-0.020505771883152002,0.2241389163411771
2024-06-19 00:00:00+00:00,64960.296875,-0.002773987515326679,0.2221113124342402
2024-06-20 00:00:00+00:00,64828.65625,-0.002028534277712279,0.2166574434484911
2024-06-21 00:00:00+00:00,64096.19921875,-0.011362664075990998,0.21581800674195215
2024-06-22 00:00:00+00:00,64252.578125,0.002436781820078235,0.21558586854173795
2024-06-23 00:00:00+00:00,63180.796875,-0.016821441362000096,0.22080589569864637
2024-06-24 00:00:00+00:00,60277.4140625,-0.047042933993412646,0.2570297283350097
2024-06-25 00:00:00+00:00,61804.640625,0.025020978589857558,0.25659859786339256
2024-06-26 00:00:00+00:00,60811.27734375,-0.016203198264060435,0.25380822005230913
2024-06-27 00:00:00+00:00,61604.80078125,0.01296454786345771,0.2633891595307804
2024-06-28 00:00:00+00:00,60320.13671875,-0.021073812008611803,0.2639780953603172
2024-06-29 00:00:00+00:00,60887.37890625,0.009359920064692571,0.269036283322536
2024-06-30 00:00:00+00:00,62678.29296875,0.028989272731724976,0.29335251589815076
2024-07-01 00:00:00+00:00,62851.98046875,0.0027672625269042988,0.2944279404117106
2024-07-02 00:00:00+00:00,62029.015625,-0.01318017605629068,0.2795175830553966
2024-07-03 00:00:00+00:00,60173.921875,-0.030363202506616574,0.2863925304140519
2024-07-04 00:00:00+00:00,56977.703125,-0.05457904895434864,0.3284835110055046
2024-07-05 00:00:00+00:00,56662.375,-0.005549607840752044,0.32826973430472683
2024-07-06 00:00:00+00:00,58303.5390625,0.028552385625087485,0.3496755033050624
2024-07-07 00:00:00+00:00,55849.109375,-0.043009217189319104,0.3687083999039484
2024-07-08 00:00:00+00:00,56705.09765625,0.015210533790654032,0.37724430632668376
2024-07-09 00:00:00+00:00,58009.2265625,0.022737964112148894,0.3881602438117432
2024-07-10 00:00:00+00:00,57742.49609375,-0.0046086733698468725,0.38804863913774035
2024-07-11 00:00:00+00:00,57344.9140625,-0.006909245978268808,0.3878495363851043
2024-07-12 00:00:00+00:00,57899.46484375,0.009623984558104185,0.39088667656959936
2024-07-13 00:00:00+00:00,59231.953125,0.022753003242582143,0.4018354955652797
2024-07-14 00:00:00+00:00,60787.79296875,0.025927850263005585,0.4116480112748879
2024-07-15 00:00:00+00:00,64870.15234375,0.06499862039498035,0.438704757749143
2024-07-16 00:00:00+00:00,65097.1484375,0.0034931297826731934,0.4316784331828714
2024-07-17 00:00:00+00:00,64118.79296875,-0.01514324245482322,0.4311159159656418
2024-07-18 00:00:00+00:00,63974.06640625,-0.0022597141603525025,0.4296928871320412
2024-07-19 00:00:00+00:00,66710.15625,0.041879420109635544,0.4426177461384766
2024-07-20 00:00:00+00:00,67163.6484375,0.006774946348331885,0.44237232908183455
2024-07-21 00:00:00+00:00,68154.5234375,0.014645375370143716,0.43516924831480047
2024-07-22 00:00:00+00:00,67585.25,-0.008387766690112852,0.4372743308100999
2024-07-23 00:00:00+00:00,65927.671875,-0.024831503546284737,0.44466045984127367
2024-07-24 00:00:00+00:00,65372.1328125,-0.008462196557576013,0.4302547644801414
2024-07-25 00:00:00+00:00,65777.2265625,0.006177613679945953,0.3739123690213888
2024-07-26 00:00:00+00:00,67912.0625,0.03193999219319689,0.3807523521636984
2024-07-27 00:00:00+00:00,67813.3359375,-0.001454798896138238,0.3751106942275444
2024-07-28 00:00:00+00:00,68255.8671875,0.006504525639670648,0.327849310792887
2024-07-29 00:00:00+00:00,66819.9140625,-0.021262245664086656,0.343872470917119
2024-07-30 00:00:00+00:00,66201.015625,-0.009305346230673276,0.3442676909548118
2024-07-31 00:00:00+00:00,64619.25,-0.024183450577486682,0.3584613491522922
2024-08-01 00:00:00+00:00,65357.5,0.011359846111043197,0.35616292093596497
2024-08-02 00:00:00+00:00,61415.06640625,-0.06221701386487153,0.4273611018634667
2024-08-03 00:00:00+00:00,60680.09375,-0.012039486792085179,0.42388164550649005
2024-08-04 00:00:00+00:00,58116.9765625,-0.04315788272420938,0.4402417871265969
2024-08-05 00:00:00+00:00,53991.45703125,-0.07363198582120066,0.43576077579999617
2024-08-06 00:00:00+00:00,56034.31640625,0.03713846509911699,0.4624331819008543
2024-08-07 00:00:00+00:00,55027.4609375,-0.018131945621423673,0.46320026674223075
2024-08-08 00:00:00+00:00,61710.13671875,0.11461585743295792,0.6271067491138721
2024-08-09 00:00:00+00:00,60880.11328125,-0.013541633552667406,0.6076474275376843
2024-08-10 00:00:00+00:00,60945.8125,0.0010785754296191252,0.6066523898449546
2024-08-11 00:00:00+00:00,58719.484375,-0.03721354652343721,0.6124659464684113
2024-08-12 00:00:00+00:00,59354.515625,0.01075659964060797,0.6155397533484206
2024-08-13 00:00:00+00:00,60609.56640625,0.02092453927711503,0.6184746502769939
2024-08-14 00:00:00+00:00,58737.26953125,-0.0313783013916643,0.6256090001088029
2024-08-15 00:00:00+00:00,57560.09765625,-0.02024486209713598,0.6263048095550738
2024-08-16 00:00:00+00:00,58894.10546875,0.022911430101342656,0.6200993018579933
2024-08-17 00:00:00+00:00,59478.97265625,0.009881840637262366,0.6225656259257126
2024-08-18 00:00:00+00:00,58483.96484375,-0.01687023792647201,0.6217995924536068
2024-08-19 00:00:00+00:00,59493.453125,0.017113663556006083,0.6251883767895999
2024-08-20 00:00:00+00:00,59012.79296875,-0.008112024604757306,0.6251112465433343
2024-08-21 00:00:00+00:00,61175.19140625,0.035987487774751865,0.6370560342697854
2024-08-22 00:00:00+00:00,60381.9140625,-0.013052114105543453,0.6359236437646768
2024-08-23 00:00:00+00:00,64094.35546875,0.05966667778992524,0.6349410512903505
2024-08-24 00:00:00+00:00,64178.9921875,0.0013196308130850045,0.6328934360846846
2024-08-25 00:00:00+00:00,64333.54296875,0.0024052261605437084,0.6106123694429388
2024-08-26 00:00:00+00:00,62880.66015625,-0.022842512079134417,0.550788023592814
2024-08-27 00:00:00+00:00,59504.1328125,-0.05519287756090793,0.5797787744874657
2024-08-28 00:00:00+00:00,59027.625,-0.00804021450926693,0.5762176567620116
2024-08-29 00:00:00+00:00,59388.1796875,0.006089656742738993,0.411147694797716
2024-08-30 00:00:00+00:00,59119.4765625,-0.004534788620027655,0.4090927218586291
2024-08-31 00:00:00+00:00,58969.8984375,-0.0025333050495830443,0.40900860408943185
2024-09-01 00:00:00+00:00,57325.48828125,-0.028281771257721453,0.40027809526270797
2024-09-02 00:00:00+00:00,59112.48046875,0.030696731082648924,0.41348985668353727
2024-09-03 00:00:00+00:00,57431.0234375,-0.028857442236703133,0.41739519953399784
2024-09-04 00:00:00+00:00,57971.5390625,0.009367548966836616,0.4056553095831846
2024-09-05 00:00:00+00:00,56160.48828125,-0.031738730145491646,0.4145170446914961
2024-09-06 00:00:00+00:00,53948.75390625,-0.04017885990554018,0.42579224223382867
2024-09-07 00:00:00+00:00,54139.6875,0.003532917856170691,0.4237139436006477
2024-09-08 00:00:00+00:00,54841.56640625,0.012880905395702242,0.4252821104844335
2024-09-09 00:00:00+00:00,57019.53515625,0.03894551366544674,0.44461711966993084
2024-09-10 00:00:00+00:00,57648.7109375,0.010973955159393974,0.44623627879885186
2024-09-11 00:00:00+00:00,57343.171875,-0.005314110423381013,0.4254195816706331
2024-09-12 00:00:00+00:00,58127.01171875,0.013576697629400721,0.42755052383868025
2024-09-13 00:00:00+00:00,60571.30078125,0.0411907229072504,0.39783352727309185
2024-09-14 00:00:00+00:00,60005.12109375,-0.009391286288541528,0.39820266281664723
2024-09-15 00:00:00+00:00,59182.8359375,-0.013798343779418605,0.3992822963233387
2024-09-16 00:00:00+00:00,58192.5078125,-0.016874951656180977,0.39625265611476
2024-09-17 00:00:00+00:00,60308.5390625,0.035717088660707746,0.3717542404343064
2024-09-18 00:00:00+00:00,61649.6796875,0.02199433056839477,0.37743441591683063
2024-09-19 00:00:00+00:00,62940.45703125,0.020721119053916288,0.3827635376215249
2024-09-20 00:00:00+00:00,63192.9765625,0.0040040116474054175,0.38185312659191933
2024-09-21 00:00:00+00:00,63394.83984375,0.0031893030164782386,0.38128976685145566
2024-09-22 00:00:00+00:00,63648.7109375,0.003996604788029707,0.36342423428853815
2024-09-23 00:00:00+00:00,63329.80078125,-0.005023067643079772,0.35247935325553675
2024-09-24 00:00:00+00:00,64301.96875,0.015234244172186632,0.33445563483512625
2024-09-25 00:00:00+00:00,63143.14453125,-0.01818596455888868,0.34380666522444064
2024-09-26 00:00:00+00:00,65181.01953125,0.03176403065562404,0.33059336557884844
2024-09-27 00:00:00+00:00,65790.6640625,0.009309629648678252,0.28236144179829903
2024-09-28 00:00:00+00:00,65887.6484375,0.0014730503557602514,0.28299475584973616
2024-09-29 00:00:00+00:00,65635.3046875,-0.0038372626776130244,0.2862745299386689
2024-09-30 00:00:00+00:00,63329.5,-0.03576247704956806,0.30284484406585305
2024-10-01 00:00:00+00:00,60837.0078125,-0.04015297041725014,0.3396808745448611
2024-10-02 00:00:00+00:00,60632.78515625,-0.0033625289659382266,0.3391775171152322
2024-10-03 00:00:00+00:00,60759.40234375,0.0020860853737759526,0.3368436521046702
2024-10-04 00:00:00+00:00,62067.4765625,0.021300283559387175,0.31404135221904644
2024-10-05 00:00:00+00:00,62089.94921875,0.0003620026165009027,0.31172052559399027
2024-10-06 00:00:00+00:00,62818.953125,0.011672701783517451,0.3083087672175643
2024-10-07 00:00:00+00:00,62236.66015625,-0.00931261159307203,0.30328798207890695
2024-10-08 00:00:00+00:00,62131.96875,-0.0016835665376192953,0.2795022525612399
2024-10-09 00:00:00+00:00,60582.1015625,-0.025261155468464205,0.28357698543032617
2024-10-10 00:00:00+00:00,60274.5,-0.005090366975952731,0.2727482231511525
2024-10-11 00:00:00+00:00,62445.08984375,0.03537847936044716,0.30166050999926153
2024-10-12 00:00:00+00:00,63193.0234375,0.01190629833225701,0.3045258953064548
2024-10-13 00:00:00+00:00,62851.375,-0.005421094129359057,0.30465686366226397
2024-10-14 00:00:00+00:00,66046.125,0.049580549288290116,0.3500124057426999
2024-10-15 00:00:00+00:00,67041.109375,0.014952642422039789,0.3498795790837935
2024-10-16 00:00:00+00:00,67612.71875,0.008490108547449185,0.34262869160868076
2024-10-17 00:00:00+00:00,67399.8359375,-0.0031535287872272158,0.3270184359817685
2024-10-18 00:00:00+00:00,68418.7890625,0.01500489704966544,0.3292987114309876
2024-10-19 00:00:00+00:00,68362.734375,-0.000819623721527923,0.32942886201000876
2024-10-20 00:00:00+00:00,69001.703125,0.009303330181939204,0.3297624815730803
2024-10-21 00:00:00+00:00,67367.8515625,-0.023963262921302488,0.31475725531442283
2024-10-22 00:00:00+00:00,67361.40625,-9.56779931777652e-05,0.2735389442605334
2024-10-23 00:00:00+00:00,66432.1953125,-0.013890438213698968,0.27987981414216484
2024-10-24 00:00:00+00:00,68161.0546875,0.02569154796745315,0.2892623888663802
2024-10-25 00:00:00+00:00,66642.4140625,-0.02253213347279499,0.2987417294394332
2024-10-26 00:00:00+00:00,67014.6953125,0.00557070573324996,0.29862213291026435
2024-10-27 00:00:00+00:00,67929.296875,0.013555484057566741,0.2993310720052762
2024-10-28 00:00:00+00:00,69907.7578125,0.028709215102556977,0.3073364152578253
2024-10-29 00:00:00+00:00,72720.4921875,0.03944659057776213,0.32752737034592255
2024-10-30 00:00:00+00:00,72339.5390625,-0.00525236341818716,0.30913236384134607
2024-10-31 00:00:00+00:00,70215.1875,-0.029806220896924952,0.33365317746233325
2024-11-01 00:00:00+00:00,69482.46875,-0.010490161236778449,0.3226151395898978
2024-11-02 00:00:00+00:00,69289.2734375,-0.00278436278553029,0.3227151546160871
2024-11-03 00:00:00+00:00,68741.1171875,-0.00794258611024876,0.3237969963880336
2024-11-04 00:00:00+00:00,67811.5078125,-0.013615611362265724,0.28390723118799255
2024-11-05 00:00:00+00:00,69359.5625,0.022572112490931908,0.2897065233026544
2024-11-06 00:00:00+00:00,75639.078125,0.08666903126846402,0.4132918106842068
2024-11-07 00:00:00+00:00,75904.859375,0.0035076496874788744,0.41220934353480687
2024-11-08 00:00:00+00:00,76545.4765625,0.008404323339316332,0.4109559612743984
2024-11-09 00:00:00+00:00,76778.8671875,0.0030444063813357424,0.4104433384206388
2024-11-10 00:00:00+00:00,80474.1875,0.04700704537184314,0.434866680167607
2024-11-11 00:00:00+00:00,88701.484375,0.09734014312496264,0.5196563266016018
2024-11-12 00:00:00+00:00,87955.8125,-0.008442066269106777,0.5231196467628807
2024-11-13 00:00:00+00:00,90584.1640625,0.02944485048776148,0.5168638337851388
2024-11-14 00:00:00+00:00,87250.4296875,-0.03749692231881138,0.5455870281419423
2024-11-15 00:00:00+00:00,91066.0078125,0.04280211829142622,0.5407703808279826
2024-11-16 00:00:00+00:00,90558.4765625,-0.00558881224411838,0.5445565283662779
2024-11-17 00:00:00+00:00,89845.8515625,-0.007900350440318173,0.5499897988537615
2024-11-18 00:00:00+00:00,90542.640625,0.007725465406075372,0.5473870708679817
2024-11-19 00:00:00+00:00,92343.7890625,0.019697543183651734,0.5392688164520081
2024-11-20 00:00:00+00:00,94339.4921875,0.021381444998432572,0.5368078860131925
2024-11-21 00:00:00+00:00,98504.7265625,0.04320463738221239,0.5234751646888335
2024-11-22 00:00:00+00:00,98997.6640625,0.004991722095061175,0.5162561016847204
2024-11-23 00:00:00+00:00,97777.28125,-0.012404002529793906,0.5219123083850014
2024-11-24 00:00:00+00:00,98013.8203125,0.0024162403264788948,0.5170354404660664
2024-11-25 00:00:00+00:00,93102.296875,-0.05140963729329047,0.5599315661096851
2024-11-26 00:00:00+00:00,91985.3203125,-0.012069852534281012,0.5669176572982241
2024-11-27 00:00:00+00:00,95962.53125,0.04232881330495687,0.5129996417031424
2024-11-28 00:00:00+00:00,95652.46875,-0.003236310003132818,0.5148244735394751
2024-11-29 00:00:00+00:00,97461.5234375,0.018736162907207532,0.5154089633278515
2024-11-30 00:00:00+00:00,96449.0546875,-0.010442730465097628,0.5202924768811922
2024-12-01 00:00:00+00:00,97279.7890625,0.008576311620290235,0.5034100960032796
2024-12-02 00:00:00+00:00,95865.3046875,-0.014647119798360832,0.39331999104440885
2024-12-03 00:00:00+00:00,96002.1640625,0.0014266034685602644,0.3909604476321197
2024-12-04 00:00:00+00:00,98768.53125,0.028408310872006196,0.3901316742345226
2024-12-05 00:00:00+00:00,96593.5703125,-0.022266865312221884,0.37284592386676274
2024-12-06 00:00:00+00:00,99920.7109375,0.03386480176780916,0.3625240817292458
2024-12-07 00:00:00+00:00,99923.3359375,2.62704848226063e-05,0.3610900137496746
2024-12-08 00:00:00+00:00,101236.015625,0.013051327819741106,0.3591772056298711
2024-12-09 00:00:00+00:00,97432.71875,-0.03829250346621322,0.3899390297775334
2024-12-10 00:00:00+00:00,96675.4296875,-0.007802793553987951,0.3871658466652511
2024-12-11 00:00:00+00:00,101173.03125,0.04547294957076326,0.41050913769387976
2024-12-12 00:00:00+00:00,100043.0,-0.011232138149604486,0.38649444845001796
2024-12-13 00:00:00+00:00,101459.2578125,0.014057223472297039,0.3890192161182906
2024-12-14 00:00:00+00:00,101372.96875,-0.0008508417934171539,0.3859868525476495
2024-12-15 00:00:00+00:00,104298.6953125,0.02845237769652882,0.39696020822753253
2024-12-16 00:00:00+00:00,106029.71875,0.016460567443030164,0.34621466207191676
2024-12-17 00:00:00+00:00,106140.6015625,0.0010452246330361938,0.34043104137432734
2024-12-18 00:00:00+00:00,100041.5390625,-0.059179154653770175,0.3856136103871517
2024-12-19 00:00:00+00:00,97490.953125,-0.025825905125142587,0.3972304767879589
2024-12-20 00:00:00+00:00,97755.9296875,0.002714273553183173,0.392012420954143
2024-12-21 00:00:00+00:00,97224.7265625,-0.00544879117211963,0.3906926503170613
2024-12-22 00:00:00+00:00,95104.9375,-0.022044180382015402,0.3969491857777681
2024-12-23 00:00:00+00:00,94686.2421875,-0.0044121754491209825,0.39411370211134966
2024-12-24 00:00:00+00:00,98676.09375,0.041273994068279446,0.42000436702543187
2024-12-25 00:00:00+00:00,99299.1953125,0.006294761562737073,0.4088641879113684
2024-12-26 00:00:00+00:00,95795.515625,-0.035921593296803764,0.420900408651882
2024-12-27 00:00:00+00:00,94164.859375,-0.01716880486495554,0.4054016659316868
2024-12-28 00:00:00+00:00,95163.9296875,0.010553910906912645,0.4079668853398694
2024-12-29 00:00:00+00:00,93530.2265625,-0.017316317368601404,0.40710830749133176
2024-12-30 00:00:00+00:00,92643.2109375,-0.00952898919172895,0.38812618753128447
2024-12-31 00:00:00+00:00,93429.203125,0.00844829005287248,0.38935670460856386
2025-01-01 00:00:00+00:00,94419.7578125,0.010546386456946345,0.35324569189625876
2025-01-02 00:00:00+00:00,96886.875,0.02579371069354611,0.3658178465827347
2025-01-03 00:00:00+00:00,98107.4296875,0.01251903875349227,0.3650301763222918
2025-01-04 00:00:00+00:00,98236.2265625,0.001311953703357832,0.3651629468957726
2025-01-05 00:00:00+00:00,98314.9609375,0.0008011590284728617,0.34878387928428356
2025-01-06 00:00:00+00:00,102078.0859375,0.03756185651681786,0.37046238506454787
2025-01-07 00:00:00+00:00,96922.703125,-0.05182428297869528,0.4086347580014925
2025-01-08 00:00:00+00:00,95043.5234375,-0.019578857696565647,0.36202393292502794
2025-01-09 00:00:00+00:00,92484.0390625,-0.027298849179035745,0.3632566401115102
2025-01-10 00:00:00+00:00,94701.453125,0.02369326562915915,0.3741644875463251
2025-01-11 00:00:00+00:00,94566.59375,-0.0014250624978636736,0.37389053170837655
2025-01-12 00:00:00+00:00,94488.4375,-0.0008268095689983134,0.3662178498777564
2025-01-13 00:00:00+00:00,94516.5234375,0.000297197889065057,0.36591636215608364
2025-01-14 00:00:00+00:00,96534.046875,0.02112109307155958,0.34316751725995026
2025-01-15 00:00:00+00:00,100504.4921875,0.04030666140622702,0.37139822950088935
2025-01-16 00:00:00+00:00,99756.90625,-0.007466135920999606,0.34854362370287345
2025-01-17 00:00:00+00:00,104462.0390625,0.046087453886957834,0.3729008435452122
2025-01-18 00:00:00+00:00,104408.0703125,-0.0005167685444558994,0.3727734841377827
2025-01-19 00:00:00+00:00,101089.609375,-0.032299629277246486,0.38711652413632586
2025-01-20 00:00:00+00:00,102016.6640625,0.009128828074566006,0.38446859270093076
2025-01-21 00:00:00+00:00,106146.265625,0.03968183425876291,0.40318689177138234
2025-01-22 00:00:00+00:00,103653.0703125,-0.023768546993042258,0.4157221223891523
2025-01-23 00:00:00+00:00,103960.171875,0.002958402684215798,0.40840657508722045
2025-01-24 00:00:00+00:00,104819.484375,0.00823181116278129,0.4074634634485771
2025-01-25 00:00:00+00:00,104714.6484375,-0.0010006574570037008,0.4076736968888458
2025-01-26 00:00:00+00:00,102682.5,-0.019597313563924395,0.4151414928898692
2025-01-27 00:00:00+00:00,102087.6875,-0.005809577851448121,0.3951253163064013
2025-01-28 00:00:00+00:00,101332.4765625,-0.007425167615395995,0.3489847894478623
2025-01-29 00:00:00+00:00,103703.2109375,0.023126120746530303,0.3468786231519652
2025-01-30 00:00:00+00:00,104735.3046875,0.009903181107726793,0.3277918610060298
2025-01-31 00:00:00+00:00,102405.0234375,-0.022500491172309005,0.33521449287169075
2025-02-01 00:00:00+00:00,100655.90625,-0.017227936971828707,0.3426603216021233
2025-02-02 00:00:00+00:00,97688.9765625,-0.029919108206548826,0.36105006417923546
2025-02-03 00:00:00+00:00,101405.421875,0.03733783666464687,0.38159929711688534
2025-02-04 00:00:00+00:00,97871.8203125,-0.03546789334061943,0.39837617803954456
2025-02-05 00:00:00+00:00,96615.4453125,-0.012920048753753386,0.3735181165419621
2025-02-06 00:00:00+00:00,96593.296875,-0.00022926951799646017,0.3729951358634452
2025-02-07 00:00:00+00:00,96529.0859375,-0.0006649766736617645,0.3305274132102913
2025-02-08 00:00:00+00:00,96482.453125,-0.00048321269944663663,0.33053158347670974
2025-02-09 00:00:00+00:00,96500.09375,0.00018282093727943363,0.31392762707686694
2025-02-10 00:00:00+00:00,97437.5546875,0.009667728227994938,0.3141783872528258
2025-02-11 00:00:00+00:00,95747.4296875,-0.01749792436938306,0.27859015529213155
2025-02-12 00:00:00+00:00,97885.859375,0.022088315919347463,0.2846990962614957
2025-02-13 00:00:00+00:00,96623.8671875,-0.012976316589520155,0.28603834154697105
2025-02-14 00:00:00+00:00,97508.96875,0.009118577917229297,0.2865121218586642
2025-02-15 00:00:00+00:00,97580.3515625,0.0007317962415499838,0.28676091805689397
2025-02-16 00:00:00+00:00,96175.03125,-0.014506383627455663,0.28365426871061145
2025-02-17 00:00:00+00:00,95773.3828125,-0.004184968400662239,0.2835158037408898
2025-02-18 00:00:00+00:00,95539.546875,-0.0024445399934847232,0.28306985743564766
2025-02-19 00:00:00+00:00,96635.609375,0.01140703518992484,0.2722482747938193
2025-02-20 00:00:00+00:00,98333.9375,0.01742191135803241,0.2780480765029301
2025-02-21 00:00:00+00:00,96125.546875,-0.02271409470424543,0.2782377231758735
2025-02-22 00:00:00+00:00,96577.7578125,0.00469334730219672,0.2744638055017614
2025-02-23 00:00:00+00:00,96273.921875,-0.0031509830703417255,0.25509835273928927
2025-02-24 00:00:00+00:00,91418.171875,-0.05175320553649131,0.2737422757334488
2025-02-25 00:00:00+00:00,88736.171875,-0.029776669354997204,0.2663547343952916
2025-02-26 00:00:00+00:00,84347.0234375,-0.05072808622097089,0.3097775585984829
2025-02-27 00:00:00+00:00,84704.2265625,0.00422598066095089,0.3112886265011772
2025-02-28 00:00:00+00:00,84373.0078125,-0.003917962993897036,0.3107561616036174
2025-03-01 00:00:00+00:00,86031.9140625,0.019470783362415745,0.3229972911624868
2025-03-02 00:00:00+00:00,94248.3515625,0.09121501495686515,0.46552378502799985
2025-03-03 00:00:00+00:00,86065.671875,-0.09082270482945609,0.5572817866549884
2025-03-04 00:00:00+00:00,87222.1953125,0.013348200634372372,0.5594398162186823
2025-03-05 00:00:00+00:00,90623.5625,0.03825541905303624,0.5717671102972075
2025-03-06 00:00:00+00:00,89961.7265625,-0.007329931515325766,0.5709432053543434
2025-03-07 00:00:00+00:00,86742.671875,-0.0364383782693103,0.5800925294948422
2025-03-08 00:00:00+00:00,86154.59375,-0.006802656950121629,0.5796479886998667
2025-03-09 00:00:00+00:00,80601.0390625,-0.06663174322153219,0.6163293234013868
2025-03-10 00:00:00+00:00,78532.0,-0.026005355987276976,0.6190726045240884
2025-03-11 00:00:00+00:00,82862.2109375,0.05367293406512474,0.656467601230073
2025-03-12 00:00:00+00:00,83722.359375,0.010326959815815329,0.6561011520796497
2025-03-13 00:00:00+00:00,81066.703125,-0.032233767760911476,0.655522168579491
2025-03-14 00:00:00+00:00,83969.1015625,0.03517658147592443,0.6709717922097677
2025-03-15 00:00:00+00:00,84343.109375,0.00444422215127116,0.6709202681082637
2025-03-16 00:00:00+00:00,82579.6875,-0.021129378542194648,0.6726945259255195
2025-03-17 00:00:00+00:00,84075.6875,0.017953698574085318,0.6578378372046682
2025-03-18 00:00:00+00:00,82718.5,-0.01627415768219446,0.6528117289754783
2025-03-19 00:00:00+00:00,86854.2265625,0.048787879453061046,0.6528203426868971
2025-03-20 00:00:00+00:00,84167.1953125,-0.0314259156183106,0.6624828425983065
2025-03-21 00:00:00+00:00,84043.2421875,-0.0014737866362900664,0.6623688846696255
2025-03-22 00:00:00+00:00,83832.484375,-0.0025108802510379665,0.6585149641955801
2025-03-23 00:00:00+00:00,86054.375,0.02615878981767563,0.5769475721297399
2025-03-24 00:00:00+00:00,87498.9140625,0.016647018673748026,0.48705825517004897
2025-03-25 00:00:00+00:00,87471.703125,-0.0003110343685901033,0.48491311685507626
2025-03-26 00:00:00+00:00,86900.8828125,-0.006547157036869115,0.4649626163424786
2025-03-27 00:00:00+00:00,87177.1015625,0.0031735085032361422,0.4648684328185283
2025-03-28 00:00:00+00:00,84353.1484375,-0.032929565500329085,0.46169344298085957
2025-03-29 00:00:00+00:00,82597.5859375,-0.02103168000812764,0.466425438429464
2025-03-30 00:00:00+00:00,82334.5234375,-0.0031899515997126566,0.4031556853444284
2025-03-31 00:00:00+00:00,82548.9140625,0.002600512811616096,0.39099512192326014
2025-04-01 00:00:00+00:00,85169.171875,0.03124852053156838,0.36044900384576917
2025-04-02 00:00:00+00:00,82485.7109375,-0.03201445832298525,0.3765811778691266
2025-04-03 00:00:00+00:00,83102.828125,0.007453656492041082,0.3594237807018768
2025-04-04 00:00:00+00:00,83843.8046875,0.008876865806506007,0.3390502290439661
2025-04-05 00:00:00+00:00,83504.796875,-0.004051522069073574,0.3389018886518877
2025-04-06 00:00:00+00:00,78214.484375,-0.06544922522509501,0.4018616445346591
2025-04-07 00:00:00+00:00,79235.3359375,0.012967507560798076,0.39901159735097186
2025-04-08 00:00:00+00:00,76271.953125,-0.03811707626174969,0.415137774106365
2025-04-09 00:00:00+00:00,82573.953125,0.07938900944238107,0.47347514969423504
2025-04-10 00:00:00+00:00,79626.140625,-0.0363518545774045,0.47756903171097426
2025-04-11 00:00:00+00:00,83404.8359375,0.04636385379527456,0.506893132018304
2025-04-12 00:00:00+00:00,85287.109375,0.022317029488567466,0.512829370276734
2025-04-13 00:00:00+00:00,83684.9765625,-0.018963852136872177,0.5085402280367952
2025-04-14 00:00:00+00:00,84542.390625,0.010193602875445013,0.5061516261516986
2025-04-15 00:00:00+00:00,83668.9921875,-0.010384627625774925,0.5070213390271212
2025-04-16 00:00:00+00:00,84033.8671875,0.004351453244225117,0.5072269139780098
2025-04-17 00:00:00+00:00,84895.75,0.010204134780153822,0.5086428938868206
2025-04-18 00:00:00+00:00,84450.8046875,-0.005254861395886236,0.49580615569333886
2025-04-19 00:00:00+00:00,85063.4140625,0.007227854353502602,0.49029604975471364
2025-04-20 00:00:00+00:00,85174.3046875,0.0013027740444132617,0.49001294162051323
2025-04-21 00:00:00+00:00,87518.90625,0.027155041278542923,0.4979535713476665
2025-04-22 00:00:00+00:00,93441.890625,0.06548491099549585,0.5353328843040062
2025-04-23 00:00:00+00:00,93699.109375,0.0027489316822658697,0.5188162142448222
2025-04-24 00:00:00+00:00,93943.796875,0.0026080137382399186,0.5189248803669612
2025-04-25 00:00:00+00:00,94720.5,0.008233751969906927,0.5188822224089149
2025-04-26 00:00:00+00:00,94646.9296875,-0.0007770112983303527,0.5182217846276584
2025-04-27 00:00:00+00:00,93754.84375,-0.009470108357138424,0.4532291190820492
2025-04-28 00:00:00+00:00,94978.75,0.012969852186459676,0.45322940188594957
2025-04-29 00:00:00+00:00,94284.7890625,-0.0073333094254447225,0.4248816968886523
2025-04-30 00:00:00+00:00,94207.3125,-0.0008220669855229902,0.34302599994902666
2025-05-01 00:00:00+00:00,96492.3359375,0.023965778896188162,0.3106933710213838
2025-05-02 00:00:00+00:00,96910.0703125,0.004319853436324106,0.27984439375541303
2025-05-03 00:00:00+00:00,95891.796875,-0.010562998380901132,0.28056392799375124
2025-05-04 00:00:00+00:00,94315.9765625,-0.016569841900567834,0.27803621429047276
2025-05-05 00:00:00+00:00,94748.0546875,0.004570714740087168,0.2775717479082458
2025-05-06 00:00:00+00:00,96802.4765625,0.021451265529472022,0.2766282872948573
2025-05-07 00:00:00+00:00,97032.3203125,0.002371543824223951,0.2769468440351693
2025-05-08 00:00:00+00:00,103241.4609375,0.062026403533745514,0.33661248261806986
2025-05-09 00:00:00+00:00,102970.8515625,-0.002624571996284568,0.33529859339262597
2025-05-10 00:00:00+00:00,104696.328125,0.016618093181868365,0.33609430577107907
2025-05-11 00:00:00+00:00,104106.359375,-0.005650983970075977,0.3391817029381435
2025-05-12 00:00:00+00:00,102812.953125,-0.012501714607270616,0.3410722709999302
2025-05-13 00:00:00+00:00,104169.8125,0.013111031807523908,0.2700747069667806
2025-05-14 00:00:00+00:00,103539.4140625,-0.006070027639406428,0.2727872442236753
2025-05-15 00:00:00+00:00,103744.640625,0.0019801487371228356,0.27285818250049565
2025-05-16 00:00:00+00:00,103489.2890625,-0.002464381118651062,0.27364062611123374
2025-05-17 00:00:00+00:00,103191.0859375,-0.0028856472892223486,0.2742222992491294
2025-05-18 00:00:00+00:00,106446.0078125,0.031055414958406476,0.2846599796801482
2025-05-19 00:00:00+00:00,105606.1796875,-0.007920998372646527,0.2874423259706206
2025-05-20 00:00:00+00:00,106791.0859375,0.011157568710076757,0.28452677416196637
2025-05-21 00:00:00+00:00,109678.078125,0.026675054496876065,0.29214565140430443
2025-05-22 00:00:00+00:00,111673.28125,0.01802796394236439,0.288564601758823
2025-05-23 00:00:00+00:00,107287.796875,-0.04006256233899459,0.3314475779763682
2025-05-24 00:00:00+00:00,107791.15625,0.004680702474076876,0.32669150798467556
2025-05-25 00:00:00+00:00,109035.390625,0.011476897551184374,0.3170467674974356
2025-05-26 00:00:00+00:00,109440.3671875,0.0037072948540294247,0.3171409876312944
2025-05-27 00:00:00+00:00,108994.640625,-0.00408109657520394,0.3146680715464188
2025-05-28 00:00:00+00:00,107802.328125,-0.010999457493792041,0.3197900713407134
2025-05-29 00:00:00+00:00,105641.7578125,-0.020245528009254558,0.25550887074030076
2025-05-30 00:00:00+00:00,103998.5703125,-0.015676574887611795,0.2618248685073084
2025-05-31 00:00:00+00:00,104638.09375,0.006130518270315466,0.2561350686575525
2025-06-01 00:00:00+00:00,105652.1015625,0.009643965283822335,0.257380140336682
2025-06-02 00:00:00+00:00,105881.53125,0.0021692037754339633,0.2528753042971749
2025-06-03 00:00:00+00:00,105432.46875,-0.004250198055930138,0.24987887750561294
2025-06-04 00:00:00+00:00,104731.984375,-0.006666084188030525,0.250087005195147
2025-06-05 00:00:00+00:00,101575.953125,-0.030597731847037197,0.2722157380461849
2025-06-06 00:00:00+00:00,104390.34375,0.02733035306445883,0.28923886030680435
2025-06-07 00:00:00+00:00,105615.625,0.011669145986995247,0.29153286398477524
2025-06-08 00:00:00+00:00,105793.6484375,0.0016841596083658347,0.2705109138476544
2025-06-09 00:00:00+00:00,110294.1015625,0.041659964564867834,0.3051956026281177
2025-06-10 00:00:00+00:00,110257.234375,-0.00033431842692466013,0.3034747031677944
2025-06-11 00:00:00+00:00,108686.625,-0.01434738860972619,0.2937475501439842
2025-06-12 00:00:00+00:00,105929.0546875,-0.02569916684533185,0.29814498970516123
2025-06-13 00:00:00+00:00,106090.96875,0.0015273471943905203,0.2651309385306139
2025-06-14 00:00:00+00:00,105472.40625,-0.005847555254663668,0.26503013228743283
2025-06-15 00:00:00+00:00,105552.0234375,0.0007545779547483326,0.2612272927900241
2025-06-16 00:00:00+00:00,106796.7578125,0.011723623976989297,0.26471132871470926
2025-06-17 00:00:00+00:00,104601.1171875,-0.020773336361813687,0.2732078940639137
2025-06-18 00:00:00+00:00,104883.328125,0.0026943395038619066,0.2716121683000297
2025-06-19 00:00:00+00:00,104684.2890625,-0.0018995217392710328,0.26278606184352893
2025-06-20 00:00:00+00:00,103309.6015625,-0.013218729770939191,0.26112236374805553
2025-06-21 00:00:00+00:00,102257.40625,-0.010237095073649533,0.26218410613899235
2025-06-22 00:00:00+00:00,100987.140625,-0.012500036871865046,0.2619763696988095
2025-06-23 00:00:00+00:00,105577.7734375,0.0444546821160779,0.3077195231505941
2025-06-24 00:00:00+00:00,106045.6328125,0.004421629398587352,0.3077252227130615
2025-06-25 00:00:00+00:00,107361.2578125,0.012329889288552448,0.30935698816949736
2025-06-26 00:00:00+00:00,106960.0,-0.00374445620028651,0.28783741432905385
2025-06-27 00:00:00+00:00,107088.4296875,0.00120000602760066,0.2732522580197129
2025-06-28 00:00:00+00:00,107327.703125,0.002231861322037002,0.2706462180339539
2025-06-29 00:00:00+00:00,108385.5703125,0.009808164803266642,0.27245071641985447
2025-06-30 00:00:00+00:00,107135.3359375,-0.011602107852204922,0.23216892494612243
2025-07-01 00:00:00+00:00,105698.28125,-0.013504224993731051,0.2358717834145154
2025-07-02 00:00:00+00:00,108859.3203125,0.02946777720135706,0.2550517832688943
2025-07-03 00:00:00+00:00,109647.9765625,0.007218611789243165,0.23806192455777037
2025-07-04 00:00:00+00:00,108034.3359375,-0.014825919147368482,0.24480674125183657
2025-07-05 00:00:00+00:00,108231.1796875,0.0018203901235928528,0.24359586446282236
2025-07-06 00:00:00+00:00,109232.0703125,0.009205212306969758,0.24514232600591432
2025-07-07 00:00:00+00:00,108299.8515625,-0.008570920982479692,0.24469586952530367
2025-07-08 00:00:00+00:00,108950.2734375,0.005987787747688724,0.2324048391931377
2025-07-09 00:00:00+00:00,111326.5546875,0.021576245274881944,0.242176214397643
2025-07-10 00:00:00+00:00,115987.203125,0.04101205071842649,0.27499461788860885
2025-07-11 00:00:00+00:00,117516.9921875,0.013103070357299034,0.2681966140183339
2025-07-12 00:00:00+00:00,117435.2265625,-0.000696019205401959,0.26284060017171906
2025-07-13 00:00:00+00:00,119116.1171875,0.014211873752884076,0.25455275780344244
2025-07-14 00:00:00+00:00,119849.703125,0.00613969178492453,0.21698414186959308
2025-07-15 00:00:00+00:00,117777.1875,-0.017443885857792257,0.2317536861782497
2025-07-16 00:00:00+00:00,118738.5078125,0.008129063950949825,0.23053244619228205
2025-07-17 00:00:00+00:00,119289.84375,0.0046325315439855776,0.2284388793231578
2025-07-18 00:00:00+00:00,118003.2265625,-0.010844225617985717,0.2348142104105483
2025-07-19 00:00:00+00:00,117939.9765625,-0.000536145993420385,0.23536431439572456
2025-07-20 00:00:00+00:00,117300.7890625,-0.005434339336073631,0.23694215249873404
2025-07-21 00:00:00+00:00,117439.5390625,0.0011821574696331473,0.23054803276687383
2025-07-22 00:00:00+00:00,119995.4140625,0.021529885923986695,0.2282500298701825
2025-07-23 00:00:00+00:00,118754.9609375,-0.010391307548023082,0.21824807123601078
2025-07-24 00:00:00+00:00,118368.0,-0.0032638027078905844,0.21940461296345232
2025-07-25 00:00:00+00:00,117635.8828125,-0.0062043007703418435,0.2121733138670452
2025-07-26 00:00:00+00:00,117947.3671875,0.002644369296284202,0.21208317292533319
2025-07-27 00:00:00+00:00,119448.4921875,0.012646766556765231,0.21345890806346854
2025-07-28 00:00:00+00:00,117924.4765625,-0.012840860304521964,0.21717246468738188
2025-07-29 00:00:00+00:00,117922.1484375,-1.9742703547879838e-05,0.21749541704817726
2025-07-30 00:00:00+00:00,117831.1875,-0.0007716619716275345,0.2080108635009865
2025-07-31 00:00:00+00:00,115758.203125,-0.01774942596736902,0.167264423119137
2025-08-01 00:00:00+00:00,113320.0859375,-0.0212871264623786,0.17530688384546322
2025-08-02 00:00:00+00:00,112526.9140625,-0.0070240041801152295,0.17620403819438876
2025-08-03 00:00:00+00:00,114217.671875,0.014913601071925728,0.1770340082349989
2025-08-04 00:00:00+00:00,115071.8828125,0.007450970809323143,0.17785002663303132
2025-08-05 00:00:00+00:00,114141.4453125,-0.008118573366820805,0.17038231819438832
2025-08-06 00:00:00+00:00,115028.0,0.007737149330479471,0.17010863038981205
2025-08-07 00:00:00+00:00,117496.8984375,0.021236359971131914,0.18659069319146557
2025-08-08 00:00:00+00:00,116688.7265625,-0.006902004196733544,0.18438252082677456
2025-08-09 00:00:00+00:00,116500.359375,-0.0016155749975506003,0.18442063296429806
2025-08-10 00:00:00+00:00,119306.7578125,0.02380361527108938,0.2017329066896876
2025-08-11 00:00:00+00:00,118731.4453125,-0.004833792329587668,0.2026663745677225
2025-08-12 00:00:00+00:00,120172.90625,0.012067410412961721,0.19271340002960444
2025-08-13 00:00:00+00:00,123344.0625,0.02604611531030144,0.20848145607732546
2025-08-14 00:00:00+00:00,118359.578125,-0.04125044324166835,0.2561893692991151
2025-08-15 00:00:00+00:00,117398.3515625,-0.008154397097906272,0.2568722549160324
2025-08-16 00:00:00+00:00,117491.3515625,0.000791861061786004,0.25670332270956675
2025-08-17 00:00:00+00:00,117453.0625,-0.000325941461445338,0.252430986960011
2025-08-18 00:00:00+00:00,116252.3125,-0.01027584894774574,0.2510422215931348
2025-08-19 00:00:00+00:00,112831.1796875,-0.029870220205219213,0.2705884150274388
2025-08-20 00:00:00+00:00,114274.7421875,0.012712851606869349,0.2754123717613725
2025-08-21 00:00:00+00:00,112419.03125,-0.016372327846506683,0.27442561950844824
2025-08-22 00:00:00+00:00,116874.0859375,0.03886392642477823,0.2976118510596583
2025-08-23 00:00:00+00:00,115374.328125,-0.012915297318543016,0.3004170478466631
2025-08-24 00:00:00+00:00,113458.4296875,-0.01674535783150271,0.3022070308168505
2025-08-25 00:00:00+00:00,110124.3515625,-0.029826315528831894,0.3173429482833808
2025-08-26 00:00:00+00:00,111802.65625,0.01512512333952803,0.32196301178001596
2025-08-27 00:00:00+00:00,111222.0625,-0.00520655346926939,0.3206639532209251
2025-08-28 00:00:00+00:00,112544.8046875,0.011822640333317674,0.3138007126007479
2025-08-29 00:00:00+00:00,108410.8359375,-0.03742335971466304,0.3367209539399432
2025-08-30 00:00:00+00:00,108808.0703125,0.0036574608046354446,0.33758788661416295
2025-08-31 00:00:00+00:00,108236.7109375,-0.005264910692760397,0.3229330876253666
2025-09-01 00:00:00+00:00,109250.59375,0.00932367209897638,0.3265283783074207
2025-09-02 00:00:00+00:00,111200.5859375,0.017691382281182146,0.3305634660090718
2025-09-03 00:00:00+00:00,111723.2109375,0.004688830576405435,0.3142276399486568
2025-09-04 00:00:00+00:00,110723.6015625,-0.00898746169776838,0.28552252282817214
2025-09-05 00:00:00+00:00,110650.984375,-0.0006560571512495267,0.2850562254681642
2025-09-06 00:00:00+00:00,110224.6953125,-0.0038599957441809024,0.2847691677436288
2025-09-07 00:00:00+00:00,111167.6171875,0.008518160055379413,0.2874665585698259
2025-09-08 00:00:00+00:00,112071.4296875,0.008097306013038336,0.28834486781570073
2025-09-09 00:00:00+00:00,111530.546875,-0.004837916692699648,0.27003669712711326
2025-09-10 00:00:00+00:00,113955.359375,0.02150827089182057,0.2771069037372259
2025-09-11 00:00:00+00:00,115507.5390625,0.013529013824572132,0.2743737752249971
2025-09-12 00:00:00+00:00,116101.578125,0.005129680319349263,0.23873785138644427
2025-09-13 00:00:00+00:00,115950.5078125,-0.0013020381457220277,0.2343648408120226
2025-09-14 00:00:00+00:00,115407.65625,-0.0046927460797969575,0.22696259023107496
2025-09-15 00:00:00+00:00,115444.875,0.00032244610982561805,0.19784492045712918
2025-09-16 00:00:00+00:00,116843.1875,0.012039614740681204,0.1955901474643979
2025-09-17 00:00:00+00:00,116468.5078125,-0.003211840787451935,0.1947716141887516
2025-09-18 00:00:00+00:00,117137.203125,0.005725006775122414,0.1921008790599572
2025-09-19 00:00:00+00:00,115688.859375,-0.012441583362179643,0.1401189713945288
2025-09-20 00:00:00+00:00,115721.9609375,0.0002860848311332532,0.1404345351196896
2025-09-21 00:00:00+00:00,115306.09375,-0.0036001483649767967,0.13932398649089078
2025-09-22 00:00:00+00:00,112748.5078125,-0.02243053331974822,0.16266887819531245
2025-09-23 00:00:00+00:00,112014.5,-0.006531416615244119,0.15368502382683663
2025-09-24 00:00:00+00:00,113328.6328125,0.011663525697123141,0.15800609389442247
2025-09-25 00:00:00+00:00,109049.2890625,-0.038491879643615556,0.20639640028560824
2025-09-26 00:00:00+00:00,109712.828125,0.00606632543055882,0.2077342907600252
2025-09-27 00:00:00+00:00,109681.9453125,-0.00028152733285390487,0.20735399620882503
2025-09-28 00:00:00+00:00,112122.640625,0.022008506441889,0.21944308626017864
2025-09-29 00:00:00+00:00,114400.3828125,0.020111147409077906,0.22850685893579686
2025-09-30 00:00:00+00:00,114056.0859375,-0.0030141158842399056,0.22800863071363753
2025-10-01 00:00:00+00:00,118648.9296875,0.03947865276779501,0.25518695636128647
2025-10-02 00:00:00+00:00,120681.2578125,0.016983874858595087,0.2574376630719082
2025-10-03 00:00:00+00:00,122266.53125,0.013050507216426515,0.26006624689409513
2025-10-04 00:00:00+00:00,122425.4296875,0.0012987632223538373,0.2597475987729769
2025-10-05 00:00:00+00:00,123513.4765625,0.008848164694084894,0.259200358855165
2025-10-06 00:00:00+00:00,124752.53125,0.009981752928713129,0.25999257110447666
2025-10-07 00:00:00+00:00,121451.3828125,-0.02681798376519831,0.2784624449592909
2025-10-08 00:00:00+00:00,123354.8671875,0.015551259305387295,0.2817381556256535
2025-10-09 00:00:00+00:00,121705.5859375,-0.01346040236705057,0.2869633739100886
2025-10-10 00:00:00+00:00,113214.3671875,-0.07232182184699049,0.38327401002469197
2025-10-11 00:00:00+00:00,110807.8828125,-0.021485160033407134,0.38969858805273166
2025-10-12 00:00:00+00:00,115169.765625,0.038609346343899696,0.41426220530666724
2025-10-13 00:00:00+00:00,115271.078125,0.0008792929662890047,0.40619031937189437
2025-10-14 00:00:00+00:00,113118.6640625,-0.01884916344559421,0.4112976538094757
2025-10-15 00:00:00+00:00,110783.1640625,-0.020862578290898413,0.41555251180211866
2025-10-16 00:00:00+00:00,108186.0390625,-0.02372248478317967,0.4017186653300705
2025-10-17 00:00:00+00:00,106467.7890625,-0.016009839805348834,0.4045254162853916
2025-10-18 00:00:00+00:00,107198.265625,0.006837580349705927,0.40553048911293876
2025-10-19 00:00:00+00:00,108666.7109375,0.013605430464268035,0.400513279763964
2025-10-20 00:00:00+00:00,110588.9296875,0.01753449073833947,0.3988582479424983
2025-10-21 00:00:00+00:00,108476.890625,-0.019282830173496076,0.40353209193484957
2025-10-22 00:00:00+00:00,107688.5859375,-0.007293562270818725,0.3738221503169958
2025-10-23 00:00:00+00:00,110069.7265625,0.021870444424777702,0.3777424024109847
2025-10-24 00:00:00+00:00,111033.921875,0.008721714285261932,0.3755162600035792
2025-10-25 00:00:00+00:00,111641.7265625,0.005459116892619,0.3766131111017977
2025-10-26 00:00:00+00:00,114472.4453125,0.025039267744803344,0.3877950134023245
2025-10-27 00:00:00+00:00,114119.328125,-0.0030895028553826285,0.38464914878521284
2025-10-28 00:00:00+00:00,112956.1640625,-0.010244824086811922,0.3765931419546363
2025-10-29 00:00:00+00:00,110055.3046875,-0.02601680546576632,0.37769025721657773
2025-10-30 00:00:00+00:00,108305.546875,-0.01602663895461955,0.37848132794195405
2025-10-31 00:00:00+00:00,109556.1640625,0.01148096119628519,0.2941464870502763
2025-11-01 00:00:00+00:00,110064.015625,0.004624825172493095,0.2856491350547723
2025-11-02 00:00:00+00:00,110639.625,0.005216141233319792,0.24943272500278316
2025-11-03 00:00:00+00:00,106547.5234375,-0.03768718290100999,0.2781248617350463
2025-11-04 00:00:00+00:00,101590.5234375,-0.04764085753760775,0.313461436231172
2025-11-05 00:00:00+00:00,103891.8359375,0.022400061321748738,0.32179712125816906
2025-11-06 00:00:00+00:00,101301.2890625,-0.025251182491850755,0.3230750377995031
2025-11-07 00:00:00+00:00,103372.40625,0.02023892596873405,0.32921244215970213
2025-11-08 00:00:00+00:00,102282.1171875,-0.010603212214200236,0.3292542167242566
2025-11-09 00:00:00+00:00,104719.640625,0.023551839699680072,0.3369955935395663
2025-11-10 00:00:00+00:00,105996.59375,0.01212026933646231,0.33359411623493346
2025-11-11 00:00:00+00:00,102997.46875,-0.028702546476841843,0.34124431435586805
2025-11-12 00:00:00+00:00,101663.1875,-0.013039146642676998,0.34284468383781486
2025-11-13 00:00:00+00:00,99697.4921875,-0.019524742976585432,0.33530689199495184
2025-11-14 00:00:00+00:00,94397.7890625,-0.054622871136591485,0.3730087088668171
2025-11-15 00:00:00+00:00,95549.1484375,0.01212310649874722,0.3766738492840683
2025-11-16 00:00:00+00:00,94177.078125,-0.014463938461922525,0.3581961951175202
2025-11-17 00:00:00+00:00,92093.875,-0.02236838271634354,0.36020922464419153
2025-11-18 00:00:00+00:00,92948.875,0.009241173563305538,0.3664568831139086
2025-11-19 00:00:00+00:00,91465.9921875,-0.016082377699808928,0.3623337958642687
2025-11-20 00:00:00+00:00,86631.8984375,-0.05429914313161118,0.394744398484591
2025-11-21 00:00:00+00:00,85090.6875,-0.017950490472289502,0.387061380518367
2025-11-22 00:00:00+00:00,84648.359375,-0.00521187239368071,0.383207649799209
2025-11-23 00:00:00+00:00,86805.0078125,0.025158586579000386,0.40065584594202547
2025-11-24 00:00:00+00:00,88270.5625,0.016742357810839485,0.40028712992403487
2025-11-25 00:00:00+00:00,87341.890625,-0.01057647695675446,0.3749497382727943
2025-11-26 00:00:00+00:00,90518.3671875,0.03572258791333639,0.39070892551278774
2025-11-27 00:00:00+00:00,91285.375,0.008437806108495432,0.38782243892307217
2025-11-28 00:00:00+00:00,90919.265625,-0.004018666774419681,0.3769151447988582
2025-11-29 00:00:00+00:00,90851.7578125,-0.00074277862694653,0.3769826812325704
2025-11-30 00:00:00+00:00,90394.3125,-0.005047792573132774,0.36178734404843943
2025-12-01 00:00:00+00:00,86321.5703125,-0.04610183805407602,0.37882355292964354
2025-12-02 00:00:00+00:00,91350.203125,0.05662099387030378,0.4360926595093214
2025-12-03 00:00:00+00:00,93527.8046875,0.023558262011831657,0.4466475519555411
2025-12-04 00:00:00+00:00,92141.625,-0.014931972865932171,0.4449124491720656
2025-12-05 00:00:00+00:00,89387.7578125,-0.030343059975675362,0.41700890348707315
2025-12-06 00:00:00+00:00,89272.375,-0.0012916460625568118,0.4136179206543258
2025-12-07 00:00:00+00:00,90405.640625,0.012614572226014349,0.4149901101229047
2025-12-08 00:00:00+00:00,90640.203125,0.002591195979813834,0.4084695635429867
2025-12-09 00:00:00+00:00,92691.7109375,0.022381192698197744,0.4150062646929679
2025-12-10 00:00:00+00:00,92020.9453125,-0.007262832846635849,0.4118477693909932
2025-12-11 00:00:00+00:00,92511.3359375,0.0053149701081481185,0.36091507112706867
2025-12-12 00:00:00+00:00,90270.4140625,-0.024521421452147512,0.3664259154712924
2025-12-13 00:00:00+00:00,90298.7109375,0.0003134187556330964,0.3653995192836911
2025-12-14 00:00:00+00:00,88175.1796875,-0.02379767101791624,0.36747165210465205
2025-12-15 00:00:00+00:00,86419.78125,-0.020108914713088392,0.3694270530617065
2025-12-16 00:00:00+00:00,87843.984375,0.016345736935078115,0.3724017888337271
2025-12-17 00:00:00+00:00,86143.7578125,-0.019544833040854463,0.3549152931626385
2025-12-18 00:00:00+00:00,85462.5078125,-0.007939728497768105,0.35316799184784686
2025-12-19 00:00:00+00:00,88103.3828125,0.030433154968407768,0.37176174719729976
2025-12-20 00:00:00+00:00,88344.0,0.002727355122150639,0.3720448268705266
2025-12-21 00:00:00+00:00,88621.75,0.0031390280669266876,0.37209572634916144
2025-12-22 00:00:00+00:00,88490.015625,-0.0014875849588890807,0.3340199436431165
2025-12-23 00:00:00+00:00,87414.0,-0.012234274952953525,0.26882299295540635
2025-12-24 00:00:00+00:00,87611.9609375,0.002262076104062497,0.25286295411236887
2025-12-25 00:00:00+00:00,87234.7421875,-0.0043148578556266,0.2492584300578123
2025-12-26 00:00:00+00:00,87301.4296875,0.0007641682813230021,0.22803172966141982
2025-12-27 00:00:00+00:00,87802.15625,0.00571921956587603,0.22925703130173314
2025-12-28 00:00:00+00:00,87835.8359375,0.0003835125589097617,0.22410297515124
2025-12-29 00:00:00+00:00,87138.140625,-0.007974888882579774,0.2247359993817738
2025-12-30 00:00:00+00:00,88430.1328125,0.01471809780879094,0.21570019343753444
