date,close,log_return,realized_vol_21d
2018-02-01 00:00:00-05:00,247.20030212402344,-0.0011354298701129694,0.08580565713198102
2018-02-02 00:00:00-05:00,241.8187713623047,-0.022010380828529366,0.1186038942434794
2018-02-05 00:00:00-05:00,231.70521545410156,-0.042722626241086255,0.19117505251280575
2018-02-06 00:00:00-05:00,236.2703094482422,0.019510587899745753,0.20281023612659835
2018-02-07 00:00:00-05:00,234.98863220214844,-0.005439389231240507,0.20320714326470868
2018-02-08 00:00:00-05:00,226.17440795898438,-0.038230721081450654,0.2398739047430292
2018-02-09 00:00:00-05:00,229.57186889648438,0.014909716426305829,0.2477962285061877
2018-02-12 00:00:00-05:00,232.9430694580078,0.014577951909340667,0.25257873631001176
2018-02-13 00:00:00-05:00,233.52252197265625,0.0024844396814960915,0.25127752201903397
2018-02-14 00:00:00-05:00,236.67413330078125,0.01340570372588643,0.2568509716799769
2018-02-15 00:00:00-05:00,239.69415283203125,0.012679517423005115,0.25876931577623574
2018-02-16 00:00:00-05:00,239.76437377929688,0.00029291771392206753,0.2588070435891287
2018-02-20 00:00:00-05:00,238.26318359375,-0.0062807890354469485,0.2585821117838936
2018-02-21 00:00:00-05:00,237.07797241210938,-0.004986791582534711,0.25639063722513333
2018-02-22 00:00:00-05:00,237.38522338867188,0.0012951521729435865,0.25623227500905027
2018-02-23 00:00:00-05:00,241.16903686523438,0.015813848687539052,0.2637270852196833
2018-02-26 00:00:00-05:00,243.969482421875,0.011545060022300001,0.2675073875663396
2018-02-27 00:00:00-05:00,240.9232177734375,-0.012564861152626401,0.26641331278263497
2018-02-28 00:00:00-05:00,238.48263549804688,-0.010181783735163652,0.2674579514990448
2018-03-01 00:00:00-05:00,235.0149688720703,-0.01464729109822687,0.269522869444696
2018-03-02 00:00:00-05:00,236.22637939453125,0.005141370533040225,0.27063795456820366
2018-03-05 00:00:00-05:00,238.95672607421875,0.0114918931101892,0.2747767433378905
2018-03-06 00:00:00-05:00,239.56246948242188,0.002531742665212526,0.2647948903408504
2018-03-07 00:00:00-05:00,239.47457885742188,-0.00036694709225849003,0.2156856268539506
2018-03-08 00:00:00-05:00,240.63345336914062,0.004827566650001299,0.20608092425375008
2018-03-09 00:00:00-05:00,244.8211212158203,0.01725299108298739,0.21222604577555734
2018-03-12 00:00:00-04:00,244.51382446289062,-0.0012559773056863867,0.15493462595859994
2018-03-13 00:00:00-04:00,242.93360900878906,-0.006483657031799194,0.15316776955881745
2018-03-14 00:00:00-04:00,241.68692016601562,-0.005145021796796946,0.1490695099790971
2018-03-15 00:00:00-04:00,241.42369079589844,-0.0010897272392421387,0.14936294571584427
2018-03-16 00:00:00-04:00,241.68540954589844,0.0010834769016685097,0.14304062866820239
2018-03-19 00:00:00-04:00,238.41534423828125,-0.013622623385276979,0.14498073146553472
2018-03-20 00:00:00-04:00,238.82083129882812,0.0016993144229543954,0.14512945053068357
2018-03-21 00:00:00-04:00,238.36241149902344,-0.0019213580851778966,0.14360100156635652
2018-03-22 00:00:00-04:00,232.40402221679688,-0.02531492074416681,0.16776405061621566
2018-03-23 00:00:00-04:00,227.45045471191406,-0.021544898942096283,0.18197142509922143
2018-03-26 00:00:00-04:00,233.67330932617188,0.026991592704741708,0.19909991710751163
2018-03-27 00:00:00-04:00,229.69813537597656,-0.0171580338789286,0.2002221541584396
2018-03-28 00:00:00-04:00,229.0194091796875,-0.002959235807085669,0.19710265038758368
2018-03-29 00:00:00-04:00,231.9457244873047,0.012696641915414803,0.20162216313459844
2018-04-02 00:00:00-04:00,226.93923950195312,-0.021821083861408304,0.20899217460987268
2018-04-03 00:00:00-04:00,229.84793090820312,0.012735606029794273,0.21371097918984938
2018-04-04 00:00:00-04:00,232.3070831298828,0.010642210325746533,0.21308935209647856
2018-04-05 00:00:00-04:00,234.14047241210938,0.007861114082162907,0.21510090802205817
2018-04-06 00:00:00-04:00,228.92245483398438,-0.02253792366883956,0.22751477343233303
2018-04-09 00:00:00-04:00,230.0506591796875,0.004916220944426061,0.22754921619230414
2018-04-10 00:00:00-04:00,233.7085418701172,0.01577524948191529,0.22601462461317867
2018-04-11 00:00:00-04:00,232.48341369628906,-0.0052559079130457525,0.22622606722920005
2018-04-12 00:00:00-04:00,234.39610290527344,0.008193548191926628,0.22859091507125257
2018-04-13 00:00:00-04:00,233.7085418701172,-0.0029376402788808477,0.22829990078371612
2018-04-16 00:00:00-04:00,235.63002014160156,0.008188072161041369,0.2308088504320427
2018-04-17 00:00:00-04:00,238.15089416503906,0.010641618253357497,0.23432584454173672
2018-04-18 00:00:00-04:00,238.3272247314453,0.0007401413305787626,0.229580906706149
2018-04-19 00:00:00-04:00,237.00511169433594,-0.0055629139669294,0.23027388535740725
2018-04-20 00:00:00-04:00,234.9954376220703,-0.008515609651540829,0.2319628462796014
2018-04-23 00:00:00-04:00,234.9601593017578,-0.00015013469616993359,0.21396736722988222
2018-04-24 00:00:00-04:00,231.79591369628906,-0.01355866271020447,0.20519889088079485
2018-04-25 00:00:00-04:00,232.36878967285156,0.0024684180562899198,0.1822080210660281
2018-04-26 00:00:00-04:00,234.7310333251953,0.010114599385983839,0.17468923778116405
2018-04-27 00:00:00-04:00,234.9513702392578,0.0009382379606036952,0.17408790297670784
2018-04-30 00:00:00-04:00,233.1444549560547,-0.0077203177673461874,0.1714725254455668
2018-05-01 00:00:00-04:00,233.5587921142578,0.0017755919619661764,0.15153512031708935
2018-05-02 00:00:00-04:00,231.98976135253906,-0.006740593181316184,0.14810836173053402
2018-05-03 00:00:00-04:00,231.4785614013672,-0.0022059766908776126,0.14357690839335743
2018-05-04 00:00:00-04:00,234.475341796875,0.012863168204858447,0.14807744083615712
2018-05-07 00:00:00-04:00,235.26876831054688,0.0033781254565221695,0.12338157841707477
2018-05-08 00:00:00-04:00,235.26876831054688,0.0,0.12274079328339497
2018-05-09 00:00:00-04:00,237.542724609375,0.009618944826140886,0.11505844034574887
2018-05-10 00:00:00-04:00,239.76388549804688,0.00930712827009265,0.11649118029800029
2018-05-11 00:00:00-04:00,240.49546813964844,0.003046617216017822,0.11408686256850663
2018-05-14 00:00:00-04:00,240.6101837158203,0.00047688310417250693,0.11312687398749793
2018-05-15 00:00:00-04:00,238.9530487060547,-0.006911045274011374,0.11377727509670102
2018-05-16 00:00:00-04:00,239.95779418945312,0.004195966629044124,0.10873648184131683
2018-05-17 00:00:00-04:00,239.75511169433594,-0.0008450158613275288,0.10880527252480182
2018-05-18 00:00:00-04:00,239.15574645996094,-0.0025030359495833016,0.10723832224319076
2018-05-21 00:00:00-04:00,240.95384216308594,0.0074903903305188115,0.10471903657391425
2018-05-22 00:00:00-04:00,240.28392028808594,-0.002784163505095902,0.10553882951319421
2018-05-23 00:00:00-04:00,240.9450225830078,0.0027475600568443834,0.09120999213321547
2018-05-24 00:00:00-04:00,240.45143127441406,-0.0020506652162083144,0.09215829242104791
2018-05-25 00:00:00-04:00,239.87855529785156,-0.0023853445098568344,0.08772076847470049
2018-05-29 00:00:00-04:00,237.11961364746094,-0.01156806292669148,0.09798816709250881
2018-05-30 00:00:00-04:00,240.28392028808594,0.013256512595912385,0.10280899605363475
2018-05-31 00:00:00-04:00,238.81199645996094,-0.006144608659170023,0.10608832243623863
2018-06-01 00:00:00-04:00,241.15655517578125,0.009769712437533074,0.10621037170231813
2018-06-04 00:00:00-04:00,242.30242919921875,0.004740324230943822,0.10559582537807836
2018-06-05 00:00:00-04:00,242.47877502441406,0.0007275275173096426,0.09823178236113352
2018-06-06 00:00:00-04:00,244.50601196289062,0.008325716543482345,0.10082230706194445
2018-06-07 00:00:00-04:00,244.47952270507812,-0.00010834372782172531,0.10084783297850992
2018-06-08 00:00:00-04:00,245.2023468017578,0.002952221295819572,0.09692707536664774
2018-06-11 00:00:00-04:00,245.5283966064453,0.0013288340176173551,0.09268932782547928
2018-06-12 00:00:00-04:00,245.84564208984375,0.0012912588069165704,0.09243140270170656
2018-06-13 00:00:00-04:00,245.061279296875,-0.003195568961315622,0.09358545731119364
2018-06-14 00:00:00-04:00,245.67823791503906,0.0025144049809379034,0.08930544365503741
2018-06-15 00:00:00-04:00,245.36485290527344,-0.0012764055056334691,0.08909798985798842
2018-06-18 00:00:00-04:00,244.86016845703125,-0.0020589917060466066,0.08952345570623879
2018-06-19 00:00:00-04:00,243.92166137695312,-0.003840192806471247,0.09029980991996821
2018-06-20 00:00:00-04:00,244.33782958984375,0.0017047013785593803,0.08718169854297789
2018-06-21 00:00:00-04:00,242.80604553222656,-0.00628885708847177,0.08973621985883537
2018-06-22 00:00:00-04:00,243.24876403808594,0.0018216819155920418,0.08950067630448034
2018-06-25 00:00:00-04:00,239.93748474121094,-0.01370623085142245,0.10186272474310275
2018-06-26 00:00:00-04:00,240.4686279296875,0.002211226672130772,0.10180891741637749
2018-06-27 00:00:00-04:00,238.4766082763672,-0.008318408825709613,0.09764668162869308
2018-06-28 00:00:00-04:00,239.84011840820312,0.00570130103822297,0.08802079708427038
2018-06-29 00:00:00-04:00,240.18533325195312,0.001438319164410993,0.08532479460114538
2018-07-02 00:00:00-04:00,240.69894409179688,0.0021361107415694873,0.07843941939939526
2018-07-03 00:00:00-04:00,239.8489532470703,-0.0035375942164048158,0.0772483907636457
2018-07-05 00:00:00-04:00,241.80560302734375,0.008124746327931393,0.08276411503149636
2018-07-06 00:00:00-04:00,243.8508758544922,0.00842276385694399,0.08288966655420482
2018-07-09 00:00:00-04:00,246.0465087890625,0.008963704255630147,0.0886722111539911
2018-07-10 00:00:00-04:00,246.93197631835938,0.003592320996861809,0.0889403792980491
2018-07-11 00:00:00-04:00,245.12576293945312,-0.007341502215487056,0.09271074073595009
2018-07-12 00:00:00-04:00,247.34803771972656,0.009025007466830381,0.09787694909649641
2018-07-13 00:00:00-04:00,247.54286193847656,0.0007873421352018324,0.09705876408505369
2018-07-16 00:00:00-04:00,247.32147216796875,-0.000894749409158838,0.09687660155744406
2018-07-17 00:00:00-04:00,248.3219451904297,0.004037073211215171,0.09752157138328407
2018-07-18 00:00:00-04:00,248.8443603515625,0.0021015718385757553,0.097172484638589
2018-07-19 00:00:00-04:00,247.9058380126953,-0.00377865357139244,0.09713593553045631
2018-07-20 00:00:00-04:00,247.62249755859375,-0.001143589436330468,0.09729214793925854
2018-07-23 00:00:00-04:00,248.0829620361328,0.0018578153662288219,0.09402424401997467
2018-07-24 00:00:00-04:00,249.3313751220703,0.0050196209236023,0.09501356869791781
2018-07-25 00:00:00-04:00,251.45623779296875,0.008486134112835057,0.08133068719044194
2018-07-26 00:00:00-04:00,250.86300659179688,-0.002361969936854249,0.08287427873046276
2018-07-27 00:00:00-04:00,249.1631317138672,-0.0067991702684616325,0.08062398020840451
2018-07-30 00:00:00-04:00,247.8616180419922,-0.005237230731076866,0.08330596771784608
2018-07-31 00:00:00-04:00,249.0834197998047,0.00491726097112398,0.08410634105244003
2018-08-01 00:00:00-04:00,248.6673126220703,-0.0016719504264415084,0.08490662949624411
2018-08-02 00:00:00-04:00,250.02188110351562,0.0054325292381076735,0.08381201072026372
2018-08-03 00:00:00-04:00,251.09320068359375,0.0042757492287607505,0.08127750898901084
2018-08-06 00:00:00-04:00,252.0140838623047,0.0036607866171753387,0.07799217074676923
2018-08-07 00:00:00-04:00,252.84632873535156,0.00329693359249092,0.07356630279942078
2018-08-08 00:00:00-04:00,252.74012756347656,-0.00042011083213909983,0.07330229139565472
2018-08-09 00:00:00-04:00,252.3946990966797,-0.001367668600183181,0.06730237679944595
2018-08-10 00:00:00-04:00,250.7036590576172,-0.006722528031188054,0.06690430968437464
2018-08-13 00:00:00-04:00,249.76512145996094,-0.0037506383391530573,0.06860501364899414
2018-08-14 00:00:00-04:00,251.35882568359375,0.006360540563606657,0.0713927040179583
2018-08-15 00:00:00-04:00,249.48182678222656,-0.007495428655113631,0.07578746023496458
2018-08-16 00:00:00-04:00,251.50048828125,0.008058857023524995,0.08032305041228058
2018-08-17 00:00:00-04:00,252.3859100341797,0.0035143741414616503,0.07938939257215792
2018-08-20 00:00:00-04:00,252.92596435546875,0.0021375097411463926,0.07916304794479861
2018-08-21 00:00:00-04:00,253.51922607421875,0.0023428477605295195,0.07924635477601893
2018-08-22 00:00:00-04:00,253.3686981201172,-0.0005939299452270541,0.078064482218255
2018-08-23 00:00:00-04:00,253.03213500976562,-0.0013292362013965467,0.07307759319555657
2018-08-24 00:00:00-04:00,254.55506896972656,0.006000697093551318,0.07496059074103034
2018-08-27 00:00:00-04:00,256.56488037109375,0.007864383938079625,0.07368719792296886
2018-08-28 00:00:00-04:00,256.68890380859375,0.0004832830998494596,0.06976072119204436
2018-08-29 00:00:00-04:00,258.0699157714844,0.005365678930386087,0.07004074813599133
2018-08-30 00:00:00-04:00,257.0252685546875,-0.00405613828596296,0.0719428549308132
2018-08-31 00:00:00-04:00,257.0341491699219,3.4550929052337516e-05,0.07071484590618488
2018-09-04 00:00:00-04:00,256.5914611816406,-0.001723777354464363,0.07060608312422822
2018-09-05 00:00:00-04:00,255.90081787109375,-0.0026952356430023664,0.07105537152761364
2018-09-06 00:00:00-04:00,255.1305694580078,-0.003014488015661862,0.07154313051328526
2018-09-07 00:00:00-04:00,254.6347198486328,-0.0019454041934947027,0.07196490170239525
2018-09-10 00:00:00-04:00,255.07742309570312,0.0017370720494570458,0.071831678368761
2018-09-11 00:00:00-04:00,255.91847229003906,0.003291807082590637,0.06737707030303923
2018-09-12 00:00:00-04:00,255.98049926757812,0.00024234070115014084,0.06522997561663912
2018-09-13 00:00:00-04:00,257.4944763183594,0.005897001840776412,0.06478350292940652
2018-09-14 00:00:00-04:00,257.53875732421875,0.00017195397530104617,0.05685261920229399
2018-09-17 00:00:00-04:00,256.17529296875,-0.005308274345643561,0.056316768536658915
2018-09-18 00:00:00-04:00,257.56536865234375,0.005411598418609227,0.05780021533523607
2018-09-19 00:00:00-04:00,257.8397521972656,0.0010647297038524851,0.05764582267824121
2018-09-20 00:00:00-04:00,259.9293212890625,0.008071476429106472,0.0626321911291182
2018-09-21 00:00:00-04:00,259.6918640136719,-0.0009139630894065699,0.06275667195699995
2018-09-24 00:00:00-04:00,258.8291015625,-0.003327785392091844,0.06412793767612156
2018-09-25 00:00:00-04:00,258.5889587402344,-0.0009282352431524521,0.06187954638466468
2018-09-26 00:00:00-04:00,257.81524658203125,-0.00299653925810419,0.05742006158868387
2018-09-27 00:00:00-04:00,258.5356140136719,0.002790226390519308,0.058099606732476654
2018-09-28 00:00:00-04:00,258.5622863769531,0.00010316175441729632,0.05515062413199493
2018-10-01 00:00:00-04:00,259.4605712890625,0.0034681319528363256,0.054172556922768435
2018-10-02 00:00:00-04:00,259.3094177246094,-0.0005827382922360001,0.054274179081575336
2018-10-03 00:00:00-04:00,259.4517517089844,0.0005487457286059882,0.05371134732224305
2018-10-04 00:00:00-04:00,257.4239501953125,-0.007846419980191418,0.060180711270341226
2018-10-05 00:00:00-04:00,255.98316955566406,-0.005612639040146652,0.0625986711241213
2018-10-08 00:00:00-04:00,255.98316955566406,0.0,0.06213572660464054
2018-10-09 00:00:00-04:00,255.60958862304688,-0.0014604624207332525,0.06215975862524827
2018-10-10 00:00:00-04:00,247.51614379882812,-0.03217542862287677,0.12690745459805192
2018-10-11 00:00:00-04:00,242.06423950195312,-0.02227266393372044,0.1454275185007615
2018-10-12 00:00:00-04:00,245.42604064941406,0.013792498344968823,0.1536233951275884
2018-10-15 00:00:00-04:00,244.0475311279297,-0.005632635735954195,0.15376914945647513
2018-10-16 00:00:00-04:00,249.38385009765625,0.02163027010097983,0.17461108245690898
2018-10-17 00:00:00-04:00,249.4283905029297,0.00017858585562441752,0.17301815045945723
2018-10-18 00:00:00-04:00,245.8263397216797,-0.01454651143201837,0.17843644768395198
2018-10-19 00:00:00-04:00,245.69293212890625,-0.0005428377021601903,0.17459857936476816
2018-10-22 00:00:00-04:00,244.5900421142578,-0.004499001323271479,0.1745827645244557
2018-10-23 00:00:00-04:00,243.34490966796875,-0.005103693205312197,0.1747519310395559
2018-10-24 00:00:00-04:00,235.971923828125,-0.03076698720215843,0.1992776621957418
2018-10-25 00:00:00-04:00,240.20542907714844,0.017781680591456746,0.2135544393413795
2018-10-26 00:00:00-04:00,235.9807891845703,-0.01774411175796176,0.21789499297132936
2018-10-29 00:00:00-04:00,234.6734161376953,-0.005555570925289735,0.21731984828599027
2018-10-30 00:00:00-04:00,238.15084838867188,0.01470946062686891,0.2259081430130634
2018-10-31 00:00:00-04:00,240.69454956054688,0.01062441076001272,0.2313647849564654
2018-11-01 00:00:00-04:00,243.25596618652344,0.010585547326132146,0.2361662860928687
2018-11-02 00:00:00-04:00,241.81521606445312,-0.005940383232688456,0.23577247069523113
2018-11-05 00:00:00-05:00,243.14920043945312,0.005501383994561382,0.23734613989048942
2018-11-06 00:00:00-05:00,244.68789672851562,0.006308259050334732,0.2391654010272785
2018-11-07 00:00:00-05:00,249.92637634277344,0.02118287230933831,0.2524789143352797
2018-11-08 00:00:00-05:00,249.4728546142578,-0.0018162697300153,0.22585183765294942
2018-11-09 00:00:00-05:00,247.03587341308594,-0.009816547558860543,0.21392043424504162
2018-11-12 00:00:00-05:00,242.41993713378906,-0.018862062857731718,0.219099695494273
2018-11-13 00:00:00-05:00,241.96633911132812,-0.0018728778138247441,0.21839468796191844
2018-11-14 00:00:00-05:00,240.3121337890625,-0.006859986096715625,0.2039956506977067
2018-11-15 00:00:00-05:00,242.8201446533203,0.010382388033947577,0.20823850540524336
2018-11-16 00:00:00-05:00,243.45176696777344,0.002597816795808977,0.20287480454585183
2018-11-19 00:00:00-05:00,239.33377075195312,-0.017059732601045517,0.21086829413227148
2018-11-20 00:00:00-05:00,234.90463256835938,-0.01867949511348839,0.21918018260124206
2018-11-21 00:00:00-05:00,235.7050323486328,0.0034015474466224317,0.21960535199281234
2018-11-23 00:00:00-05:00,234.13092041015625,-0.006700712531564151,0.19349081969458468
2018-11-26 00:00:00-05:00,237.9108123779297,0.016015417697405686,0.19148909413792892
2018-11-27 00:00:00-05:00,238.71121215820312,0.0033586384660181075,0.18115994730142387
2018-11-28 00:00:00-05:00,244.20762634277344,0.022764287096009805,0.19515981708018804
2018-11-29 00:00:00-05:00,243.67401123046875,-0.0021874786177266967,0.18988835145421878
2018-11-30 00:00:00-05:00,245.1593475341797,0.006077084750120159,0.18765221305419966
2018-12-03 00:00:00-05:00,248.40550231933594,0.013154103631776942,0.18952849118775472
2018-12-04 00:00:00-05:00,240.35659790039062,-0.03293885567622605,0.22223490325482753
2018-12-06 00:00:00-05:00,239.99195861816406,-0.0015182281587812515,0.221258953231853
2018-12-07 00:00:00-05:00,234.41554260253906,-0.023510053487123928,0.2332751161744129
2018-12-10 00:00:00-05:00,234.8601837158203,0.0018950106362026473,0.2181578606845676
2018-12-11 00:00:00-05:00,234.9134979248047,0.0002269782718652579,0.21840760122116423
2018-12-12 00:00:00-05:00,236.096435546875,0.0050229943157377175,0.21850463169195417
2018-12-13 00:00:00-05:00,236.01637268066406,-0.0003391683749441923,0.2099138472297129
2018-12-14 00:00:00-05:00,231.65838623046875,-0.018637365016921488,0.21837828704461917
2018-12-17 00:00:00-05:00,227.11363220214844,-0.01981333874767242,0.22641799786991818
2018-12-18 00:00:00-05:00,226.86459350585938,-0.0010971394977440994,0.22150588207073657
2018-12-19 00:00:00-05:00,223.46717834472656,-0.015088784896480117,0.22409429340228879
2018-12-20 00:00:00-05:00,219.8295440673828,-0.016412103879697503,0.22363236132199982
2018-12-21 00:00:00-05:00,215.32533264160156,-0.020702386837164893,0.22540277109122692
2018-12-24 00:00:00-05:00,209.63584899902344,-0.026778086386366196,0.23663757273147074
2018-12-26 00:00:00-05:00,220.22764587402344,0.04928979221362409,0.30337643279908316
2018-12-27 00:00:00-05:00,221.9183807373047,0.007647894598062819,0.2981370666154977
2018-12-28 00:00:00-05:00,221.63211059570312,-0.0012908121485323588,0.29725974378296066
2018-12-31 00:00:00-05:00,223.57337951660156,0.008720832367349593,0.28534677131720904
2019-01-02 00:00:00-05:00,223.8059539794922,0.001039719389916974,0.28585264217565926
2019-01-03 00:00:00-05:00,218.46533203125,-0.02415206106839839,0.29148366003121573
2019-01-04 00:00:00-05:00,225.78294372558594,0.03294677330001711,0.31458341802918804
2019-01-07 00:00:00-05:00,227.5631866455078,0.007853831549416556,0.2995749933535102
2019-01-08 00:00:00-05:00,229.7012176513672,0.00935146740763698,0.30242444228944315
2019-01-09 00:00:00-05:00,230.7747039794922,0.004662516420131474,0.2928746553521053
2019-01-10 00:00:00-05:00,231.5888214111328,0.0035215505907251914,0.2931135252541186
2019-01-11 00:00:00-05:00,231.67832946777344,0.00038642091322305117,0.2931201793143053
2019-01-14 00:00:00-05:00,230.2648162841797,-0.00611987690809847,0.2929394408102892
2019-01-15 00:00:00-05:00,232.90383911132812,0.011395638953968392,0.2961720380618268
2019-01-16 00:00:00-05:00,233.4674072265625,0.0024168230523560685,0.2889364719550041
2019-01-17 00:00:00-05:00,235.2386932373047,0.007558230803115722,0.2802725502717947
2019-01-18 00:00:00-05:00,238.36972045898438,0.013222201069785972,0.28286627721153823
2019-01-22 00:00:00-05:00,235.14920043945312,-0.013602707456682213,0.28175619062065954
2019-01-23 00:00:00-05:00,235.6412811279297,0.0020904452699896654,0.27333300981766917
2019-01-24 00:00:00-05:00,235.7665252685547,0.0005313621958416423,0.2593721643647855
2019-01-25 00:00:00-05:00,237.76138305664062,0.008425562904590268,0.2335777408692678
2019-01-28 00:00:00-05:00,235.9544219970703,-0.0076289192976356284,0.17701843849182244
2019-01-29 00:00:00-05:00,235.6412811279297,-0.0013280058027961607,0.17696154058158678
2019-01-30 00:00:00-05:00,239.3716278076172,0.015706618907609753,0.18167444270997496
2019-01-31 00:00:00-05:00,241.47393798828125,0.008744277688434247,0.18168267910632027
2019-02-01 00:00:00-05:00,241.59024047851562,0.000481519838008575,0.18179466952970785
2019-02-04 00:00:00-05:00,243.2898406982422,0.007010422768090112,0.15125034290116168
2019-02-05 00:00:00-05:00,244.3097381591797,0.004183346305221375,0.11242079129931974
2019-02-06 00:00:00-05:00,243.98768615722656,-0.0013190814966959263,0.11269761354301595
2019-02-07 00:00:00-05:00,241.66184997558594,-0.0095783225985473,0.11883986970313154
2019-02-08 00:00:00-05:00,241.95689392089844,0.0012201511444312225,0.11861843236272289
2019-02-11 00:00:00-05:00,242.09120178222656,0.0005549360320477101,0.11866390996533793
2019-02-12 00:00:00-05:00,245.2042694091797,0.01277709382764403,0.1240349937450539
2019-02-13 00:00:00-05:00,246.00042724609375,0.0032416568470396306,0.11981305396357447
2019-02-14 00:00:00-05:00,245.45486450195312,-0.0022201936876163017,0.11725979533181811
2019-02-15 00:00:00-05:00,248.12957763671875,0.010838021169026619,0.12076147708835977
2019-02-19 00:00:00-05:00,248.5589141845703,0.001728796466406645,0.11961137088328144
2019-02-20 00:00:00-05:00,249.05996704101562,0.0020138023080718244,0.11322811183178558
2019-02-21 00:00:00-05:00,248.17437744140625,-0.003562065033609395,0.10029943305436309
2019-02-22 00:00:00-05:00,249.7130584716797,0.006180858635122952,0.10105251020190609
2019-02-25 00:00:00-05:00,250.0529022216797,0.0013600118019669997,0.10086262830327715
2019-02-26 00:00:00-05:00,249.87396240234375,-0.0007158640178785516,0.09940053086258253
2019-02-27 00:00:00-05:00,249.76666259765625,-0.0004295079341758089,0.09321527490374112
2019-02-28 00:00:00-05:00,249.30145263671875,-0.001864315036283482,0.09352592566418533
2019-03-01 00:00:00-05:00,250.8580780029297,0.006224535560286931,0.08193990292464426
2019-03-04 00:00:00-05:00,249.9455108642578,-0.0036444153716134633,0.08076369721808618
2019-03-05 00:00:00-05:00,249.60565185546875,-0.001360657672671722,0.08134721675420466
2019-03-06 00:00:00-05:00,248.09378051757812,-0.006075457956997016,0.08290357001555497
2019-03-07 00:00:00-05:00,246.01824951171875,-0.008401103745851611,0.08798890359131074
2019-03-08 00:00:00-05:00,245.52635192871094,-0.0020014368818938354,0.08818176024517546
2019-03-11 00:00:00-04:00,249.08680725097656,0.014397177901669741,0.09330592313356462
2019-03-12 00:00:00-04:00,250.02603149414062,0.0037635792105218044,0.09364542332229028
2019-03-13 00:00:00-04:00,251.6810302734375,0.006597494468373049,0.09515378239711589
2019-03-14 00:00:00-04:00,251.52008056640625,-0.0006397033275673455,0.08671706449718415
2019-03-15 00:00:00-04:00,252.76268005371094,0.0049281954461614635,0.08740873112537138
2019-03-18 00:00:00-04:00,253.6791229248047,0.003619147811332773,0.08679134049416988
2019-03-19 00:00:00-04:00,253.7421417236328,0.00024838848326864515,0.08003126975085519
2019-03-20 00:00:00-04:00,252.9783477783203,-0.0030146581383364303,0.08121376446264006
2019-03-21 00:00:00-04:00,255.83566284179688,0.011231393161020687,0.08881483479044594
2019-03-22 00:00:00-04:00,250.9118194580078,-0.019433735817151677,0.11334427444359504
2019-03-25 00:00:00-04:00,250.7230682373047,-0.0007525442677169463,0.11151291273721751
2019-03-26 00:00:00-04:00,252.5919647216797,0.007426382886669179,0.11425963424666383
2019-03-27 00:00:00-04:00,251.2711639404297,-0.005242708709602584,0.11592116384397262
2019-03-28 00:00:00-04:00,252.22360229492188,0.0037833143636081985,0.1165199712265652
2019-03-29 00:00:00-04:00,253.81390380859375,0.006285331541414466,0.11787831492009324
2019-04-01 00:00:00-04:00,256.823974609375,0.011789590209345042,0.12255637687009344
2019-04-02 00:00:00-04:00,256.9497985839844,0.0004898030366276748,0.12136259875273135
2019-04-03 00:00:00-04:00,257.3541259765625,0.0015723289540223106,0.12097217798467692
2019-04-04 00:00:00-04:00,258.0369567871094,0.002649759504611649,0.11786387325581513
2019-04-05 00:00:00-04:00,259.2859802246094,0.00482880527860651,0.11210497073825743
2019-04-08 00:00:00-04:00,259.4836120605469,0.0007619253265321772,0.11111078829761545
2019-04-09 00:00:00-04:00,258.1537780761719,-0.005138102213473034,0.10551620603309876
2019-04-10 00:00:00-04:00,259.03436279296875,0.003405281359510428,0.10543529390535374
2019-04-11 00:00:00-04:00,258.9624938964844,-0.0002774877724349345,0.10408067298718841
2019-04-12 00:00:00-04:00,260.71466064453125,0.006743315045960475,0.10542861662614203
2019-04-15 00:00:00-04:00,260.5439453125,-0.0006550120657345626,0.10505440373226166
2019-04-16 00:00:00-04:00,260.71466064453125,0.0006550120657345019,0.10478250448225636
2019-04-17 00:00:00-04:00,260.0766906738281,-0.002450003396588262,0.10553881120935873
2019-04-18 00:00:00-04:00,260.58868408203125,0.001966689540168134,0.10445276741273474
2019-04-22 00:00:00-04:00,260.8134460449219,0.0008621444517609202,0.09815610882211874
2019-04-23 00:00:00-04:00,263.1585693359375,0.008951390078875514,0.06888957626829367
2019-04-24 00:00:00-04:00,262.5745544433594,-0.002221717089484233,0.06988242556862016
2019-04-25 00:00:00-04:00,262.4127502441406,-0.0006164118747151962,0.0678261173659464
2019-04-26 00:00:00-04:00,263.6348571777344,0.004646382247573409,0.06336212966115502
2019-04-29 00:00:00-04:00,264.0481262207031,0.0015663538164609363,0.06316769304642392
2019-04-30 00:00:00-04:00,264.18292236328125,0.0005103681272254195,0.061588634731307365
2019-05-01 00:00:00-04:00,262.1971435546875,-0.007545073826758284,0.0588542996538309
2019-05-02 00:00:00-04:00,261.6310729980469,-0.002161284020612088,0.059844102226403545
2019-05-03 00:00:00-04:00,264.1919250488281,0.009740434736502598,0.06729492874340226
2019-05-06 00:00:00-04:00,263.1047058105469,-0.0041237539379704894,0.0695702767460435
2019-05-07 00:00:00-04:00,258.71087646484375,-0.01684094282213866,0.09134445314887357
2019-05-08 00:00:00-04:00,258.3515319824219,-0.0013899464915811093,0.09139105447083179
2019-05-09 00:00:00-04:00,257.5697326660156,-0.0030306946752749185,0.0902430527005804
2019-05-10 00:00:00-04:00,258.8636779785156,0.005011093370502389,0.09119712907522946
2019-05-13 00:00:00-04:00,252.35838317871094,-0.0254513506056361,0.12679794162802804
2019-05-14 00:00:00-04:00,254.6405792236328,0.00900282497061784,0.12881377467205926
2019-05-15 00:00:00-04:00,256.1322021484375,0.005840668177958774,0.13105665300036834
2019-05-16 00:00:00-04:00,258.5041809082031,0.009218141718070921,0.13554558519437454
2019-05-17 00:00:00-04:00,256.8329772949219,-0.006485887715186514,0.13702556222554
2019-05-20 00:00:00-04:00,255.134765625,-0.0066340816261983,0.13823129597522496
2019-05-21 00:00:00-04:00,257.4349670410156,0.008975234823408791,0.1424076776285535
2019-05-22 00:00:00-04:00,256.644287109375,-0.003076103728113596,0.13825552667271723
2019-05-23 00:00:00-04:00,253.50851440429688,-0.01229361943685513,0.14350211106708868
2019-05-24 00:00:00-04:00,254.08343505859375,0.002265287701103291,0.1441154067350735
2019-05-28 00:00:00-04:00,251.7203826904297,-0.009343818602355402,0.14470087132055198
2019-05-29 00:00:00-04:00,250.0311737060547,-0.006733274046906056,0.14483353601682997
2019-05-30 00:00:00-04:00,250.71412658691406,0.0027277472356704584,0.14563451213580275
2019-05-31 00:00:00-04:00,247.33555603027344,-0.013567411044180702,0.14970480561444705
2019-06-03 00:00:00-04:00,246.70669555664062,-0.0025457774562761566,0.1496907527684744
2019-06-04 00:00:00-04:00,252.0618438720703,0.021474305945607498,0.16663354997647176
2019-06-05 00:00:00-04:00,254.24530029296875,0.008625080574200975,0.17062047759904242
2019-06-06 00:00:00-04:00,255.89854431152344,0.006481504476645826,0.16339937188271686
2019-06-07 00:00:00-04:00,258.45928955078125,0.009957139670667872,0.16731948509807382
2019-06-10 00:00:00-04:00,259.6454162597656,0.004578722284949417,0.16764749661009754
2019-06-11 00:00:00-04:00,259.58245849609375,-0.00024250533163309318,0.16680547282955213
2019-06-12 00:00:00-04:00,259.1242370605469,-0.001766784807938796,0.13887439014755046
2019-06-13 00:00:00-04:00,260.1934814453125,0.004117887210829322,0.13645250920791774
2019-06-14 00:00:00-04:00,259.9059753417969,-0.001105581361598909,0.13548330687806512
2019-06-17 00:00:00-04:00,260.0047607421875,0.00038000908511136864,0.13189058464153405
2019-06-18 00:00:00-04:00,262.7273254394531,0.010416767547917092,0.13395327150961117
2019-06-19 00:00:00-04:00,263.3202819824219,0.002254384529963643,0.1310097338742332
2019-06-20 00:00:00-04:00,265.8361511230469,0.009509052297977483,0.13140577433486075
2019-06-21 00:00:00-04:00,265.4496765136719,-0.0014548653754340676,0.13080851739719127
2019-06-24 00:00:00-04:00,265.1246337890625,-0.0012252487878189487,0.12125981137601025
2019-06-25 00:00:00-04:00,262.5244140625,-0.009855947948098095,0.12816694618274818
2019-06-26 00:00:00-04:00,262.26251220703125,-0.0009981265313674732,0.12235261549564827
2019-06-27 00:00:00-04:00,263.1924743652344,0.003539649077217365,0.1182696158824824
2019-06-28 00:00:00-04:00,264.5468444824219,0.005132735205506126,0.11863547363869892
2019-07-01 00:00:00-04:00,266.9485168457031,0.00903747759468851,0.10497985411780592
2019-07-02 00:00:00-04:00,267.64385986328125,0.0026013966528648782,0.10265059476555281
2019-07-03 00:00:00-04:00,269.78350830078125,0.007962600601490791,0.08207797478196738
2019-07-05 00:00:00-04:00,269.4766540527344,-0.0011380565544718093,0.08096057132248911
2019-07-08 00:00:00-04:00,267.995849609375,-0.005510265846446056,0.08460987672035793
2019-07-09 00:00:00-04:00,268.3299865722656,0.0012460224124217364,0.07979025981271826
2019-07-10 00:00:00-04:00,269.6120300292969,0.004766483541841238,0.07987570733676408
2019-07-11 00:00:00-04:00,270.2441101074219,0.0023416622316936196,0.07954662674016184
2019-07-12 00:00:00-04:00,271.4539489746094,0.0044668459062512525,0.07883736506662573
2019-07-15 00:00:00-04:00,271.544189453125,0.0003323785956530762,0.07877581254585202
2019-07-16 00:00:00-04:00,270.66839599609375,-0.0032304459253298706,0.08017409684542989
2019-07-17 00:00:00-04:00,268.8266296386719,-0.006827768283012637,0.08563427795607853
2019-07-18 00:00:00-04:00,269.81072998046875,0.0036540407723268066,0.07985981701222329
2019-07-19 00:00:00-04:00,268.3119201660156,-0.005570528167931356,0.08317218984869788
2019-07-22 00:00:00-04:00,268.970947265625,0.0024531860964355024,0.0773515061814696
2019-07-23 00:00:00-04:00,270.8941345214844,0.0071247259957765196,0.08019551980166933
2019-07-24 00:00:00-04:00,272.16729736328125,0.0046888440224715795,0.08077342946788237
2019-07-25 00:00:00-04:00,270.8670959472656,-0.004788661332092569,0.07358325833900017
2019-07-26 00:00:00-04:00,272.681884765625,0.0066775787508082,0.07510175771374361
2019-07-29 00:00:00-04:00,272.185302734375,-0.0018227640795119135,0.07587964077037578
2019-07-30 00:00:00-04:00,271.51715087890625,-0.002457786193058993,0.0759825214821549
2019-07-31 00:00:00-04:00,268.546630859375,-0.011000737604252043,0.08156881892725001
2019-08-01 00:00:00-04:00,266.2081604003906,-0.008746009960120649,0.08681031173876871
2019-08-02 00:00:00-04:00,264.2037353515625,-0.007558030302767095,0.08492468630300232
2019-08-05 00:00:00-04:00,256.2583312988281,-0.03053448802658609,0.13299559477525133
2019-08-06 00:00:00-04:00,259.8518371582031,0.013925569191662114,0.14385777969605207
2019-08-07 00:00:00-04:00,260.0052185058594,0.000590090489052041,0.1437196481098998
2019-08-08 00:00:00-04:00,265.10662841796875,0.019430414454638202,0.15984882317201599
2019-08-09 00:00:00-04:00,263.3008117675781,-0.006834966895664853,0.1607329726454426
2019-08-12 00:00:00-04:00,260.0955810546875,-0.01224796664829723,0.16365860549355174
2019-08-13 00:00:00-04:00,264.1405334472656,0.015432102275058044,0.1744165367161864
2019-08-14 00:00:00-04:00,256.3304443359375,-0.030013874873183712,0.2008015177016388
2019-08-15 00:00:00-04:00,257.0077209472656,0.0026387167372772993,0.2009629309799162
2019-08-16 00:00:00-04:00,260.7998046875,0.014646954114280394,0.2084264228847902
2019-08-19 00:00:00-04:00,263.9419860839844,0.011976248161344929,0.2130453091299138
2019-08-20 00:00:00-04:00,261.9194030761719,-0.0076924947268210645,0.2140009158289748
2019-08-21 00:00:00-04:00,264.0503234863281,0.008102869658048037,0.21451031481867558
2019-08-22 00:00:00-04:00,263.96893310546875,-0.00030828565620632647,0.2134723246947232
2019-08-23 00:00:00-04:00,257.1882629394531,-0.026023061252221685,0.229704848983121
2019-08-26 00:00:00-04:00,260.0323486328125,0.010997683756043786,0.23234432195257854
2019-08-27 00:00:00-04:00,259.0121154785156,-0.003931202579970246,0.23240890226560423
2019-08-28 00:00:00-04:00,260.8359375,0.0070167792071054134,0.23466637558969886
2019-08-29 00:00:00-04:00,264.1676025390625,0.012692142089754374,0.23743944702904143
2019-08-30 00:00:00-04:00,264.0503234863281,-0.0004440555645053383,0.23566629629538133
2019-09-03 00:00:00-04:00,262.5062561035156,-0.00586478972418668,0.23508944387394984
2019-09-04 00:00:00-04:00,265.4859313964844,0.011286935664587832,0.2107097743235645
2019-09-05 00:00:00-04:00,268.89874267578125,0.012773037270374007,0.2099024143330339
2019-09-06 00:00:00-04:00,269.1063537597656,0.000771781143580484,0.20989201941102642
2019-09-09 00:00:00-04:00,269.241943359375,0.0005037244594325961,0.1996680120841601
2019-09-10 00:00:00-04:00,269.17864990234375,-0.00023510786219879958,0.197814711218449
2019-09-11 00:00:00-04:00,271.09283447265625,0.007086039649491237,0.192708738596864
2019-09-12 00:00:00-04:00,272.0318603515625,0.0034578682335904484,0.18653592706832128
2019-09-13 00:00:00-04:00,271.8512268066406,-0.0006642366928787322,0.14797664821360249
2019-09-16 00:00:00-04:00,271.0115661621094,-0.0030934568550257647,0.14938070160586786
2019-09-17 00:00:00-04:00,271.6977844238281,0.002528862370560857,0.14274263784239297
2019-09-18 00:00:00-04:00,271.8602294921875,0.000597710158020697,0.13803630884316057
2019-09-19 00:00:00-04:00,271.8421325683594,-6.656923014354019e-05,0.134175600766942
2019-09-20 00:00:00-04:00,270.55780029296875,-0.004735747915592335,0.13391185791084134
2019-09-23 00:00:00-04:00,270.4942932128906,-0.00023475403249354995,0.13390194574387196
2019-09-24 00:00:00-04:00,268.37176513671875,-0.007877798277430563,0.09720955148758681
2019-09-25 00:00:00-04:00,269.9590759277344,0.005897174265508874,0.09278382738663915
2019-09-26 00:00:00-04:00,269.3967590332031,-0.0020851432832271056,0.09156340921919161
2019-09-27 00:00:00-04:00,267.9454040527344,-0.00540199005238843,0.09286802430153691
2019-09-30 00:00:00-04:00,269.1880798339844,0.004627073290527007,0.08417675302820295
2019-10-01 00:00:00-04:00,265.9861755371094,-0.011965981061152348,0.09522613839811131
2019-10-02 00:00:00-04:00,261.28759765625,-0.01782262836811238,0.11249886529469771
2019-10-03 00:00:00-04:00,263.4283447265625,0.008159687080381667,0.10893302100129303
2019-10-04 00:00:00-04:00,266.9930725097656,0.01344131792895445,0.10996866928966621
2019-10-07 00:00:00-04:00,265.8410339355469,-0.004324199053393351,0.11073451611674727
2019-10-08 00:00:00-04:00,261.7139892578125,-0.015646249924365627,0.12227180378983835
2019-10-09 00:00:00-04:00,264.19927978515625,0.009451402633559976,0.1278615484384797
2019-10-10 00:00:00-04:00,265.9861755371094,0.006740669702975335,0.1275954407695145
2019-10-11 00:00:00-04:00,268.74359130859375,0.010313397097817523,0.13265896361927515
2019-10-14 00:00:00-04:00,268.4444274902344,-0.0011138143026958654,0.1326717393359059
2019-10-15 00:00:00-04:00,271.10205078125,0.009851402581860312,0.13711091424846916
2019-10-16 00:00:00-04:00,270.6666259765625,-0.0016074199824451288,0.13690424202829218
2019-10-17 00:00:00-04:00,271.46484375,0.0029447408786361503,0.13731327388782213
2019-10-18 00:00:00-04:00,270.2766418457031,-0.0043866081561180735,0.1381252694563905
2019-10-21 00:00:00-04:00,272.1087646484375,0.006755822517124873,0.1391815133203413
2019-10-22 00:00:00-04:00,271.2199401855469,-0.0032717772790321694,0.13971747964832779
2019-10-23 00:00:00-04:00,272.009033203125,0.0029051969288832894,0.13689754556824985
2019-10-24 00:00:00-04:00,272.4535827636719,0.001632985061959885,0.1356256888905215
2019-10-25 00:00:00-04:00,273.5692443847656,0.004086507443311152,0.13586385188080255
2019-10-28 00:00:00-04:00,275.1112060546875,0.005620633022713248,0.1349561352711187
2019-10-29 00:00:00-04:00,275.0295715332031,-0.0002967768447977583,0.13448382541044834
2019-10-30 00:00:00-04:00,275.8731994628906,0.0030627131811762835,0.12600506720367208
2019-10-31 00:00:00-04:00,275.1383972167969,-0.0026671042355652223,0.10565507253450485
2019-11-01 00:00:00-04:00,277.6872863769531,0.009221377723890848,0.1064378832477793
2019-11-04 00:00:00-05:00,278.80291748046875,0.004009531849394387,0.0989869037021384
2019-11-05 00:00:00-05:00,278.4944763183594,-0.0011069177679100396,0.09697901440575159
2019-11-06 00:00:00-05:00,278.55804443359375,0.00022823024092779562,0.07269147716815008
2019-11-07 00:00:00-05:00,279.5376892089844,0.0035106728917596607,0.06882790560884887
2019-11-08 00:00:00-05:00,280.2270202636719,0.002462932698261319,0.06723035580966596
2019-11-11 00:00:00-05:00,279.6918640136719,-0.001911549790455037,0.06245958204105091
2019-11-12 00:00:00-05:00,280.2814636230469,0.002105813967042329,0.061489412361048525
2019-11-13 00:00:00-05:00,280.3721923828125,0.0003236535054599856,0.0547569240111452
2019-11-14 00:00:00-05:00,280.7803955078125,0.0014548741494240188,0.05350937499075563
2019-11-15 00:00:00-05:00,282.812255859375,0.007210417487457304,0.05666009949477186
2019-11-18 00:00:00-05:00,283.0207824707031,0.0007370606049582072,0.052031014030215296
2019-11-19 00:00:00-05:00,282.9391174316406,-0.0002885894906807857,0.04992897772523988
2019-11-20 00:00:00-05:00,281.8869323730469,-0.0037257002436716577,0.050537715034649655
2019-11-21 00:00:00-05:00,281.4334411621094,-0.0016100653560865315,0.05174129656576916
2019-11-22 00:00:00-05:00,282.0592956542969,0.0022213409637627337,0.051783004073294406
2019-11-25 00:00:00-05:00,284.24530029296875,0.007720281671603467,0.055344820004708986
2019-11-26 00:00:00-05:00,284.8892822265625,0.0022630225897596937,0.053637733828573314
2019-11-27 00:00:00-05:00,286.1592102050781,0.004447713596441298,0.05397038943245183
2019-11-29 00:00:00-05:00,285.0979309082031,-0.0037155965027517645,0.05712852662860336
2019-12-02 00:00:00-05:00,282.6761169433594,-0.008530959319962485,0.06558846179518626
2019-12-03 00:00:00-05:00,280.7803955078125,-0.0067289260008296355,0.06454144805531133
2019-12-04 00:00:00-05:00,282.5128479003906,0.006151175699015306,0.06639700368322997
2019-12-05 00:00:00-05:00,283.0207824707031,0.0017963023934002985,0.06620173841266737
2019-12-06 00:00:00-05:00,285.6059265136719,0.009092650109256768,0.07214632734511771
2019-12-09 00:00:00-05:00,284.7078857421875,-0.003149289020949275,0.07312896108303622
2019-12-10 00:00:00-05:00,284.3904724121094,-0.001115495620199949,0.07319907584697816
2019-12-11 00:00:00-05:00,285.19781494140625,0.0028348303077509944,0.07290955870315698
2019-12-12 00:00:00-05:00,287.65594482421875,0.008582102947468247,0.07753246484837761
2019-12-13 00:00:00-05:00,287.82818603515625,0.0005985958842108872,0.07749751031048306
2019-12-16 00:00:00-05:00,289.8055725097656,0.006846532667176254,0.07989097326758364
2019-12-17 00:00:00-05:00,289.8691711425781,0.00021942868397886248,0.07722814584989222
2019-12-18 00:00:00-05:00,289.88726806640625,6.242940176298832e-05,0.0773115138749963
2019-12-19 00:00:00-05:00,291.075439453125,0.004090359081404465,0.07777764009866164
2019-12-20 00:00:00-05:00,292.3515930175781,0.004374687934116539,0.07616198555759653
2019-12-23 00:00:00-05:00,292.7982177734375,0.0015265316141394487,0.07519471243075722
2019-12-24 00:00:00-05:00,292.80731201171875,3.1059263683204905e-05,0.07545366497776017
2019-12-26 00:00:00-05:00,294.36614990234375,0.0053096457997798205,0.07349952116231338
2019-12-27 00:00:00-05:00,294.2930908203125,-0.0002482219843068296,0.07375687507435319
2019-12-30 00:00:00-05:00,292.6706848144531,-0.005528144001325775,0.07684359041450022
2019-12-31 00:00:00-05:00,293.3816223144531,0.0024261924749412966,0.07494461848859166
2020-01-02 00:00:00-05:00,296.1253356933594,0.009308569316718633,0.07062149430010166
2020-01-03 00:00:00-05:00,293.88299560546875,-0.0076010821038678825,0.07206289167987914
2020-01-06 00:00:00-05:00,295.0041198730469,0.0038076079187447575,0.07087988047237571
2020-01-07 00:00:00-05:00,294.1746520996094,-0.0028156761950679544,0.07286891198606466
2020-01-08 00:00:00-05:00,295.7425231933594,0.005315575986402553,0.06921568076139506
2020-01-09 00:00:00-05:00,297.74786376953125,0.006757811927130453,0.06904884620286345
2020-01-10 00:00:00-05:00,296.8909606933594,-0.0028820979528218237,0.07035475144131809
2020-01-13 00:00:00-05:00,298.93280029296875,0.006853864267688089,0.07227219668785005
2020-01-14 00:00:00-05:00,298.47698974609375,-0.001525956363363413,0.06952563130427122
2020-01-15 00:00:00-05:00,299.1514892578125,0.002257254537920627,0.0694143130329381
2020-01-16 00:00:00-05:00,301.6399230957031,0.008283900258970842,0.07088424790391826
2020-01-17 00:00:00-05:00,302.57891845703125,0.0031081325264348775,0.07072443161430804
2020-01-21 00:00:00-05:00,301.9862976074219,-0.0019604867222732013,0.07177770502107149
2020-01-22 00:00:00-05:00,302.0228271484375,0.00012095691791066547,0.07160116545778894
2020-01-23 00:00:00-05:00,302.3691711425781,0.001146090725988583,0.07098539130286084
2020-01-24 00:00:00-05:00,299.68017578125,-0.008932866569792822,0.07982623167516716
2020-01-27 00:00:00-05:00,294.8764343261719,-0.016159423359053373,0.09978227841938606
2020-01-28 00:00:00-05:00,297.96661376953125,0.010425043998937782,0.10445928239946116
2020-01-29 00:00:00-05:00,297.72052001953125,-0.0008262517353200352,0.10453611504744952
2020-01-30 00:00:00-05:00,298.6866760253906,0.0032399235201038797,0.10250387314512158
2020-01-31 00:00:00-05:00,293.26312255859375,-0.018324882443143637,0.1221158310332381
2020-02-03 00:00:00-05:00,295.4416198730469,0.007401018206142155,0.12044729484134427
2020-02-04 00:00:00-05:00,299.94451904296875,0.015126267583455668,0.12812345781127057
2020-02-05 00:00:00-05:00,303.4083557128906,0.011482085758739996,0.13293138951323208
2020-02-06 00:00:00-05:00,304.4292297363281,0.0033590386898224404,0.13221956368975166
2020-02-07 00:00:00-05:00,302.8066711425781,-0.005344092643396157,0.13362623349108788
2020-02-10 00:00:00-05:00,305.0672912597656,0.0074378265189728775,0.13400769120370648
2020-02-11 00:00:00-05:00,305.59600830078125,0.001731616010030376,0.13320643373893676
2020-02-12 00:00:00-05:00,307.5647888183594,0.006421765033618358,0.13299078228537745
2020-02-13 00:00:00-05:00,307.2367248535156,-0.0010672192201413985,0.1328749882536087
2020-02-14 00:00:00-05:00,307.72894287109375,0.0016007987064081133,0.132839673255937
2020-02-18 00:00:00-05:00,306.9359436035156,-0.0025802668250466524,0.13100894999421953
2020-02-19 00:00:00-05:00,308.4034118652344,0.004769631685917547,0.1314986940359281
2020-02-20 00:00:00-05:00,307.136474609375,-0.004116513235910438,0.13230092399389767
2020-02-21 00:00:00-05:00,303.9734191894531,-0.01035193080231496,0.13784161625935448
2020-02-24 00:00:00-05:00,293.89202880859375,-0.033727809770686866,0.1812643811798802
2020-02-25 00:00:00-05:00,284.9865417480469,-0.03077049371892723,0.20676076302631377
2020-02-26 00:00:00-05:00,283.93829345703125,-0.003685019223496622,0.20072396670947792
2020-02-27 00:00:00-05:00,271.1861267089844,-0.045951538438576967,0.24710722245006292
2020-02-28 00:00:00-05:00,270.0468444824219,-0.00420995752254157,0.24675378437547763
2020-03-02 00:00:00-05:00,281.7415771484375,0.04239481567025295,0.2950685854405181
2020-03-03 00:00:00-05:00,273.6745300292969,-0.02905070397191182,0.3043802002549384
2020-03-04 00:00:00-05:00,285.1779479980469,0.041173810635026974,0.3397573026417068
2020-03-05 00:00:00-05:00,275.69818115234375,-0.033806643556353766,0.35133978244205455
2020-03-06 00:00:00-05:00,271.1405029296875,-0.01666957328898898,0.3492229667864003
2020-03-09 00:00:00-04:00,249.9659881591797,-0.08131228627670913,0.4351958847649438
2020-03-10 00:00:00-04:00,262.9004211425781,0.05045047240253953,0.4821155421965172
2020-03-11 00:00:00-04:00,250.08438110351562,-0.04997694831846493,0.5014926345266579
2020-03-12 00:00:00-04:00,226.1570587158203,-0.10056867735145207,0.5901002949231055
2020-03-13 00:00:00-04:00,245.49037170410156,0.08202801936128346,0.6755452326760466
2020-03-16 00:00:00-04:00,218.62789916992188,-0.1158865331608622,0.7658921667318114
2020-03-17 00:00:00-04:00,230.43209838867188,0.05258504086450222,0.8004104828313177
2020-03-18 00:00:00-04:00,218.76466369628906,-0.051959678010007726,0.80993041039627
2020-03-19 00:00:00-04:00,219.22950744628906,0.0021226032452198187,0.8091214471980231
2020-03-20 00:00:00-04:00,209.7820281982422,-0.04405012957424612,0.8133890145340146
2020-03-23 00:00:00-04:00,204.4182586669922,-0.025900848245764288,0.8132933119249162
2020-03-24 00:00:00-04:00,222.93919372558594,0.08673087794511103,0.8891233744901548
2020-03-25 00:00:00-04:00,226.27662658691406,0.014859201825968116,0.8917807484785819
2020-03-26 00:00:00-04:00,239.48892211914062,0.05674889935387109,0.9220722885313778
2020-03-27 00:00:00-04:00,232.3555450439453,-0.03023844128697648,0.9155298307447335
2020-03-30 00:00:00-04:00,239.90147399902344,0.03195959375505911,0.9256154027216681
2020-03-31 00:00:00-04:00,236.32566833496094,-0.015017509708751294,0.9093001021445873
2020-04-01 00:00:00-04:00,225.68983459472656,-0.04604916098776948,0.9160527620556185
2020-04-02 00:00:00-04:00,230.89772033691406,0.022813200013398968,0.905483285365834
2020-04-03 00:00:00-04:00,227.56027221679688,-0.014559707242754114,0.9015679927859601
2020-04-06 00:00:00-04:00,242.8446502685547,0.06500680347166342,0.936682850450049
2020-04-07 00:00:00-04:00,243.09225463867188,0.0010190804157714699,0.894931567372765
2020-04-08 00:00:00-04:00,251.25245666503906,0.03301721708576037,0.8841959066146252
2020-04-09 00:00:00-04:00,255.07594299316406,0.015103079382829177,0.8684488338749812
2020-04-13 00:00:00-04:00,252.7469940185547,-0.009172351751418057,0.7878114081955765
2020-04-14 00:00:00-04:00,260.20111083984375,0.029065870518052903,0.7428950025565828
2020-04-15 00:00:00-04:00,254.67237854003906,-0.021476906177215715,0.6136363793433102
2020-04-16 00:00:00-04:00,255.90109252929688,0.004813083447882731,0.5910831037829004
2020-04-17 00:00:00-04:00,262.8143310546875,0.026656804778282223,0.5574195964167782
2020-04-20 00:00:00-04:00,258.18402099609375,-0.017775226947589106,0.5646093354198133
2020-04-21 00:00:00-04:00,250.34475708007812,-0.030833594151330797,0.5510124329237991
2020-04-22 00:00:00-04:00,255.90109252929688,0.021952016320637733,0.5382463110910795
2020-04-23 00:00:00-04:00,255.88267517089844,-7.197320262480083e-05,0.46239107777727556
2020-04-24 00:00:00-04:00,259.44927978515625,0.013842190566356887,0.46217452994623326
2020-04-27 00:00:00-04:00,263.1902770996094,0.014316027777269412,0.4260231658155921
2020-04-28 00:00:00-04:00,261.9799499511719,-0.004609283729076057,0.40859024656409887
2020-04-29 00:00:00-04:00,268.8381042480469,0.025841381548772708,0.40416419977738594
2020-04-30 00:00:00-04:00,266.3351135253906,-0.009354014326476803,0.40101913245720555
2020-05-01 00:00:00-04:00,259.2843017578125,-0.026830191288349323,0.3744186207000856
2020-05-04 00:00:00-04:00,259.9995422363281,0.0027547205216843325,0.3698999924634628
2020-05-05 00:00:00-04:00,262.4017333984375,0.009196792602811655,0.3626266276599352
2020-05-06 00:00:00-04:00,260.6229248046875,-0.006802032846012076,0.296676573378724
2020-05-07 00:00:00-04:00,263.76788330078125,0.011994856334424606,0.29801662093477566
2020-05-08 00:00:00-04:00,268.1322326660156,0.016410777820915313,0.2827237912186581
2020-05-11 00:00:00-04:00,268.18719482421875,0.00020496053500336116,0.27944310377172854
2020-05-12 00:00:00-04:00,262.8417663574219,-0.02013302254823038,0.2876157838378445
2020-05-13 00:00:00-04:00,258.1932373046875,-0.017843915907546127,0.2774422526966387
2020-05-14 00:00:00-04:00,261.2830810546875,0.011896134933433387,0.2694206031016617
2020-05-15 00:00:00-04:00,262.4842224121094,0.004586553819298265,0.26938368110208816
2020-05-18 00:00:00-04:00,270.4794616699219,0.030005192992247198,0.27358606343321507
2020-05-19 00:00:00-04:00,267.70123291015625,-0.010324612038598774,0.2681809949246639
2020-05-20 00:00:00-04:00,272.2489929199219,0.016845506623632486,0.2451173396693721
2020-05-21 00:00:00-04:00,270.36944580078125,-0.006927721220489034,0.23879243603492908
2020-05-22 00:00:00-04:00,270.8828125,0.001896959671907459,0.23861020754303242
2020-05-26 00:00:00-04:00,274.22027587890625,0.012245408820280107,0.23773428508666936
2020-05-27 00:00:00-04:00,278.30035400390625,0.014769230576148009,0.23801983396417842
2020-05-28 00:00:00-04:00,277.7869567871094,-0.0018464631459848022,0.2371477387268983
2020-05-29 00:00:00-04:00,279.0246887207031,0.004445790537004426,0.22204420304257771
2020-06-01 00:00:00-04:00,280.1524658203125,0.004033707813716052,0.21840592946381698
2020-06-02 00:00:00-04:00,282.4722900390625,0.008246481659785598,0.1913650978737088
2020-06-03 00:00:00-04:00,286.2313537597656,0.013219955624673922,0.19387020560886206
2020-06-04 00:00:00-04:00,285.47955322265625,-0.002630003945255586,0.19464666231461789
2020-06-05 00:00:00-04:00,292.7962646484375,0.025306615559912763,0.20373329140815508
2020-06-08 00:00:00-04:00,296.3353576660156,0.012014753433807722,0.20374124226210186
2020-06-09 00:00:00-04:00,294.1257019042969,-0.007484544631727922,0.2044962591337797
2020-06-10 00:00:00-04:00,292.48443603515625,-0.005595778339644383,0.20697007453711075
2020-06-11 00:00:00-04:00,275.6231384277344,-0.059376962945366485,0.29208274018365776
2020-06-12 00:00:00-04:00,278.923828125,0.01190423489757502,0.2843589144201614
2020-06-15 00:00:00-04:00,281.5278015136719,0.009292477668814718,0.28355265358740417
2020-06-16 00:00:00-04:00,286.946533203125,0.019064698203964985,0.28860762150025226
2020-06-17 00:00:00-04:00,285.754638671875,-0.004162367079413396,0.2740833376807911
2020-06-18 00:00:00-04:00,285.8646545410156,0.00038492707228509845,0.2701954325771464
2020-06-19 00:00:00-04:00,284.23095703125,-0.005731326284887533,0.26705174245258667
2020-06-22 00:00:00-04:00,286.0543518066406,0.0063946973933000865,0.2653904845315529
2020-06-23 00:00:00-04:00,287.3712158203125,0.004592980861002907,0.26545389082202026
2020-06-24 00:00:00-04:00,280.04071044921875,-0.025839827845264077,0.28074822355304496
2020-06-25 00:00:00-04:00,283.04302978515625,0.010663947733808575,0.2785630114905582
2020-06-26 00:00:00-04:00,276.3203125,-0.02403818946292683,0.2915297911547656
2020-06-29 00:00:00-04:00,280.3815002441406,0.014590431346249539,0.29567815523208757
2020-06-30 00:00:00-04:00,283.97308349609375,0.012728280568305767,0.2986066060153513
2020-07-01 00:00:00-04:00,285.9622497558594,0.006980350999832694,0.29823247024959654
2020-07-02 00:00:00-04:00,287.5370178222656,0.0054918013442495665,0.29529408258182166
2020-07-06 00:00:00-04:00,291.97576904296875,0.015319206503951016,0.2996281911953751
2020-07-07 00:00:00-04:00,288.9644470214844,-0.01036715623760391,0.2885507944100524
2020-07-08 00:00:00-04:00,291.1746520996094,0.007619606314683427,0.2865190457475925
2020-07-09 00:00:00-04:00,289.5169982910156,-0.005709254852071684,0.2860656779909917
2020-07-10 00:00:00-04:00,292.4731750488281,0.01015894191111323,0.2879045987127853
2020-07-13 00:00:00-04:00,289.9405822753906,-0.008696939949174674,0.19462909573141532
2020-07-14 00:00:00-04:00,293.6979675292969,0.012875904671104443,0.19525433269538045
2020-07-15 00:00:00-04:00,296.3962097167969,0.009145187656546728,0.19519002620763348
2020-07-16 00:00:00-04:00,295.4200134277344,-0.003298987544579547,0.1863805942758026
2020-07-17 00:00:00-04:00,296.2764892578125,0.002894985602800045,0.185333973571354
2020-07-20 00:00:00-04:00,298.6708068847656,0.00804888287984083,0.18653500369150347
2020-07-21 00:00:00-04:00,299.3062744140625,0.0021253917194703946,0.18435870386902775
2020-07-22 00:00:00-04:00,301.010009765625,0.005676140963643514,0.18418223859232474
2020-07-23 00:00:00-04:00,297.41839599609375,-0.012003631045246873,0.19058455683019915
2020-07-24 00:00:00-04:00,295.5029296875,-0.00646113704888372,0.16556279102773058
2020-07-27 00:00:00-04:00,297.6578369140625,0.007265877408685188,0.163876728019878
2020-07-28 00:00:00-04:00,295.7699890136719,-0.0063625404355698734,0.13722102721015209
2020-07-29 00:00:00-04:00,299.40765380859375,0.012223947371514342,0.13498100908298583
2020-07-30 00:00:00-04:00,298.3393249511719,-0.0035745224414523084,0.13215336439640743
2020-07-31 00:00:00-04:00,300.6968688964844,0.00787116418460257,0.1325819614420527
2020-08-03 00:00:00-04:00,302.7872619628906,0.006927775959787897,0.13309723211316604
2020-08-04 00:00:00-04:00,303.9569396972656,0.0038555924561630363,0.12480904885193192
2020-08-05 00:00:00-04:00,305.8447265625,0.006191497991294007,0.11722835757134864
2020-08-06 00:00:00-04:00,307.8892517089844,0.006662602306367933,0.11676865699649996
2020-08-07 00:00:00-04:00,308.1103210449219,0.0007177581128505296,0.1130284883019862
2020-08-10 00:00:00-04:00,309.03118896484375,0.0029843029140903298,0.10996495618404864
2020-08-11 00:00:00-04:00,306.4802551269531,-0.008288874130973636,0.1094435501174739
2020-08-12 00:00:00-04:00,310.7532653808594,0.013845905565051308,0.11063157201946425
2020-08-13 00:00:00-04:00,310.1914978027344,-0.0018093967924290909,0.10907258359072823
2020-08-14 00:00:00-04:00,310.20068359375,2.961285229495045e-05,0.10757020687887248
2020-08-17 00:00:00-04:00,311.1860656738281,0.0031715607299941757,0.10759294202815047
2020-08-18 00:00:00-04:00,311.85833740234375,0.0021580227222884594,0.10556935462787467
2020-08-19 00:00:00-04:00,310.55987548828125,-0.004172319417499131,0.10774991721310105
2020-08-20 00:00:00-04:00,311.5268249511719,0.0031087314386920284,0.1069374507569452
2020-08-21 00:00:00-04:00,312.6319274902344,0.0035410981245214013,0.0948289509569095
2020-08-24 00:00:00-04:00,315.7998962402344,0.010082225202466993,0.09269720166538153
2020-08-25 00:00:00-04:00,316.9049987792969,0.0034932673085060887,0.09150701831083825
2020-08-26 00:00:00-04:00,320.08209228515625,0.009975460716184447,0.08791297670597116
2020-08-27 00:00:00-04:00,320.78204345703125,0.0021843988800782895,0.0824456088905846
2020-08-28 00:00:00-04:00,322.8540344238281,0.006438415109254542,0.07918269686231563
2020-08-31 00:00:00-04:00,321.68450927734375,-0.0036290348853671535,0.08164337018086554
2020-09-01 00:00:00-04:00,324.7143249511719,0.009374515243826808,0.08346577877150115
2020-09-02 00:00:00-04:00,329.41094970703125,0.01436026292797706,0.0918152048294357
2020-09-03 00:00:00-04:00,318.074462890625,-0.035020543157901624,0.16235211030426028
2020-09-04 00:00:00-04:00,315.47760009765625,-0.008197834047309503,0.1649616450965798
2020-09-08 00:00:00-04:00,306.8577880859375,-0.027703272082952656,0.19292930513225906
2020-09-09 00:00:00-04:00,312.9174499511719,0.019555008307809832,0.2045579806187155
2020-09-10 00:00:00-04:00,307.48394775390625,-0.017516534122297374,0.21197079549194325
2020-09-11 00:00:00-04:00,307.6405944824219,0.0005093171257070086,0.20607027632836386
2020-09-14 00:00:00-04:00,311.6925048828125,0.013084939968231365,0.2112530476376439
2020-09-15 00:00:00-04:00,313.2673645019531,0.005039885054380801,0.21190516665141101
2020-09-16 00:00:00-04:00,312.024169921875,-0.00397637309864416,0.2122027578563951
2020-09-17 00:00:00-04:00,309.27978515625,-0.008834331705306467,0.21428411777926712
2020-09-18 00:00:00-04:00,305.7191467285156,-0.011579461454017762,0.21744212549667677
2020-09-21 00:00:00-04:00,302.316650390625,-0.01119188004986618,0.2198755664733243
2020-09-22 00:00:00-04:00,305.3955383300781,0.010132804113393741,0.2229176335405342
2020-09-23 00:00:00-04:00,298.3131103515625,-0.023464142633476296,0.23179871484375958
2020-09-24 00:00:00-04:00,299.1082763671875,0.00266199537834532,0.23153603389809696
2020-09-25 00:00:00-04:00,303.9439392089844,0.01603763774734835,0.23663114998327628
2020-09-28 00:00:00-04:00,308.9922180175781,0.016472818267727243,0.24518927626379694
2020-09-29 00:00:00-04:00,307.30938720703125,-0.005461076130853826,0.24362180370680356
2020-09-30 00:00:00-04:00,309.6396179199219,0.007554082345770134,0.24595083826710631
2020-10-01 00:00:00-04:00,311.6273498535156,0.006398984073950691,0.24445626207670276
2020-10-02 00:00:00-04:00,308.6686706542969,-0.00953964410282364,0.2382952794422593
2020-10-05 00:00:00-04:00,314.14227294921875,0.017577543496962028,0.21833375436624802
2020-10-06 00:00:00-04:00,309.67645263671875,-0.01431793058250615,0.22201815376301898
2020-10-07 00:00:00-04:00,315.06689453125,0.01725692859896752,0.20775635786185026
2020-10-08 00:00:00-04:00,317.8592224121094,0.008823608072797811,0.1989883205331438
2020-10-09 00:00:00-04:00,320.6977844238281,0.008890610168444484,0.18923876944910634
2020-10-12 00:00:00-04:00,325.85699462890625,0.015959420229602277,0.19517678875094335
2020-10-13 00:00:00-04:00,323.7303771972656,-0.006547618138660517,0.19390937711474127
2020-10-14 00:00:00-04:00,321.6962890625,-0.006303101422570069,0.19549932203128606
2020-10-15 00:00:00-04:00,321.2986145019531,-0.001236944831279235,0.1948031163688244
2020-10-16 00:00:00-04:00,321.1045227050781,-0.0006042679169492774,0.19141465207289393
2020-10-19 00:00:00-04:00,316.2226867675781,-0.015320015672678523,0.19510865981946293
2020-10-20 00:00:00-04:00,317.4892578125,0.0039973137393036024,0.18956880734137913
2020-10-21 00:00:00-04:00,316.8883056640625,-0.0018946203737352707,0.18790381179773025
2020-10-22 00:00:00-04:00,318.6265563964844,0.0054703836872064355,0.16420346710532321
2020-10-23 00:00:00-04:00,319.7083435058594,0.00338940623543496,0.16419629019927326
2020-10-26 00:00:00-04:00,313.80023193359375,-0.01865257423641405,0.17364890853018197
2020-10-27 00:00:00-04:00,312.7184143066406,-0.0034534285886194203,0.16555971041934114
2020-10-28 00:00:00-04:00,302.030029296875,-0.03477670363340448,0.20537519444954241
2020-10-29 00:00:00-04:00,305.0997009277344,0.010112164289303519,0.2068759367504947
2020-10-30 00:00:00-04:00,301.9190979003906,-0.010479517739242765,0.20783493931386693
2020-11-02 00:00:00-05:00,305.3031311035156,0.011146061774223599,0.21010220722562048
2020-11-03 00:00:00-05:00,310.6935729980469,0.017501975116295348,0.21002032880473304
2020-11-04 00:00:00-05:00,317.6373291015625,0.022103126790825357,0.2176413710660769
2020-11-05 00:00:00-05:00,323.8321228027344,0.019314984593109298,0.21966088456998728
2020-11-06 00:00:00-05:00,323.7581481933594,-0.0002284611520891764,0.21798963489265344
2020-11-09 00:00:00-05:00,327.826416015625,0.012487467971687562,0.2200027592127025
2020-11-10 00:00:00-05:00,327.3456115722656,-0.001467719955755801,0.21329941107182174
2020-11-11 00:00:00-05:00,329.7773132324219,0.0074010894104831375,0.21319851615726448
2020-11-12 00:00:00-05:00,326.5780944824219,-0.009748511396199486,0.21498798924703824
2020-11-13 00:00:00-05:00,331.0994567871094,0.013749697028889403,0.2194926414565399
2020-11-16 00:00:00-05:00,335.23236083984375,0.01240510191207963,0.22257753465519692
2020-11-17 00:00:00-05:00,333.429443359375,-0.005392627000011813,0.21535517006742844
2020-11-18 00:00:00-05:00,329.4166564941406,-0.012107896204762065,0.22111549397274305
2020-11-19 00:00:00-05:00,330.8035888671875,0.004201429516799874,0.22085553815530995
2020-11-20 00:00:00-05:00,328.5382995605469,-0.006871391790982676,0.22257608759536784
2020-11-23 00:00:00-05:00,330.5076904296875,0.005976507743151878,0.22303878853507947
2020-11-24 00:00:00-05:00,335.8333435058594,0.015985107345897438,0.2155955373483214
2020-11-25 00:00:00-05:00,335.315673828125,-0.0015426373786561966,0.21494967762371125
2020-11-27 00:00:00-05:00,336.2495422363281,0.002781171471700439,0.1645336591141105
2020-11-30 00:00:00-05:00,334.7608947753906,-0.0044370394888523365,0.16666668142521676
2020-12-01 00:00:00-05:00,338.4222106933594,0.010877729967544096,0.15885051378556544
2020-12-02 00:00:00-05:00,339.1341857910156,0.0021015973383160607,0.15783994266675785
2020-12-03 00:00:00-05:00,339.04180908203125,-0.0002724269518651315,0.15200892472883526
2020-12-04 00:00:00-05:00,341.96343994140625,0.008580400190875127,0.1385129803664059
2020-12-07 00:00:00-05:00,341.2608337402344,-0.00205673737282297,0.12710997479851013
2020-12-08 00:00:00-05:00,342.2593994140625,0.002921834163198549,0.12672698173233093
2020-12-09 00:00:00-05:00,339.189697265625,-0.009009397553390409,0.12756935056396382
2020-12-10 00:00:00-05:00,339.07879638671875,-0.00032701173925191884,0.12728204503837595
2020-12-11 00:00:00-05:00,338.6811218261719,-0.001173496972886113,0.1258814209908076
2020-12-14 00:00:00-05:00,337.1648254394531,-0.004487114073760781,0.121316060821203
2020-12-15 00:00:00-05:00,341.7230224609375,0.013428626047501224,0.12091264071379813
2020-12-16 00:00:00-05:00,342.2593994140625,0.0015683942917880177,0.11424587596115571
2020-12-17 00:00:00-05:00,344.17327880859375,0.005576320634618664,0.11283730006765857
2020-12-18 00:00:00-05:00,342.79901123046875,-0.004000945689584224,0.10362827434826083
2020-12-21 00:00:00-05:00,341.573486328125,-0.003581459560938812,0.1049456259447625
2020-12-22 00:00:00-05:00,340.99774169921875,-0.0016869880880100569,0.1011883227677051
2020-12-23 00:00:00-05:00,341.3041687011719,0.0008982153439236255,0.10005271389772924
2020-12-24 00:00:00-05:00,342.63189697265625,0.0038826141975728335,0.08578948372852223
2020-12-28 00:00:00-05:00,345.5754089355469,0.008554195477752104,0.08915071713180264
2020-12-29 00:00:00-05:00,344.91607666015625,-0.0019097483156116464,0.0897373622783777
2020-12-30 00:00:00-05:00,345.4082946777344,0.0014260487429680734,0.08735382344523561
2020-12-31 00:00:00-05:00,347.1632080078125,0.00506782932652963,0.08161765110140279
2021-01-04 00:00:00-05:00,342.4368896484375,-0.013707632528347825,0.09647350827186817
2021-01-05 00:00:00-05:00,344.7953796386719,0.006863761656456683,0.09892550918683511
2021-01-06 00:00:00-05:00,346.8567810058594,0.005960821315060123,0.09672165846485978
2021-01-07 00:00:00-05:00,352.0101623535156,0.01474808560889024,0.10764012121836514
2021-01-08 00:00:00-05:00,354.0158386230469,0.005681608502055544,0.10852782243782466
2021-01-11 00:00:00-05:00,351.6295166015625,-0.006763542339697479,0.106008982749595
2021-01-12 00:00:00-05:00,351.7037353515625,0.00021104860340215298,0.10589470399688673
2021-01-13 00:00:00-05:00,352.6509094238281,0.0026894822096377286,0.10539953546859285
2021-01-14 00:00:00-05:00,351.4158935546875,-0.003508238509764345,0.10470145599077423
2021-01-15 00:00:00-05:00,348.8531494140625,-0.007319345635698737,0.10068621787261264
2021-01-19 00:00:00-05:00,351.5924377441406,0.007821599123472217,0.10343662662549045
2021-01-20 00:00:00-05:00,356.4578857421875,0.013743442858414232,0.11128143552953224
2021-01-21 00:00:00-05:00,356.7829284667969,0.0009114530201757547,0.10941257951372758
2021-01-22 00:00:00-05:00,355.52008056640625,-0.0035458202689233977,0.10939013338885883
2021-01-25 00:00:00-05:00,356.9222106933594,0.003936127752191924,0.10879589594662407
2021-01-26 00:00:00-05:00,356.36505126953125,-0.0015622304416601062,0.10949091221836532
2021-01-27 00:00:00-05:00,347.6554260253906,-0.02474379622981435,0.14319362513446485
2021-01-28 00:00:00-05:00,350.6452331542969,0.008563146430308609,0.14319981990290037
2021-01-29 00:00:00-05:00,343.6254577636719,-0.020222701932863806,0.1604117721419534
2021-02-01 00:00:00-05:00,349.3453674316406,0.016508745729148566,0.17050413265742528
2021-02-02 00:00:00-05:00,354.2851257324219,0.01404100448897341,0.1762435557676247
2021-02-03 00:00:00-05:00,354.5636901855469,0.0007859629901595475,0.16799648806088385
2021-02-04 00:00:00-05:00,358.5935974121094,0.011301714758137156,0.17041552586545358
2021-02-05 00:00:00-05:00,360.0049133300781,0.003927972884626884,0.16994528753985455
2021-02-08 00:00:00-05:00,362.6048889160156,0.007196101679167374,0.1646094000633382
2021-02-09 00:00:00-05:00,362.3634338378906,-0.0006661121030383558,0.1640024786089151
2021-02-10 00:00:00-05:00,362.2055358886719,-0.0004358396738348622,0.16162246422598883
2021-02-11 00:00:00-05:00,362.7906188964844,0.0016140310013157155,0.16156426651007558
2021-02-12 00:00:00-05:00,364.58270263671875,0.004927558691767353,0.16196126254164292
2021-02-16 00:00:00-05:00,364.2669372558594,-0.0008664761106606296,0.16117121548670027
2021-02-17 00:00:00-05:00,364.3504943847656,0.00022935802972606794,0.15793121369512836
2021-02-18 00:00:00-05:00,362.7998046875,-0.004265121117307025,0.15793483498066366
2021-02-19 00:00:00-05:00,362.1592102050781,-0.001767257557979705,0.1517977033944557
2021-02-22 00:00:00-05:00,359.3735046386719,-0.007721671797759375,0.15460597860767666
2021-02-23 00:00:00-05:00,359.8099670410156,0.0012137722100563897,0.15397480442127867
2021-02-24 00:00:00-05:00,363.7748107910156,0.010959001772218716,0.15778342773322582
2021-02-25 00:00:00-05:00,355.0093688964844,-0.024390844134923102,0.18046894879142428
2021-02-26 00:00:00-05:00,353.18017578125,-0.005165840689929584,0.1582732824047124
2021-03-01 00:00:00-05:00,361.74127197265625,0.023950898290353174,0.17584435261194947
2021-03-02 00:00:00-05:00,358.9185485839844,-0.007833759406300682,0.1612028233791617
2021-03-03 00:00:00-05:00,354.1643981933594,-0.01333427157015151,0.16067877034601583
2021-03-04 00:00:00-05:00,349.78173828125,-0.012451851958518069,0.15906482247248602
2021-03-05 00:00:00-05:00,356.2165222167969,0.018229399392037996,0.1719481509806704
2021-03-08 00:00:00-05:00,354.4429626464844,-0.004991316629638335,0.16793553358776456
2021-03-09 00:00:00-05:00,359.5035705566406,0.014176671306396407,0.1749869182402351
2021-03-10 00:00:00-05:00,361.74127197265625,0.006205128866174202,0.17450170181366556
2021-03-11 00:00:00-05:00,365.4090881347656,0.010088277391964598,0.17801397802807992
2021-03-12 00:00:00-05:00,365.901123046875,0.0013456259158714343,0.17801573238372428
2021-03-15 00:00:00-04:00,368.083251953125,0.005945999423562504,0.1789922312713176
2021-03-16 00:00:00-04:00,367.61895751953125,-0.0012621805106864585,0.17842909780906036
2021-03-17 00:00:00-04:00,368.8724670410156,0.0034040063199027274,0.17866180188253405
2021-03-18 00:00:00-04:00,363.5055236816406,-0.014656473844849388,0.1863262971400708
2021-03-19 00:00:00-04:00,362.8329772949219,-0.001851881947661544,0.18583519552258443
2021-03-22 00:00:00-04:00,365.7301940917969,0.007953276208574974,0.18770885914361754
2021-03-23 00:00:00-04:00,362.8515930175781,-0.007901970935121749,0.18780897878458064
2021-03-24 00:00:00-04:00,361.0070495605469,-0.005096429996090218,0.188758997431041
2021-03-25 00:00:00-04:00,363.0378723144531,0.005609674256713195,0.1857884737608081
2021-03-26 00:00:00-04:00,368.8883056640625,0.01598674327443063,0.17135271625317067
2021-03-29 00:00:00-04:00,368.7019348144531,-0.0005053506495821689,0.16970922890636375
2021-03-30 00:00:00-04:00,367.7237854003906,-0.0026564797030745003,0.15036854962790963
2021-03-31 00:00:00-04:00,369.2142333984375,0.004044980696437014,0.1473945367236021
2021-04-01 00:00:00-04:00,373.2014465332031,0.010741291106791319,0.1406190242327534
2021-04-05 00:00:00-04:00,378.5579833984375,0.014250908750484542,0.13517948302950478
2021-04-06 00:00:00-04:00,378.3345031738281,-0.000590520410938842,0.125154845372261
2021-04-07 00:00:00-04:00,378.7723388671875,0.0011566022596965258,0.12206385668392536
2021-04-08 00:00:00-04:00,380.5702209472656,0.004735373821594578,0.11553555402892457
2021-04-09 00:00:00-04:00,383.33709716796875,0.007244041926714261,0.11598653069300517
2021-04-12 00:00:00-04:00,383.4768371582031,0.0003644690987627898,0.11310208448287609
2021-04-13 00:00:00-04:00,384.61334228515625,0.0029593034432139026,0.11306897815240141
2021-04-14 00:00:00-04:00,383.2998352050781,-0.0034209814327735644,0.11399366257655243
2021-04-15 00:00:00-04:00,387.41741943359375,0.010685172493648367,0.11724613160799276
2021-04-16 00:00:00-04:00,388.7123107910156,0.003336794116909696,0.11723981772314958
2021-04-19 00:00:00-04:00,386.8026123046875,-0.004924991871899036,0.10332259119050696
2021-04-20 00:00:00-04:00,383.9705505371094,-0.007348658850706778,0.10818689777234565
2021-04-21 00:00:00-04:00,387.6037292480469,0.009417643016128926,0.10919765927524894
2021-04-22 00:00:00-04:00,384.0637512207031,-0.009174943741271153,0.11084129963288632
2021-04-23 00:00:00-04:00,388.2279052734375,0.010783994293698822,0.11040759037606271
2021-04-26 00:00:00-04:00,389.038330078125,0.0020853217636634335,0.11021849460262301
2021-04-27 00:00:00-04:00,388.9545593261719,-0.0002153509457933812,0.10057729153526464
2021-04-28 00:00:00-04:00,388.8427429199219,-0.00028752068616696904,0.10049746842329157
2021-04-29 00:00:00-04:00,391.32073974609375,0.006352527936618756,0.09947666376403617
2021-04-30 00:00:00-04:00,388.74957275390625,-0.006592165506546961,0.10470439388825685
2021-05-03 00:00:00-04:00,389.58807373046875,0.002154595257545577,0.10027359298713273
2021-05-04 00:00:00-04:00,387.1845397949219,-0.0061885333353888525,0.09371099313312156
2021-05-05 00:00:00-04:00,387.3056640625,0.0003127845076989543,0.09356107877029239
2021-05-06 00:00:00-04:00,390.3984375,0.007953641328226025,0.09651440916632875
2021-05-07 00:00:00-04:00,393.23980712890625,0.00725176980638263,0.0979796452764761
2021-05-10 00:00:00-04:00,389.3457946777344,-0.009951740946387084,0.10336844007718463
2021-05-11 00:00:00-04:00,385.8710021972656,-0.008964758673881811,0.10871007910013147
2021-05-12 00:00:00-04:00,377.6731262207031,-0.021474046348034202,0.13168950477385824
2021-05-13 00:00:00-04:00,382.2098388671875,0.011940698130117257,0.1385108745920271
2021-05-14 00:00:00-04:00,388.078857421875,0.015238785556895637,0.14379076117589637
2021-05-17 00:00:00-04:00,387.0913391113281,-0.002547876193341256,0.1435568027583052
2021-05-18 00:00:00-04:00,383.75628662109375,-0.008653002715617907,0.14566852992484491
2021-05-19 00:00:00-04:00,382.7501525878906,-0.0026252476419935224,0.14372596867652093
2021-05-20 00:00:00-04:00,386.8677978515625,0.010700593850166019,0.14486642964567314
2021-05-21 00:00:00-04:00,386.551025390625,-0.000819148614259354,0.14110718836511912
2021-05-24 00:00:00-04:00,390.4916076660156,0.010142599360952827,0.14052345145091405
2021-05-25 00:00:00-04:00,389.62530517578125,-0.002220956454272171,0.14061691599635537
2021-05-26 00:00:00-04:00,390.3984375,0.0019823308832728464,0.1407663747399574
2021-05-27 00:00:00-04:00,390.6034851074219,0.0005250886232100829,0.14076077331329392
2021-05-28 00:00:00-04:00,391.30218505859375,0.0017871724526394887,0.13913165395483276
2021-06-01 00:00:00-04:00,390.9574279785156,-0.000881439094268828,0.13711531742992292
2021-06-02 00:00:00-04:00,391.57220458984375,0.0015712548438389156,0.13702913973525122
2021-06-03 00:00:00-04:00,390.1189880371094,-0.0037181389290653986,0.1358304064209619
2021-06-04 00:00:00-04:00,393.68701171875,0.00910441698318973,0.13916556340591024
2021-06-07 00:00:00-04:00,393.3050231933594,-0.0009707558360004882,0.1367811051602692
2021-06-08 00:00:00-04:00,393.3888244628906,0.0002130467146727827,0.1344617346425968
2021-06-09 00:00:00-04:00,392.8019714355469,-0.0014929025865006375,0.12966647748790575
2021-06-10 00:00:00-04:00,394.62786865234375,0.004637620766661039,0.12576365028345224
2021-06-11 00:00:00-04:00,395.2799987792969,0.0016511552853189367,0.09537802412502282
2021-06-14 00:00:00-04:00,396.16497802734375,0.0022363642270033794,0.08853013784242264
2021-06-15 00:00:00-04:00,395.4383850097656,-0.0018357507195037488,0.0742557402561426
2021-06-16 00:00:00-04:00,393.2304992675781,-0.005599032887309144,0.07674840761174044
2021-06-17 00:00:00-04:00,393.1000671386719,-0.00033174884882981344,0.06891745853595087
2021-06-18 00:00:00-04:00,387.7970275878906,-0.013582125248363256,0.08503776320052348
2021-06-21 00:00:00-04:00,393.3487243652344,0.014214479795880421,0.09094993076424308
2021-06-22 00:00:00-04:00,395.4515686035156,0.005331765818581754,0.09206681416684634
2021-06-23 00:00:00-04:00,394.9749450683594,-0.0012059909040992333,0.08620424331501109
2021-06-24 00:00:00-04:00,397.3115234375,0.005898334090548031,0.08750199114948512
2021-06-25 00:00:00-04:00,398.7227478027344,0.003545640921910257,0.08790547805168009
2021-06-28 00:00:00-04:00,399.5266418457031,0.002014143261896617,0.08795444213283356
2021-06-29 00:00:00-04:00,399.7415466308594,0.000537753893958212,0.0879335670314262
2021-06-30 00:00:00-04:00,400.0780029296875,0.0008413305697749324,0.08766725772982878
2021-07-01 00:00:00-04:00,402.2930603027344,0.005521293330868713,0.08899368747458934
2021-07-02 00:00:00-04:00,405.36798095703125,0.007614420788020776,0.08962057896508097
2021-07-06 00:00:00-04:00,404.6297302246094,-0.0018228469701839435,0.08637383750315816
2021-07-07 00:00:00-04:00,406.0596923828125,0.0035277717985126404,0.08628577001332367
2021-07-08 00:00:00-04:00,402.7510986328125,-0.008181424486386554,0.09255949703188951
2021-07-09 00:00:00-04:00,407.0503234863281,0.010618072847168234,0.09762129176405793
2021-07-12 00:00:00-04:00,408.5083923339844,0.0035756356295226295,0.0972869263080194
2021-07-13 00:00:00-04:00,407.1158142089844,-0.0034147575979629665,0.09885377732418467
2021-07-14 00:00:00-04:00,407.7232971191406,0.0014910502312879608,0.0988084971150441
2021-07-15 00:00:00-04:00,406.3306884765625,-0.0034214192810843357,0.0996060567436818
2021-07-16 00:00:00-04:00,403.14361572265625,-0.00787446668984434,0.10187613136809925
2021-07-19 00:00:00-04:00,397.19000244140625,-0.014878103253511243,0.1160780039406692
2021-07-20 00:00:00-04:00,402.88189697265625,0.014228697607968799,0.11353932515096692
2021-07-21 00:00:00-04:00,406.143798828125,0.008063821823884246,0.10688129319831113
2021-07-22 00:00:00-04:00,406.99432373046875,0.0020919575381508466,0.10601280677471293
2021-07-23 00:00:00-04:00,411.1814880371094,0.010235455025391603,0.1098492682121186
2021-07-26 00:00:00-04:00,412.1907653808594,0.0024515711940909656,0.10891935906952238
2021-07-27 00:00:00-04:00,410.3122863769531,-0.004567721094654229,0.11084388799053242
2021-07-28 00:00:00-04:00,410.1440124511719,-0.0004101959565209498,0.11098288644911601
2021-07-29 00:00:00-04:00,411.84503173828125,0.004138794129395503,0.11139242725233142
2021-07-30 00:00:00-04:00,409.8449401855469,-0.00486824853954286,0.11350235843158113
2021-08-02 00:00:00-04:00,408.98504638671875,-0.002100299522563497,0.11287161095158015
2021-08-03 00:00:00-04:00,412.3123779296875,0.008102666947689841,0.11325582343074989
2021-08-04 00:00:00-04:00,410.2842712402344,-0.004930996985956105,0.11466881863618872
2021-08-05 00:00:00-04:00,412.8824462890625,0.006312654828034888,0.11594482595726338
2021-08-06 00:00:00-04:00,413.56475830078125,0.0016511935982189392,0.11126343335186728
2021-08-09 00:00:00-04:00,413.228271484375,-0.0008139566321000467,0.10607729175430555
2021-08-10 00:00:00-04:00,413.7422790527344,0.0012431098887808942,0.10559198866483971
2021-08-11 00:00:00-04:00,414.77044677734375,0.002481961279190316,0.10473497882640723
2021-08-12 00:00:00-04:00,416.0135498046875,0.0029926044800913966,0.10497298500712839
2021-08-13 00:00:00-04:00,416.7704772949219,0.0018178247277595336,0.10378074930494417
2021-08-16 00:00:00-04:00,417.75189208984375,0.002352040600386463,0.09841134682491212
2021-08-17 00:00:00-04:00,415.013427734375,-0.006576821011147669,0.08393309542699824
2021-08-18 00:00:00-04:00,410.47113037109375,-0.011005277237575516,0.08346879782277074
2021-08-19 00:00:00-04:00,411.106689453125,0.0015471673978414845,0.07936208761019546
2021-08-20 00:00:00-04:00,414.3778991699219,0.00792559155018449,0.08324197987506098
2021-08-23 00:00:00-04:00,418.02294921875,0.008757976050722755,0.08127858139091466
2021-08-24 00:00:00-04:00,418.68658447265625,0.0015862981508996024,0.0811102339634005
2021-08-25 00:00:00-04:00,419.5650939941406,0.0020960526908358405,0.07886481991286058
2021-08-26 00:00:00-04:00,417.08831787109375,-0.005920691467015059,0.08239217188942323
2021-08-27 00:00:00-04:00,420.8174133300781,0.00890104922554414,0.0863791804770996
2021-08-30 00:00:00-04:00,422.66802978515625,0.004388029312467868,0.0843478489683868
2021-08-31 00:00:00-04:00,422.0418395996094,-0.0014826162755929015,0.08404528495176708
2021-09-01 00:00:00-04:00,422.26617431640625,0.0005314049336936126,0.08056713532188965
2021-09-02 00:00:00-04:00,423.5653381347656,0.0030719234762189725,0.07769224209420987
2021-09-03 00:00:00-04:00,423.4624938964844,-0.000242835559582459,0.07589168411295753
2021-09-07 00:00:00-04:00,421.9483947753906,-0.003581928646136042,0.07764865899912933
2021-09-08 00:00:00-04:00,421.4343566894531,-0.0012189913741943307,0.0777775363555008
2021-09-09 00:00:00-04:00,419.6305236816406,-0.004289409332482417,0.07983661785213511
2021-09-10 00:00:00-04:00,416.32196044921875,-0.007915714280467764,0.08483642067979709
2021-09-13 00:00:00-04:00,417.3873596191406,0.0025558062605793583,0.08466713814563832
2021-09-14 00:00:00-04:00,415.13494873046875,-0.0054110655339616055,0.08656244168425566
2021-09-15 00:00:00-04:00,418.6024169921875,0.008317938949485947,0.09111485327372679
2021-09-16 00:00:00-04:00,417.9388427734375,-0.001586471319094501,0.08809937430045449
2021-09-17 00:00:00-04:00,413.86767578125,-0.00978881364809215,0.08620694868616298
2021-09-20 00:00:00-04:00,406.9667663574219,-0.016814772050817196,0.10460993972148623
2021-09-21 00:00:00-04:00,406.58233642578125,-0.0009450688567866756,0.10004035469820702
2021-09-22 00:00:00-04:00,410.5484313964844,0.009707445300268017,0.10124266861929804
2021-09-23 00:00:00-04:00,415.53662109375,0.012076844410732616,0.11053136747417078
2021-09-24 00:00:00-04:00,416.2211608886719,0.0016460079227504484,0.11041631969096755
2021-09-27 00:00:00-04:00,415.0302734375,-0.002865290131839514,0.10898283384407856
2021-09-28 00:00:00-04:00,406.6666259765625,-0.020357716610733545,0.12415135060193655
2021-09-29 00:00:00-04:00,407.3511962890625,0.0016819545104810453,0.12284593681684511
2021-09-30 00:00:00-04:00,402.3724365234375,-0.01229758477775598,0.12813945714596853
2021-10-01 00:00:00-04:00,407.154296875,0.011814102666093094,0.13691085075613302
2021-10-04 00:00:00-04:00,401.9035339355469,-0.012980126912099493,0.14103892325071637
2021-10-05 00:00:00-04:00,406.08544921875,0.010351509024621062,0.14778841900993325
2021-10-06 00:00:00-04:00,407.7730712890625,0.004147218334956296,0.14916185489172368
2021-10-07 00:00:00-04:00,411.2985534667969,0.008608536403974756,0.1533275210815276
2021-10-08 00:00:00-04:00,410.5484313964844,-0.0018254548411807273,0.15293078844697525
2021-10-11 00:00:00-04:00,407.576171875,-0.00726606335137336,0.1525790242289473
2021-10-12 00:00:00-04:00,406.5729675292969,-0.002464425262857562,0.15209061401959273
2021-10-13 00:00:00-04:00,408.03564453125,0.0035911198389135955,0.15218436893999596
2021-10-14 00:00:00-04:00,414.89910888671875,0.016680844922733036,0.16101369411625466
2021-10-15 00:00:00-04:00,418.058837890625,0.007586803564753537,0.16329812310012387
2021-10-18 00:00:00-04:00,419.2964782714844,0.0029560719522926217,0.15958442181095647
2021-10-19 00:00:00-04:00,422.5313720703125,0.007685442386331446,0.14800553970949581
2021-10-20 00:00:00-04:00,424.1909484863281,0.003920006596906926,0.1478333038810151
2021-10-21 00:00:00-04:00,425.29730224609375,0.002604755002413034,0.14520300074252748
2021-10-22 00:00:00-04:00,424.8566589355469,-0.0010366201185331902,0.1403992945429916
2021-10-25 00:00:00-04:00,427.1350402832031,0.005348377879413952,0.14117888434313547
2021-10-26 00:00:00-04:00,427.51953125,0.0008997576460540654,0.1404022257427817
2021-10-27 00:00:00-04:00,425.62554931640625,-0.004440006953515026,0.11840999929748693
2021-10-28 00:00:00-04:00,429.7323303222656,0.009602559724932017,0.12114611923141537
2021-10-29 00:00:00-04:00,430.60430908203125,0.002027064798609079,0.10853624597114142
2021-11-01 00:00:00-04:00,431.3450012207031,0.0017186447326684989,0.10401475003111753
2021-11-02 00:00:00-04:00,433.0890197753906,0.004035058497525871,0.0868858716404244
2021-11-03 00:00:00-04:00,435.73309326171875,0.006086589209616218,0.08388896058370154
2021-11-04 00:00:00-04:00,437.7864990234375,0.004701461906939552,0.08397679024917633
2021-11-05 00:00:00-04:00,439.305419921875,0.00346354215347016,0.08180527603671932
2021-11-08 00:00:00-05:00,439.6805114746094,0.0008534643436364317,0.0802696581410537
2021-11-09 00:00:00-05:00,438.2271728515625,-0.003310917484013414,0.07470849060219747
2021-11-10 00:00:00-05:00,434.7017517089844,-0.008077267714628208,0.08244007368435248
2021-11-11 00:00:00-05:00,434.84234619140625,0.00032337516633487674,0.08301269108307041
2021-11-12 00:00:00-05:00,438.1240234375,0.00751848597847134,0.06889570754653104
2021-11-15 00:00:00-05:00,438.27398681640625,0.0003422266564170504,0.06681959641138177
2021-11-16 00:00:00-05:00,440.00860595703125,0.003950030230128179,0.0670405304627103
2021-11-17 00:00:00-05:00,438.9397277832031,-0.0024321764083457464,0.06594477889396182
2021-11-18 00:00:00-05:00,440.4306335449219,0.00339085158155065,0.0657570813340861
2021-11-19 00:00:00-05:00,439.6429748535156,-0.0017899841426839997,0.0668237765972509
2021-11-22 00:00:00-05:00,438.4053649902344,-0.002819003525673616,0.06797835207800428
2021-11-23 00:00:00-05:00,438.9866027832031,0.0013249218122431997,0.06651768716122838
2021-11-24 00:00:00-05:00,440.15869140625,0.00266642914485417,0.06666402183304838
2021-11-26 00:00:00-05:00,430.3416748046875,-0.022555838441126744,0.1050838362617581
2021-11-29 00:00:00-05:00,435.6205749511719,0.012192137796780373,0.10823806309854948
2021-11-30 00:00:00-05:00,427.1444091796875,-0.019649472678024936,0.12884355524795343
2021-12-01 00:00:00-05:00,422.4000549316406,-0.011169288415317601,0.13383163300017772
2021-12-02 00:00:00-05:00,428.86968994140625,0.015200257296838972,0.14430151513403816
2021-12-03 00:00:00-05:00,425.1379089355469,-0.008739511833928838,0.1449567129686314
2021-12-06 00:00:00-05:00,430.1730041503906,0.01177385510450616,0.15053073959574706
2021-12-07 00:00:00-05:00,439.071044921875,0.020473770510602896,0.1672556807582319
2021-12-08 00:00:00-05:00,440.23370361328125,0.002644496964033657,0.16748917442873745
2021-12-09 00:00:00-05:00,437.2614440917969,-0.006774444044347691,0.16879212497843402
2021-12-10 00:00:00-05:00,441.3775634765625,0.009369375728743296,0.1692287778419589
2021-12-13 00:00:00-05:00,437.4676513671875,-0.008897898833139958,0.17248843859526908
2021-12-14 00:00:00-05:00,434.4578552246094,-0.006903819361640501,0.1721044307847682
2021-12-15 00:00:00-05:00,441.2463073730469,0.015504295682613679,0.1807269883063948
2021-12-16 00:00:00-05:00,437.35516357421875,-0.008857643353353952,0.18291986492440404
2021-12-17 00:00:00-05:00,432.7004699707031,-0.010699862934014754,0.1863508941906174
2021-12-20 00:00:00-05:00,428.09930419921875,-0.010690545538886102,0.1888410004107311
2021-12-21 00:00:00-05:00,435.7019958496094,0.017603326074974158,0.1999005145311343
2021-12-22 00:00:00-05:00,440.0584716796875,0.009949094362754794,0.20284831757500324
2021-12-23 00:00:00-05:00,442.7965393066406,0.006202777062319339,0.2038965262591512
2021-12-27 00:00:00-05:00,449.0630798339844,0.014052982155880364,0.20922874696603405
2021-12-28 00:00:00-05:00,448.6960754394531,-0.0008176010521748745,0.19122934347247786
2021-12-29 00:00:00-05:00,449.27008056640625,0.0012784562119538586,0.18759480764179642
2021-12-30 00:00:00-05:00,448.02801513671875,-0.002768458395127583,0.17212649837919913
2021-12-31 00:00:00-05:00,446.8988952636719,-0.002523380309741697,0.1661197817439398
2022-01-03 00:00:00-05:00,449.4864807128906,0.005773393243638296,0.1602779537211939
2022-01-04 00:00:00-05:00,449.33587646484375,-0.0003351146046905441,0.15560253959902934
2022-01-05 00:00:00-05:00,440.7076721191406,-0.019388881941574326,0.16938009747943603
2022-01-06 00:00:00-05:00,440.2936706542969,-0.0009398430518042176,0.1541613380991288
2022-01-07 00:00:00-05:00,438.5529479980469,-0.003961385060083911,0.15450303678242247
2022-01-10 00:00:00-05:00,438.0072326660156,-0.0012451293466737806,0.15270725762178333
2022-01-11 00:00:00-05:00,441.9967346191406,0.009067071134689913,0.15247899781607524
2022-01-12 00:00:00-05:00,443.1916809082031,0.002699870432015807,0.1491438917669352
2022-01-13 00:00:00-05:00,437.0851135253906,-0.013874420819461627,0.1553976479988682
2022-01-14 00:00:00-05:00,437.2639465332031,0.0004090654830560416,0.14523842700454323
2022-01-18 00:00:00-05:00,429.5201416015625,-0.017868373618290887,0.15486057088339317
2022-01-19 00:00:00-05:00,425.0601806640625,-0.010437875325865296,0.1546533599966354
2022-01-20 00:00:00-05:00,420.35552978515625,-0.011129907775111277,0.15501274306006085
2022-01-21 00:00:00-05:00,412.1037292480469,-0.019825765006945533,0.15302487817482613
2022-01-24 00:00:00-05:00,413.85394287109375,0.004238028900855608,0.1483055370461423
2022-01-25 00:00:00-05:00,408.8011169433594,-0.012284345446476271,0.14779744899502953
2022-01-26 00:00:00-05:00,407.77545166015625,-0.0025121118141963046,0.13297644983345538
2022-01-27 00:00:00-05:00,405.76202392578125,-0.004949819536687472,0.13226689184003879
2022-01-28 00:00:00-05:00,415.8390808105469,0.02453152066673581,0.1659477595354272
2022-01-31 00:00:00-05:00,423.3288269042969,0.017850885169371326,0.18197616722294602
2022-02-01 00:00:00-05:00,426.1893310546875,0.006734441011171658,0.18489210308576617
2022-02-02 00:00:00-05:00,430.32928466796875,0.009667007295532472,0.1874971702322883
2022-02-03 00:00:00-05:00,420.21441650390625,-0.023785597432402845,0.20180847853093356
2022-02-04 00:00:00-05:00,422.1904296875,0.004691370940451298,0.19456508109591428
2022-02-07 00:00:00-05:00,420.83544921875,-0.0032145671193599006,0.19456198496153618
2022-02-08 00:00:00-05:00,424.2980651855469,0.008194291867373112,0.19766980711106438
2022-02-09 00:00:00-05:00,430.5081481933594,0.01453005878441242,0.20540249852230189
2022-02-10 00:00:00-05:00,422.77374267578125,-0.01812910231534397,0.21044743574200991
2022-02-11 00:00:00-05:00,414.43719482421875,-0.019915705884335107,0.2183581311604004
2022-02-14 00:00:00-05:00,413.082275390625,-0.003274655625968268,0.21488539025119077
2022-02-15 00:00:00-05:00,419.7440490722656,0.015998331401276912,0.22429742393464713
2022-02-16 00:00:00-05:00,420.21441650390625,0.001119977951493451,0.21683554978301808
2022-02-17 00:00:00-05:00,411.2380676269531,-0.021592809724435037,0.22616759153369204
2022-02-18 00:00:00-05:00,408.57525634765625,-0.0064961633719999145,0.22426238338458765
2022-02-22 00:00:00-05:00,404.1905822753906,-0.01078961836473516,0.21694957312740099
2022-02-23 00:00:00-05:00,397.0209045410156,-0.017897569457542676,0.22375852051235834
2022-02-24 00:00:00-05:00,402.9956359863281,0.01493679749451055,0.22779253479865502
2022-02-25 00:00:00-05:00,411.8872985839844,0.02182403173242868,0.24056912848913944
2022-02-28 00:00:00-05:00,410.8335266113281,-0.0025616771002734636,0.2400318846832588
2022-03-01 00:00:00-05:00,404.576416015625,-0.015347454297613574,0.22943573722165178
2022-03-02 00:00:00-05:00,412.01910400390625,0.018229083811491995,0.22983704019260717
2022-03-03 00:00:00-05:00,409.9678039550781,-0.004991087539922063,0.2282629627362146
2022-03-04 00:00:00-05:00,406.6369934082031,-0.008157750308157477,0.2252650685805419
2022-03-07 00:00:00-05:00,394.6496887207031,-0.029922371961603512,0.23336153590425457
2022-03-08 00:00:00-05:00,391.6575622558594,-0.00761061507057257,0.23214804799586497
2022-03-09 00:00:00-05:00,402.15826416015625,0.026457810747585585,0.2544157994563228
2022-03-10 00:00:00-05:00,400.34222412109375,-0.004525961455751314,0.251693131394623
2022-03-11 00:00:00-05:00,395.2518310546875,-0.012796632899337228,0.24576163317220548
2022-03-14 00:00:00-04:00,392.36322021484375,-0.007335115769374285,0.24077449910672657
2022-03-15 00:00:00-04:00,400.9915466308594,0.02175235340441155,0.24824882241662655
2022-03-16 00:00:00-04:00,409.88311767578125,0.021931693852779918,0.26109258291699894
2022-03-17 00:00:00-04:00,415.01123046875,0.012433541018929307,0.25855637223017475
2022-03-18 00:00:00-04:00,419.5566711425781,0.010893027663914869,0.26154610107618365
2022-03-21 00:00:00-04:00,419.4340515136719,-0.00029230270721248577,0.24960070135924556
2022-03-22 00:00:00-04:00,424.3419189453125,0.011633236671148347,0.25069393656255484
2022-03-23 00:00:00-04:00,418.877197265625,-0.012961751183531331,0.2521772400771355
2022-03-24 00:00:00-04:00,425.1914367675781,0.014961715280797726,0.245606697414733
2022-03-25 00:00:00-04:00,427.26788330078125,0.004871670919752116,0.2420283211058119
2022-03-28 00:00:00-04:00,430.3070373535156,0.0070878163591952805,0.23262285818099937
2022-03-29 00:00:00-04:00,435.6303405761719,0.012295046772821911,0.23456988714320684
2022-03-30 00:00:00-04:00,432.9404296875,-0.0061938982532858955,0.22769397933803562
2022-03-31 00:00:00-04:00,426.2769775390625,-0.015510825749432829,0.22967229991152505
2022-04-01 00:00:00-04:00,427.48504638671875,0.0028299915434785183,0.22843032484640402
2022-04-04 00:00:00-04:00,431.1470947265625,0.008530010394479733,0.22639285627028788
2022-04-05 00:00:00-04:00,425.70111083984375,-0.012711836673549083,0.20154873298525217
2022-04-06 00:00:00-04:00,421.4443359375,-0.010049775385366645,0.20342756368035292
2022-04-07 00:00:00-04:00,423.56805419921875,0.005026488979149196,0.18571600640423547
2022-04-08 00:00:00-04:00,422.4354248046875,-0.0026776014504533447,0.1849474871399864
2022-04-11 00:00:00-04:00,415.2150573730469,-0.017239997873484916,0.19016253571075645
2022-04-12 00:00:00-04:00,413.6765441894531,-0.0037122223159104604,0.1882429433333764
2022-04-13 00:00:00-04:00,418.4147033691406,0.01138867980136401,0.17804822759585825
2022-04-14 00:00:00-04:00,413.2047119140625,-0.012529913377812736,0.16930770394152272
2022-04-18 00:00:00-04:00,413.3745422363281,0.0004109232691302718,0.163551435503326
2022-04-19 00:00:00-04:00,420.0475158691406,0.016013773979899473,0.16880072600176577
2022-04-20 00:00:00-04:00,419.736083984375,-0.0007416955965722789,0.16881957623124152
2022-04-21 00:00:00-04:00,413.4594421386719,-0.01506671695830947,0.1710276870734843
2022-04-22 00:00:00-04:00,402.114501953125,-0.027822546553621375,0.19050291086424015
2022-04-25 00:00:00-04:00,404.44580078125,0.005780858077340972,0.18273304202140792
2022-04-26 00:00:00-04:00,392.7326965332031,-0.02938851790758527,0.20301230196258144
2022-04-27 00:00:00-04:00,393.8370666503906,0.0028080683864672414,0.20059043971083718
2022-04-28 00:00:00-04:00,403.7850646972656,0.024945430965404025,0.21776329519217402
2022-04-29 00:00:00-04:00,388.8629150390625,-0.037655840302056064,0.24767699378648064
2022-05-02 00:00:00-04:00,391.2036437988281,0.006001374520278231,0.24750850175607303
2022-05-03 00:00:00-04:00,392.9969177246094,0.004573516367114188,0.24819532410743386
2022-05-04 00:00:00-04:00,404.9649353027344,0.029998714960316697,0.2718707196977428
2022-05-05 00:00:00-04:00,390.5713195800781,-0.03618989468648176,0.2937417096084343
2022-05-06 00:00:00-04:00,388.239990234375,-0.005986909229032151,0.29304136653676877
2022-05-09 00:00:00-04:00,375.80963134765625,-0.032540964373709486,0.30716592434604034
2022-05-10 00:00:00-04:00,376.6780090332031,0.0023080194927622847,0.30826692845989956
2022-05-11 00:00:00-04:00,370.6940002441406,-0.0160138099729534,0.30770524799995314
2022-05-12 00:00:00-04:00,370.30706787109375,-0.001044350473607085,0.30802834776155913
2022-05-13 00:00:00-04:00,379.1602783203125,0.023626439013196162,0.3190880960974894
2022-05-16 00:00:00-04:00,377.621826171875,-0.004065778666260548,0.31781273176984975
2022-05-17 00:00:00-04:00,385.3897399902344,0.020361898946003452,0.32885244028583865
2022-05-18 00:00:00-04:00,369.85400390625,-0.04114679017647177,0.3456539240476089
2022-05-19 00:00:00-04:00,367.5887145996094,-0.006143653940762094,0.34511278593080885
2022-05-20 00:00:00-04:00,367.74920654296875,0.00043651208864184285,0.3443381590119657
2022-05-23 00:00:00-04:00,374.6298828125,0.01853735753886574,0.34405399893283195
2022-05-24 00:00:00-04:00,371.7699890136719,-0.00766320548087815,0.34269722579065054
2022-05-25 00:00:00-04:00,375.0545654296875,0.008796169259466411,0.33244418039969437
2022-05-26 00:00:00-04:00,382.5487060546875,0.019784458053048994,0.34075957004108337
2022-05-27 00:00:00-04:00,391.9399108886719,0.024252558240540695,0.3400927944745202
2022-05-31 00:00:00-04:00,389.74078369140625,-0.005626678551617609,0.3142046207060463
2022-06-01 00:00:00-04:00,386.5883483886719,-0.008121433293492273,0.31467498531372146
2022-06-02 00:00:00-04:00,393.9503479003906,0.018864453153136323,0.3214369416761072
2022-06-03 00:00:00-04:00,387.4849853515625,-0.016547780236431994,0.3070314704414689
2022-06-06 00:00:00-04:00,388.6647644042969,0.0030400833389235427,0.28113378326608
2022-06-07 00:00:00-04:00,392.3929443359375,0.009546562832501807,0.2822753024181423
2022-06-08 00:00:00-04:00,388.1268005371094,-0.010931654992286334,0.2593967082733162
2022-06-09 00:00:00-04:00,378.89599609375,-0.02407034095789021,0.27408587935149703
2022-06-10 00:00:00-04:00,367.9096374511719,-0.029424393172038665,0.28772815092570975
2022-06-13 00:00:00-04:00,353.9407958984375,-0.03870770168975598,0.3169546921790837
2022-06-14 00:00:00-04:00,352.874267578125,-0.0030178449352993115,0.3027711534554948
2022-06-15 00:00:00-04:00,357.90496826171875,0.014155688392216339,0.3088020389150416
2022-06-16 00:00:00-04:00,346.0597229003906,-0.03365612967811796,0.3149289403674157
2022-06-17 00:00:00-04:00,346.8057556152344,0.0021534714205961626,0.28700939060263303
2022-06-21 00:00:00-04:00,355.53607177734375,0.024861870702196448,0.30249665796088
2022-06-22 00:00:00-04:00,354.8915100097656,-0.0018145746616933048,0.3024073718840456
2022-06-23 00:00:00-04:00,358.370361328125,0.009754843331811014,0.29647606886514644
2022-06-24 00:00:00-04:00,369.7642517089844,0.031298664529830385,0.31727734217299497
2022-06-27 00:00:00-04:00,368.35205078125,-0.0038265044305512514,0.3157482651875509
2022-06-28 00:00:00-04:00,360.825439453125,-0.02064484642834056,0.31349592586436453
2022-06-29 00:00:00-04:00,360.5315246582031,-0.0008148942224424193,0.29789478460502833
2022-06-30 00:00:00-04:00,357.6025085449219,-0.008157341721115506,0.2982001364477012
2022-07-01 00:00:00-04:00,361.384765625,0.010521165271250214,0.3019995641342731
2022-07-05 00:00:00-04:00,362.0672607421875,0.0018867742290623723,0.2919215817616762
2022-07-06 00:00:00-04:00,363.2900695800781,0.003371607193182127,0.2892930030660004
2022-07-07 00:00:00-04:00,368.7311096191406,0.014866073275441035,0.2952789600144439
2022-07-08 00:00:00-04:00,368.427734375,-0.0008230933230739742,0.2921133503652638
2022-07-11 00:00:00-04:00,364.21905517578125,-0.01148909830602323,0.29231035912344355
2022-07-12 00:00:00-04:00,360.99609375,-0.008888348924024507,0.28312637424043213
2022-07-13 00:00:00-04:00,359.1002197265625,-0.00526562452410263,0.26580760529799385
2022-07-14 00:00:00-04:00,358.2281188964844,-0.0024315260189783925,0.22828757403307115
2022-07-15 00:00:00-04:00,365.07220458984375,0.01892516771849351,0.2364473839582628
2022-07-18 00:00:00-04:00,362.0578308105469,-0.0082912021258152,0.23422590518471822
2022-07-19 00:00:00-04:00,371.8403015136719,0.02666051240573178,0.21570190337166542
2022-07-20 00:00:00-04:00,374.2100524902344,0.006352812336998198,0.2158812858122688
2022-07-21 00:00:00-04:00,378.020751953125,0.010131816030019657,0.20328322689067221
2022-07-22 00:00:00-04:00,374.5133972167969,-0.009321517532546866,0.2071135076684322
2022-07-25 00:00:00-04:00,374.96844482421875,0.0012142993674069376,0.20548327780113831
2022-07-26 00:00:00-04:00,370.5322265625,-0.011901453065631866,0.18136252482265078
2022-07-27 00:00:00-04:00,380.153564453125,0.025634865840270592,0.20098204925799626
2022-07-28 00:00:00-04:00,384.92156982421875,0.012464310723764624,0.18727085716720673
2022-07-29 00:00:00-04:00,390.53326416015625,0.014473550367725739,0.19072301300157518
2022-08-01 00:00:00-04:00,389.3768310546875,-0.0029655570817396118,0.18743925783899856
2022-08-02 00:00:00-04:00,386.8079833984375,-0.006619189109676652,0.18938161132488412
2022-08-03 00:00:00-04:00,392.8651428222656,0.015538001976416653,0.1940026817047079
2022-08-04 00:00:00-04:00,392.5997619628906,-0.0006757294128769359,0.1946438383275101
2022-08-05 00:00:00-04:00,391.9361877441406,-0.0016916353603420714,0.19108851530982632
2022-08-08 00:00:00-04:00,391.48114013671875,-0.0011616992435651004,0.19117536079529682
2022-08-09 00:00:00-04:00,389.9266052246094,-0.003978811247135165,0.1857510956839251
2022-08-10 00:00:00-04:00,398.1166076660156,0.02078641677681292,0.1897238394664868
2022-08-11 00:00:00-04:00,398.1166076660156,0.0,0.1871114003256116
2022-08-12 00:00:00-04:00,404.8563537597656,0.01678737565887408,0.1894377955113139
2022-08-15 00:00:00-04:00,406.524658203125,0.004112264817097783,0.18338568377066994
2022-08-16 00:00:00-04:00,407.3209533691406,0.0019568709563589624,0.17727594536268854
2022-08-17 00:00:00-04:00,404.42974853515625,-0.007123411295830789,0.16492737752895373
2022-08-18 00:00:00-04:00,405.6051940917969,0.0029022115462744094,0.164740361537812
2022-08-19 00:00:00-04:00,400.1546630859375,-0.01352912805122784,0.1735043269076166
2022-08-22 00:00:00-04:00,391.8224182128906,-0.02104240770475432,0.18789863505809823
2022-08-23 00:00:00-04:00,390.8744812011719,-0.0024222338836597124,0.18854833244228478
2022-08-24 00:00:00-04:00,392.125732421875,0.0031960458350592615,0.18167287315800082
2022-08-25 00:00:00-04:00,397.6615905761719,0.014018834324786483,0.16706234360690556
2022-08-26 00:00:00-04:00,384.20123291015625,-0.03443490929995814,0.20520043816444525
2022-08-29 00:00:00-04:00,381.6607360839844,-0.006634370806546352,0.1992675107593132
2022-08-30 00:00:00-04:00,377.4709777832031,-0.011038402865759689,0.2021639534254032
2022-08-31 00:00:00-04:00,374.59881591796875,-0.007638056607905144,0.2025208732668844
2022-09-01 00:00:00-04:00,375.7741394042969,0.003132640746592096,0.19371772415730018
2022-09-02 00:00:00-04:00,371.8118896484375,-0.010600216438476731,0.1958259244936487
2022-09-06 00:00:00-04:00,370.408935546875,-0.003780426861689534,0.19583878562506207
2022-09-07 00:00:00-04:00,377.0633239746094,0.017805514917677772,0.2083276563549443
2022-09-08 00:00:00-04:00,379.52789306640625,0.006514952205588955,0.21010044551321308
2022-09-09 00:00:00-04:00,385.4239501953125,0.01541580413306846,0.20371767961451293
2022-09-12 00:00:00-04:00,389.56640625,0.010690444008964278,0.20805763148908954
2022-09-13 00:00:00-04:00,372.6270446777344,-0.04445630258340948,0.24656283339425245
2022-09-14 00:00:00-04:00,374.0489501953125,0.0038086325157098743,0.24643994576459344
2022-09-15 00:00:00-04:00,369.80224609375,-0.011418278983916424,0.24674583528424918
2022-09-16 00:00:00-04:00,366.9811096191406,-0.007658018438956706,0.24682161843077918
2022-09-19 00:00:00-04:00,369.8270263671875,0.0077250257204947,0.24922899461357495
2022-09-20 00:00:00-04:00,365.5819396972656,-0.011544960740585095,0.24840639650055552
2022-09-21 00:00:00-04:00,359.2048034667969,-0.01759773026329604,0.24575402140061303
2022-09-22 00:00:00-04:00,356.1875,-0.008435431423804946,0.2461073284688314
2022-09-23 00:00:00-04:00,350.2196960449219,-0.016896617049385065,0.24810178108350464
2022-09-26 00:00:00-04:00,346.7550964355469,-0.009941903735624102,0.23817949456105236
2022-09-27 00:00:00-04:00,345.8699035644531,-0.0025560537174884675,0.21564239122820275
2022-09-28 00:00:00-04:00,352.6753234863281,0.019485167103770164,0.23155105925751449
2022-09-29 00:00:00-04:00,345.30828857421875,-0.021110262108852987,0.23807613521151108
2022-09-30 00:00:00-04:00,339.9686279296875,-0.015584265529679144,0.24107725258041718
2022-10-03 00:00:00-04:00,348.9443054199219,0.026058983585688988,0.262496097435172
2022-10-04 00:00:00-04:00,359.7568054199219,0.03051593652599324,0.2861159693971056
2022-10-05 00:00:00-04:00,358.9192810058594,-0.0023307434573832195,0.28601887665882464
2022-10-06 00:00:00-04:00,355.21673583984375,-0.010369392537971102,0.27861316798674124
2022-10-07 00:00:00-04:00,345.30828857421875,-0.028290518586648702,0.2897503377583346
2022-10-10 00:00:00-04:00,342.6717224121094,-0.007664696728536321,0.2806500209882139
2022-10-11 00:00:00-04:00,340.50164794921875,-0.006352945989120641,0.27432483434707705
2022-10-12 00:00:00-04:00,339.37847900390625,-0.0033040235257606717,0.2368987373987905
2022-10-13 00:00:00-04:00,348.3351135253906,0.026049044472729908,0.2582355233918629
2022-10-14 00:00:00-04:00,340.3968811035156,-0.02305275210531283,0.26582564889044746
2022-10-17 00:00:00-04:00,349.1441650390625,0.025372683037747125,0.2840165945254404
2022-10-18 00:00:00-04:00,353.24639892578125,0.011680910139530449,0.28611157492703493
2022-10-19 00:00:00-04:00,350.7431640625,-0.007111598083081018,0.28469265174196845
2022-10-20 00:00:00-04:00,347.8020324707031,-0.008420783611170208,0.2800842322199979
2022-10-21 00:00:00-04:00,356.25421142578125,0.02401110736437526,0.29230001622301205
2022-10-24 00:00:00-04:00,360.6134338378906,0.012162011142412823,0.2884312817206492
2022-10-25 00:00:00-04:00,366.3719787597656,0.015842588489948673,0.28949237112414145
2022-10-26 00:00:00-04:00,363.6116943359375,-0.0075626282651911824,0.2911352352267774
2022-10-27 00:00:00-04:00,361.66998291015625,-0.005354377824959574,0.2854084375365948
2022-10-28 00:00:00-04:00,370.27435302734375,0.023512078934164717,0.28331104402744894
2022-10-31 00:00:00-04:00,367.5997619628906,-0.007249482597915078,0.27771805538930255
2022-11-01 00:00:00-04:00,365.9912109375,-0.004385423656436853,0.26666832590162237
2022-11-02 00:00:00-04:00,356.80621337890625,-0.025416504548284164,0.26237851668862394
2022-11-03 00:00:00-04:00,353.1322021484375,-0.010350317575455728,0.2645865126336642
2022-11-04 00:00:00-04:00,358.2148742675781,0.014290516642263275,0.2670964701122566
2022-11-07 00:00:00-05:00,361.6413879394531,0.009520065965801922,0.24730324144074284
2022-11-08 00:00:00-05:00,363.5926513671875,0.005381071572385234,0.24486303040550456
2022-11-09 00:00:00-05:00,356.1018981933594,-0.020817230561762986,0.25653994689916526
2022-11-10 00:00:00-05:00,375.67108154296875,0.05349705663743167,0.3110407388939026
2022-11-11 00:00:00-05:00,379.3070983886719,0.00963218555046362,0.3020022999454827
2022-11-14 00:00:00-05:00,376.0804138183594,-0.00854317590200907,0.2895160664735352
2022-11-15 00:00:00-05:00,379.28802490234375,0.008492889561518403,0.2801163949024317
2022-11-16 00:00:00-05:00,376.39459228515625,-0.007657835951750044,0.2813934244512052
2022-11-17 00:00:00-05:00,375.2428283691406,-0.0030646819486090876,0.279902291137689
2022-11-18 00:00:00-05:00,376.9465637207031,0.004530077884888356,0.2766955943587602
2022-11-21 00:00:00-05:00,375.575927734375,-0.0036427814917695364,0.26772160937785794
2022-11-22 00:00:00-05:00,380.6300964355469,0.013367372908387179,0.26830080578524546
2022-11-23 00:00:00-05:00,383.0286560058594,0.006281778215858666,0.26435775966510755
2022-11-25 00:00:00-05:00,382.9429626464844,-0.0002237507438808119,0.26218534421355527
2022-11-28 00:00:00-05:00,376.8323974609375,-0.016085535967787265,0.268771369658166
2022-11-29 00:00:00-05:00,376.1851501464844,-0.0017190767357452097,0.2572377427210275
2022-11-30 00:00:00-05:00,388.03515625,0.03101450161728081,0.2757232690382824
2022-12-01 00:00:00-05:00,387.74969482421875,-0.0007359293965835787,0.27485068852578154
2022-12-02 00:00:00-05:00,387.30230712890625,-0.0011544715551346973,0.25570597131847295
2022-12-05 00:00:00-05:00,380.3350524902344,-0.018152962142739964,0.2625246017449937
2022-12-06 00:00:00-05:00,374.8526306152344,-0.014519617610312764,0.26658942330581964
2022-12-07 00:00:00-05:00,374.2148742675781,-0.001702801143017334,0.26551901124140004
2022-12-08 00:00:00-05:00,377.14642333984375,0.007803340303185833,0.2660824638734753
2022-12-09 00:00:00-05:00,374.32916259765625,-0.007497978626817837,0.25564923942226714
2022-12-12 00:00:00-05:00,379.725830078125,0.01431396828091613,0.1824930991293175
2022-12-13 00:00:00-05:00,382.6003723144531,0.007541537602604733,0.18131643259623315
2022-12-14 00:00:00-05:00,380.1541748046875,-0.006414136515116945,0.18013772347161422
2022-12-15 00:00:00-05:00,370.8549499511719,-0.024765877930738815,0.19757345578964655
2022-12-16 00:00:00-05:00,366.47662353515625,-0.011876279371343291,0.1998726014148596
2022-12-19 00:00:00-05:00,363.36895751953125,-0.008516006337628982,0.20137523109759303
2022-12-20 00:00:00-05:00,363.8661804199219,0.0013674338654158444,0.20047178887497316
2022-12-21 00:00:00-05:00,369.3069152832031,0.014841883231222873,0.20826826125680079
2022-12-22 00:00:00-05:00,364.0384216308594,-0.014368631066950495,0.2066488986173407
2022-12-23 00:00:00-05:00,366.1322937011719,0.005735310293762834,0.20637736826163205
2022-12-27 00:00:00-05:00,364.6885986328125,-0.00395089128254056,0.20634328753189574
2022-12-28 00:00:00-05:00,360.1562194824219,-0.012505954677625287,0.2036912167665767
2022-12-29 00:00:00-05:00,366.63916015625,0.017840269217852023,0.21516498758360433
2022-12-30 00:00:00-05:00,365.6734313964844,-0.0026374783957823387,0.18040581017143204
2023-01-03 00:00:00-05:00,364.134033203125,-0.004218648208149255,0.18030068086736784
2023-01-04 00:00:00-05:00,366.94512939453125,0.007690302745329191,0.18400196499645868
2023-01-05 00:00:00-05:00,362.75701904296875,-0.011479084580347965,0.17824316950431388
2023-01-06 00:00:00-05:00,371.0758361816406,0.02267321080187226,0.19202496486266263
2023-01-09 00:00:00-05:00,370.8654479980469,-0.0005671289459661193,0.19197430104414956
2023-01-10 00:00:00-05:00,373.4663391113281,0.0069885546846727925,0.1915543922602692
2023-01-11 00:00:00-05:00,378.1898498535156,0.012568440174528368,0.19485790899232258
2023-01-12 00:00:00-05:00,379.5667724609375,0.003634212047374991,0.18872592325036394
2023-01-13 00:00:00-05:00,381.0392761230469,0.003871926878508987,0.18729608677783396
2023-01-17 00:00:00-05:00,380.3412780761719,-0.0018335068805380732,0.18604754304506294
2023-01-18 00:00:00-05:00,374.3363952636719,-0.01591410414408142,0.17327525865421395
2023-01-19 00:00:00-05:00,371.611328125,-0.007306354522883287,0.16987050288906372
2023-01-20 00:00:00-05:00,378.5340576171875,0.018457558120816554,0.1770533368036287
2023-01-23 00:00:00-05:00,383.0758972167969,0.011927085281403078,0.18036554679527764
2023-01-24 00:00:00-05:00,382.6648254394531,-0.0010736579750024679,0.17493225296920029
2023-01-25 00:00:00-05:00,382.8082275390625,0.00037467576612654695,0.16505349654367812
2023-01-26 00:00:00-05:00,387.0154724121094,0.010930520227055126,0.16734388718385157
2023-01-27 00:00:00-05:00,387.90472412109375,0.0022950804567986424,0.16563363716152502
2023-01-30 00:00:00-05:00,383.0377197265625,-0.012626283823358566,0.16577547681812652
2023-01-31 00:00:00-05:00,388.66961669921875,0.014596199091659469,0.16244731136835047
2023-02-01 00:00:00-05:00,392.8003845214844,0.010571887055446589,0.1633403804065252
2023-02-02 00:00:00-05:00,398.51837158203125,0.014452043600398588,0.16515152792056775
2023-02-03 00:00:00-05:00,394.2823791503906,-0.010686248061017398,0.1724989204412608
2023-02-06 00:00:00-05:00,391.8728332519531,-0.006129968753281709,0.16760264495450458
2023-02-07 00:00:00-05:00,396.9980163574219,0.012993901903625827,0.15678404460127876
2023-02-08 00:00:00-05:00,392.65692138671875,-0.010995027058667324,0.16395161389390703
2023-02-09 00:00:00-05:00,389.2528991699219,-0.008706998256583175,0.16777237325869315
2023-02-10 00:00:00-05:00,390.16131591796875,0.002331025382393029,0.16331379259349665
2023-02-13 00:00:00-05:00,394.7414245605469,0.011670645016248819,0.1669786307165134
2023-02-14 00:00:00-05:00,394.55975341796875,-0.00046033415597210303,0.16699750534290908
2023-02-15 00:00:00-05:00,395.841064453125,0.0032421832786286926,0.16658458342531957
2023-02-16 00:00:00-05:00,390.3907470703125,-0.013864625193757007,0.163953277793465
2023-02-17 00:00:00-05:00,389.4154357910156,-0.002501421017900613,0.16134097703572933
2023-02-21 00:00:00-05:00,381.60345458984375,-0.020264739646746934,0.16789148028762174
2023-02-22 00:00:00-05:00,381.0775451660156,-0.0013791074049317718,0.16260939453988538
2023-02-23 00:00:00-05:00,383.1046142578125,0.005305211123194482,0.16369955009225512
2023-02-24 00:00:00-05:00,379.0122375488281,-0.010739602551626287,0.16789952073939066
2023-02-27 00:00:00-05:00,380.3030090332031,0.003399833556632755,0.1634209445626011
2023-02-28 00:00:00-05:00,378.8974609375,-0.0037027103041786767,0.16329504387901905
2023-03-01 00:00:00-05:00,377.44403076171875,-0.0038433220464527953,0.15825293251014846
2023-03-02 00:00:00-05:00,380.3795166015625,0.007747187408198991,0.15154787168856837
2023-03-03 00:00:00-05:00,386.47991943359375,0.01591042956171073,0.15769948387559718
2023-03-06 00:00:00-05:00,386.7477111816406,0.0006926595691891127,0.1478583258416568
2023-03-07 00:00:00-05:00,380.8193664550781,-0.0154474124417691,0.15246299755090822
2023-03-08 00:00:00-05:00,381.4408874511719,0.0016307321040084973,0.1519619029639614
2023-03-09 00:00:00-05:00,374.4034118652344,-0.018622033565698616,0.1539839354744758
2023-03-10 00:00:00-05:00,369.0009765625,-0.014534566901961957,0.15682225561547736
2023-03-13 00:00:00-04:00,368.4749755859375,-0.001426490082085025,0.1554821317857997
2023-03-14 00:00:00-04:00,374.56591796875,0.016395002940423415,0.16822658171169905
2023-03-15 00:00:00-04:00,372.2232971191406,-0.006273868144714786,0.16127108262236292
2023-03-16 00:00:00-04:00,378.7539978027344,0.017392976761127856,0.17573993421589656
2023-03-17 00:00:00-04:00,374.3253173828125,-0.01176166011884236,0.17783125183552953
2023-03-20 00:00:00-04:00,377.9247131347656,0.009569752277366735,0.1777580340999651
2023-03-21 00:00:00-04:00,382.88702392578125,0.013044964790234065,0.18472589428533853
2023-03-22 00:00:00-04:00,376.36016845703125,-0.017193389237440106,0.18091632131636742
2023-03-23 00:00:00-04:00,377.37762451171875,0.002699762920672905,0.1812631399227324
2023-03-24 00:00:00-04:00,379.85394287109375,0.006540475314709969,0.18180825838155903
2023-03-27 00:00:00-04:00,380.56427001953125,0.0018682544499986932,0.1779845402747615
2023-03-28 00:00:00-04:00,379.7100524902344,-0.0022471307091667353,0.17777806092554757
2023-03-29 00:00:00-04:00,385.22906494140625,0.014430189524635819,0.18409961093281604
2023-03-30 00:00:00-04:00,387.4847106933594,0.005838260504994933,0.18408489225158045
2023-03-31 00:00:00-04:00,392.9461364746094,0.013996153419752631,0.18809292775314607
2023-04-03 00:00:00-04:00,394.4434814453125,0.0038033185644785698,0.18098590457475563
2023-04-04 00:00:00-04:00,392.25506591796875,-0.005563557170765875,0.1823992873592986
2023-04-05 00:00:00-04:00,391.2280578613281,-0.002621648415115526,0.17330069985931035
2023-04-06 00:00:00-04:00,392.7541198730469,0.003893108753013571,0.17353477038301093
2023-04-10 00:00:00-04:00,393.1573181152344,0.001026065426898046,0.15759884814476222
2023-04-11 00:00:00-04:00,393.2628479003906,0.0002683801620304295,0.1455225830564225
2023-04-12 00:00:00-04:00,391.6599426269531,-0.0040842424782615355,0.14683397770665624
2023-04-13 00:00:00-04:00,396.8622131347656,0.013195180253074342,0.143510877355972
2023-04-14 00:00:00-04:00,395.892822265625,-0.0024456264773360563,0.14106864130859353
2023-04-17 00:00:00-04:00,397.3133544921875,0.0035817515971176836,0.1309870483798637
2023-04-18 00:00:00-04:00,397.572509765625,0.0006520565889335934,0.12089185176521804
2023-04-19 00:00:00-04:00,397.50531005859375,-0.00016903932046834883,0.11877930107760225
2023-04-20 00:00:00-04:00,395.3360595703125,-0.005472105731027381,0.11514495512879794
2023-04-21 00:00:00-04:00,395.643310546875,0.000776887498268274,0.09304574528679976
2023-04-24 00:00:00-04:00,396.0559997558594,0.0010425403710547722,0.09315088059487239
2023-04-25 00:00:00-04:00,389.76910400390625,-0.01600109199884634,0.11120257669359312
2023-04-26 00:00:00-04:00,388.11822509765625,-0.00424452571216269,0.11276360695078115
2023-04-27 00:00:00-04:00,395.8448486328125,0.019712341030019204,0.12938625693330008
2023-04-28 00:00:00-04:00,399.2233581542969,0.008498717035649745,0.12370233705076787
2023-05-01 00:00:00-04:00,398.8203430175781,-0.0010100077737274931,0.12308837177214892
2023-05-02 00:00:00-04:00,394.33782958984375,-0.011303069945040888,0.12158797357909833
2023-05-03 00:00:00-04:00,391.6311340332031,-0.0068875652399784035,0.12319041546891116
2023-05-04 00:00:00-04:00,388.857177734375,-0.007108288329613996,0.12412825117516413
2023-05-05 00:00:00-04:00,396.0559997558594,0.01834349093370089,0.13969994614384768
2023-05-08 00:00:00-04:00,396.16156005859375,0.00026649321780710457,0.13918148366576227
2023-05-09 00:00:00-04:00,394.4241943359375,-0.004395142487105806,0.14014342752003336
2023-05-10 00:00:00-04:00,396.2671203613281,0.0046615647051981525,0.14101252734649117
2023-05-11 00:00:00-04:00,395.5760803222656,-0.0017453965984641942,0.14031427301543462
2023-05-12 00:00:00-04:00,395.0577697753906,-0.0013111268156840567,0.13252496072193795
2023-05-15 00:00:00-04:00,396.4206848144531,0.0034439759624110785,0.13284708121647232
2023-05-16 00:00:00-04:00,393.7716064453125,-0.006704920619338705,0.13418683205474363
2023-05-17 00:00:00-04:00,398.55157470703125,0.012065849810155465,0.14099501167001494
2023-05-18 00:00:00-04:00,402.390869140625,0.009587015569254835,0.1447460081987116
2023-05-19 00:00:00-04:00,401.8053894042969,-0.0014560620832231555,0.14329089053866362
2023-05-22 00:00:00-04:00,401.9685974121094,0.0004061042351020259,0.14329651831904852
2023-05-23 00:00:00-04:00,397.45733642578125,-0.011286371089865938,0.14922690296460894
2023-05-24 00:00:00-04:00,394.5777587890625,-0.007271370528207599,0.14009318757652744
2023-05-25 00:00:00-04:00,397.99481201171875,0.008622741993576724,0.14158835144676435
2023-05-26 00:00:00-04:00,403.14910888671875,0.012867520699055722,0.13196860502828728
2023-05-30 00:00:00-04:00,403.3027648925781,0.0003810667758727218,0.12901952818664345
2023-05-31 00:00:00-04:00,401.0663146972656,-0.005560770584172464,0.13063650820165262
2023-06-01 00:00:00-04:00,404.8768310546875,0.009456113055990895,0.12721767442741208
2023-06-02 00:00:00-04:00,410.7318420410156,0.01435764910176379,0.13130413801651114
2023-06-05 00:00:00-04:00,409.9447937011719,-0.0019180479785971345,0.12781911431313497
2023-06-06 00:00:00-04:00,410.8374328613281,0.002175094643119531,0.11412897809663469
2023-06-07 00:00:00-04:00,409.4168395996094,-0.0034637909968939532,0.11546157232596863
2023-06-08 00:00:00-04:00,411.893310546875,0.006030556062398944,0.11432077151308734
2023-06-09 00:00:00-04:00,412.63226318359375,0.0017924315706021945,0.11393063518259734
2023-06-12 00:00:00-04:00,416.3756408691406,0.009031043273826835,0.11565662145438226
2023-06-13 00:00:00-04:00,419.1207275390625,0.006571175295376836,0.11565844749098095
2023-06-14 00:00:00-04:00,419.6198425292969,0.001190153587321124,0.11576762070399721
2023-06-15 00:00:00-04:00,424.8221740722656,0.012321502858556932,0.11503437307666592
2023-06-16 00:00:00-04:00,423.3751525878906,-0.0034119958710321207,0.11318657879299432
2023-06-20 00:00:00-04:00,421.1785888671875,-0.005201726227139568,0.11373260289729453
2023-06-21 00:00:00-04:00,419.02056884765625,-0.005136936273311897,0.11590649553035287
2023-06-22 00:00:00-04:00,420.5331726074219,0.0036033557394497076,0.11588247048241178
2023-06-23 00:00:00-04:00,417.35394287109375,-0.007588719136218439,0.11108919393328408
2023-06-26 00:00:00-04:00,415.648681640625,-0.004094257478642601,0.10813665853839019
2023-06-27 00:00:00-04:00,420.20562744140625,0.010903792443585907,0.11004193769938547
2023-06-28 00:00:00-04:00,420.41754150390625,0.0005041832650293196,0.10363479707715524
2023-06-29 00:00:00-04:00,422.0744934082031,0.003933459242369139,0.1036673790902817
2023-06-30 00:00:00-04:00,427.0553283691406,0.011731756348191425,0.10472833442755942
2023-07-03 00:00:00-04:00,427.5466613769531,0.0011498523706774371,0.10218829335873855
2023-07-05 00:00:00-04:00,426.91082763671875,-0.0014882749950045203,0.09358559067320531
2023-07-06 00:00:00-04:00,423.5677795410156,-0.007861609417414239,0.09871680382593936
2023-07-07 00:00:00-04:00,422.4984436035156,-0.002527784416022914,0.0996851375172098
2023-07-10 00:00:00-04:00,423.5677795410156,0.0025277844160229304,0.09820230474890283
2023-07-11 00:00:00-04:00,426.2652587890625,0.006348278274798647,0.0983881747605207
2023-07-12 00:00:00-04:00,429.6950378417969,0.008013917052153555,0.1008448218224503
2023-07-13 00:00:00-04:00,433.1054992675781,0.007905602839790625,0.09991731165686223
2023-07-14 00:00:00-04:00,432.8357849121094,-0.0006229391509984643,0.09875887214739412
2023-07-17 00:00:00-04:00,434.338623046875,0.0034660608650594763,0.0989736893572858
2023-07-18 00:00:00-04:00,437.5660095214844,0.0074031060142327855,0.09360760199864898
2023-07-19 00:00:00-04:00,438.5390625,0.002221316619883213,0.09197295570400849
2023-07-20 00:00:00-04:00,435.62957763671875,-0.006656600278341038,0.09346962752544846
2023-07-21 00:00:00-04:00,435.62957763671875,0.0,0.09044496992331855
2023-07-24 00:00:00-04:00,437.57568359375,0.00445739224348376,0.09070147474871137
2023-07-25 00:00:00-04:00,438.770263671875,0.002726276812835871,0.08390005577093126
2023-07-26 00:00:00-04:00,438.837646484375,0.00015356017613925475,0.08100862519928483
2023-07-27 00:00:00-04:00,435.92822265625,-0.006651916035516227,0.08112122623309627
2023-07-28 00:00:00-04:00,440.1961364746094,0.00974278944242649,0.08552787314402399
2023-07-31 00:00:00-04:00,441.0342712402344,0.0019021926865178038,0.08529502773882348
2023-08-01 00:00:00-04:00,439.7721862792969,-0.002865750617300875,0.07928674675468697
2023-08-02 00:00:00-04:00,433.6546325683594,-0.014008394563812164,0.09559382183662676
2023-08-03 00:00:00-04:00,432.4118347167969,-0.002869984583321383,0.09610633731616097
2023-08-04 00:00:00-04:00,430.4561462402344,-0.004533003584633243,0.0930526963583919
2023-08-07 00:00:00-04:00,434.21337890625,0.008690618101775894,0.0961106227704796
2023-08-08 00:00:00-04:00,432.32513427734375,-0.004358138937521058,0.097946960973745
2023-08-09 00:00:00-04:00,429.4349365234375,-0.00670768741416622,0.09935328693785907
2023-08-10 00:00:00-04:00,429.5890808105469,0.00035888237267723774,0.09537496864203486
2023-08-11 00:00:00-04:00,429.338623046875,-0.000583187082325165,0.09092546550098125
2023-08-14 00:00:00-04:00,431.70855712890625,0.0055047856173322165,0.09319908142367991
2023-08-15 00:00:00-04:00,426.67962646484375,-0.011717281987742195,0.10039311999494434
2023-08-16 00:00:00-04:00,423.5485534667969,-0.007365286699105093,0.09811006060197386
2023-08-17 00:00:00-04:00,420.32122802734375,-0.00764890803055733,0.09927985775630682
2023-08-18 00:00:00-04:00,420.52349853515625,0.00048111263667208626,0.09815268262628252
2023-08-21 00:00:00-04:00,423.259521484375,0.006485156665711846,0.102045502694993
2023-08-22 00:00:00-04:00,422.1130676269531,-0.0027123059702251926,0.09988468795354506
2023-08-23 00:00:00-04:00,426.814453125,0.011076171869738806,0.10838697118672945
2023-08-24 00:00:00-04:00,420.89923095703125,-0.013955934148002318,0.11668038962157465
2023-08-25 00:00:00-04:00,423.86651611328125,0.00702513654257376,0.11937916646813763
2023-08-28 00:00:00-04:00,426.5544128417969,0.00632135354993874,0.11591648894783146
2023-08-29 00:00:00-04:00,432.72015380859375,0.014351284281130652,0.1279196038033059
2023-08-30 00:00:00-04:00,434.5024108886719,0.0041102703315114356,0.12885236729138833
2023-08-31 00:00:00-04:00,433.8665771484375,-0.0014644324305125881,0.11935010284955937
2023-09-01 00:00:00-04:00,434.67578125,0.001863361821966368,0.11903022215589701
2023-09-05 00:00:00-04:00,432.7972106933594,-0.004331140014102861,0.11893005762384036
2023-09-06 00:00:00-04:00,429.8876647949219,-0.00674535282366766,0.11714743988522755
2023-09-07 00:00:00-04:00,428.5678405761719,-0.003074883323348538,0.11669519139706987
2023-09-08 00:00:00-04:00,429.2133483886719,0.0015050643279561106,0.11456418715579968
2023-09-11 00:00:00-04:00,432.0361328125,0.006555114617180195,0.11681415969863435
2023-09-12 00:00:00-04:00,429.6661376953125,-0.005500742366068933,0.11849693958105482
2023-09-13 00:00:00-04:00,430.1670837402344,0.0011652169027956873,0.1169165956626231
2023-09-14 00:00:00-04:00,433.8761901855469,0.008585517278458956,0.11273048937956241
2023-09-15 00:00:00-04:00,428.6487121582031,-0.012121486624409667,0.11814337645760477
2023-09-18 00:00:00-04:00,428.9001159667969,0.0005863311978300656,0.11430677058322018
2023-09-19 00:00:00-04:00,428.0106201171875,-0.0020760532728328956,0.1147845994378551
2023-09-20 00:00:00-04:00,424.0757751464844,-0.009235854399401427,0.11791951513530742
2023-09-21 00:00:00-04:00,417.0664978027344,-0.016666477994356898,0.13125421824141476
2023-09-22 00:00:00-04:00,416.12872314453125,-0.0022510332047369643,0.12428518499983134
2023-09-25 00:00:00-04:00,417.87860107421875,0.004196319256883976,0.11648689191558366
2023-09-26 00:00:00-04:00,411.739501953125,-0.014800089724810788,0.12342144072515547
2023-09-27 00:00:00-04:00,411.90380859375,0.0003989752377044599,0.1204326676021017
2023-09-28 00:00:00-04:00,414.29180908203125,0.005780730585207305,0.10920837491944804
2023-09-29 00:00:00-04:00,413.2863464355469,-0.0024298928977286457,0.10686801715128634
2023-10-02 00:00:00-04:00,413.1219482421875,-0.0003978619202801384,0.1070473522518349
2023-10-03 00:00:00-04:00,407.5919189453125,-0.01347634836209956,0.11251953075237947
2023-10-04 00:00:00-04:00,410.5599060058594,0.007255377277697794,0.11790459612880634
2023-10-05 00:00:00-04:00,410.4052734375,-0.0003767092053597167,0.11708443232843307
2023-10-06 00:00:00-04:00,415.2779235839844,0.011802848187323087,0.12664955082455984
2023-10-09 00:00:00-04:00,417.9366760253906,0.006381936818437844,0.12920849613777904
2023-10-10 00:00:00-04:00,420.11181640625,0.005190977096964137,0.1282507025790265
2023-10-11 00:00:00-04:00,421.83282470703125,0.004088180181229881,0.12862527469042612
2023-10-12 00:00:00-04:00,419.26116943359375,-0.006115043752547802,0.12963784576061327
2023-10-13 00:00:00-04:00,417.1728515625,-0.004993393759326628,0.12514913112335835
2023-10-16 00:00:00-04:00,421.5621032714844,0.010466457258344433,0.12629040175624354
2023-10-17 00:00:00-04:00,421.5427551269531,-4.589736221284086e-05,0.12622231591245492
2023-10-18 00:00:00-04:00,415.92559814453125,-0.013414814297319317,0.13353896927356929
2023-10-19 00:00:00-04:00,412.27117919921875,-0.00882505888199246,0.13324109864228031
2023-10-20 00:00:00-04:00,407.2051696777344,-0.012364173941525641,0.12772670059718694
2023-10-23 00:00:00-04:00,406.4993591308594,-0.0017348083951882892,0.12768260455732122
2023-10-24 00:00:00-04:00,409.56414794921875,0.007511188040750984,0.12991680574526995
2023-10-25 00:00:00-04:00,403.68603515625,-0.01445610534510108,0.12945964222521716
2023-10-26 00:00:00-04:00,398.8520202636719,-0.012046963562418524,0.13490167504259956
2023-10-27 00:00:00-04:00,397.0440673828125,-0.004543196074699955,0.1325693129579725
2023-10-30 00:00:00-04:00,401.7911376953125,0.011885120138848036,0.141023290193426
2023-10-31 00:00:00-04:00,404.3144836425781,0.006260604373372463,0.14345110877783004
2023-11-01 00:00:00-04:00,408.6263732910156,0.010608225796331631,0.14135991630148073
2023-11-02 00:00:00-04:00,416.4573974609375,0.018982943566816474,0.15408309269954595
2023-11-03 00:00:00-04:00,420.25689697265625,0.009082014382045936,0.15672757434215515
2023-11-06 00:00:00-05:00,421.2237548828125,0.0022979930281318986,0.15195773079489608
2023-11-07 00:00:00-05:00,422.4225158691406,0.0028418588090049217,0.15077333018981026
2023-11-08 00:00:00-05:00,422.7319030761719,0.00073214365071311,0.149816632348279
2023-11-09 00:00:00-05:00,419.43511962890625,-0.00782932648508444,0.15169209981408074
2023-11-10 00:00:00-05:00,425.9803771972656,0.015484429539742207,0.15946230615898663
2023-11-13 00:00:00-05:00,425.57427978515625,-0.0009537789255566699,0.15823608250761356
2023-11-14 00:00:00-05:00,433.8307800292969,0.019215046934341624,0.16749707242976275
2023-11-15 00:00:00-05:00,434.74920654296875,0.0021147778446636485,0.16743479719938595
2023-11-16 00:00:00-05:00,435.2809143066406,0.0012222745330893034,0.1584783747302636
2023-11-17 00:00:00-05:00,435.82232666015625,0.0012430499572689767,0.15343792014422464
2023-11-20 00:00:00-05:00,439.1771240234375,0.007668150646953296,0.14415850267641073
2023-11-21 00:00:00-05:00,438.22003173828125,-0.00218166347700192,0.14437498495888837
2023-11-22 00:00:00-05:00,439.9118347167969,0.003853191385799127,0.14367374073681122
2023-11-24 00:00:00-05:00,440.18255615234375,0.000615210020411998,0.12878167308374322
2023-11-27 00:00:00-05:00,439.38983154296875,-0.0018025232149186685,0.11691897059024298
2023-11-28 00:00:00-05:00,439.82489013671875,0.0009896527401799893,0.11296580942256453
2023-11-29 00:00:00-05:00,439.5155334472656,-0.0007036107835347673,0.1115277378900573
2023-11-30 00:00:00-05:00,441.2460632324219,0.00392962640191761,0.11129647835531789
2023-12-01 00:00:00-05:00,443.8564147949219,0.005898433674003992,0.10903235104366917
2023-12-04 00:00:00-05:00,441.5264892578125,-0.005263103465713639,0.0987425538088701
2023-12-05 00:00:00-05:00,441.4394226074219,-0.00019721407022136404,0.09649104543683701
2023-12-06 00:00:00-05:00,439.6605224609375,-0.00403791323216619,0.09899099248343203
2023-12-07 00:00:00-05:00,443.01531982421875,0.007601462182430293,0.10083276447211596
2023-12-08 00:00:00-05:00,444.919921875,0.004289963687276682,0.10090376480898644
2023-12-11 00:00:00-05:00,446.65045166015625,0.003881986234075163,0.09379696522063043
2023-12-12 00:00:00-05:00,448.6903991699219,0.0045568143970134345,0.08240858421312375
2023-12-13 00:00:00-05:00,454.8778991699219,0.013695913703478712,0.09000747108355246
2023-12-14 00:00:00-05:00,456.3377685546875,0.0032042263659905167,0.06858672209953771
2023-12-15 00:00:00-05:00,455.5863952636719,-0.0016478858459035603,0.07001343807237702
2023-12-18 00:00:00-05:00,458.14910888671875,0.005609326399059473,0.07086255637349816
2023-12-19 00:00:00-05:00,460.9350891113281,0.006062532167856934,0.0717988406756032
2023-12-20 00:00:00-05:00,454.5477600097656,-0.013954237925529774,0.08967029602985067
2023-12-21 00:00:00-05:00,458.8577575683594,0.009437275041025114,0.09242478734340183
2023-12-22 00:00:00-05:00,459.7799072265625,0.0020076467649455363,0.09222758259798207
2023-12-26 00:00:00-05:00,461.7213439941406,0.004213645152389171,0.09233825041187907
2023-12-27 00:00:00-05:00,462.5561828613281,0.001806468446889951,0.09116921864764746
2023-12-28 00:00:00-05:00,462.7309265136719,0.0003777068817898988,0.09131697304191239
2023-12-29 00:00:00-05:00,461.3913269042969,-0.0028991846971079243,0.09257065669224372
2024-01-02 00:00:00-05:00,458.8091735839844,-0.005612168427041742,0.09629724406377385
2024-01-03 00:00:00-05:00,455.0622863769531,-0.008200077071277628,0.1011094045418596
2024-01-04 00:00:00-05:00,453.5964050292969,-0.00322647575638619,0.09970873596468822
2024-01-05 00:00:00-05:00,454.2177734375,0.001368933246423767,0.09956302511892806
2024-01-08 00:00:00-05:00,460.7021179199219,0.014174908901203367,0.10684737253935113
2024-01-09 00:00:00-05:00,460.0032043457031,-0.001518213681543528,0.10573101239417496
2024-01-10 00:00:00-05:00,462.6047058105469,0.005639466843842385,0.10623490493218678
2024-01-11 00:00:00-05:00,462.40087890625,-0.0004407041664688813,0.10625159788908763
2024-01-12 00:00:00-05:00,462.7211608886719,0.0006924102581946785,0.10576180153057169
2024-01-16 00:00:00-05:00,461.0224609375,-0.0036778643464478082,0.09722839317706275
2024-01-17 00:00:00-05:00,458.45977783203125,-0.00557420172569467,0.0990485062769394
2024-01-18 00:00:00-05:00,462.53680419921875,0.008853568142161945,0.10314755787644211
2024-01-19 00:00:00-05:00,468.30279541015625,0.012388955010462041,0.10966373675691247
2024-01-22 00:00:00-05:00,469.29296875,0.0021121548236599694,0.1082302702683252
2024-01-23 00:00:00-05:00,470.66168212890625,0.002912298683813415,0.09398286174881465
2024-01-24 00:00:00-05:00,471.1761474609375,0.0010924712663597956,0.08962531251604189
2024-01-25 00:00:00-05:00,473.73883056640625,0.005424169260190304,0.09075796206467045
2024-01-26 00:00:00-05:00,473.13702392578125,-0.0012711417633118965,0.09062259685218496
2024-01-29 00:00:00-05:00,476.88397216796875,0.007888178654051892,0.0935677045673822
2024-01-30 00:00:00-05:00,476.51513671875,-0.0007737273177228903,0.09381905463948735
2024-01-31 00:00:00-05:00,468.73968505859375,-0.016451917216719614,0.11168561808908886
2024-02-01 00:00:00-05:00,474.87457275390625,0.013003139970991609,0.11681765301238632
2024-02-02 00:00:00-05:00,479.873779296875,0.010472397718608991,0.11489394094628294
2024-02-05 00:00:00-05:00,478.12646484375,-0.003647841222172264,0.11516879803921151
2024-02-06 00:00:00-05:00,479.5146179199219,0.0028991113130472563,0.1151000757495052
2024-02-07 00:00:00-05:00,483.5140075683594,0.00830590604489951,0.10930059430167988
2024-02-08 00:00:00-05:00,483.7275695800781,0.0004415898163078161,0.10864654743434296
2024-02-09 00:00:00-05:00,486.5232238769531,0.005762761654124998,0.10869377312219336
2024-02-12 00:00:00-05:00,486.3096618652344,-0.0004390518007344439,0.10869322904045964
2024-02-13 00:00:00-05:00,479.6116027832031,-0.013868969842992561,0.12241507935615571
2024-02-14 00:00:00-05:00,483.97021484375,0.009046749757715036,0.12329498395091952
2024-02-15 00:00:00-05:00,487.3094177246094,0.006875910756953288,0.12077710813071692
2024-02-16 00:00:00-05:00,484.8826904296875,-0.004992289722714469,0.12170626792330848
2024-02-20 00:00:00-05:00,482.21319580078125,-0.005520655080640787,0.11867621505998549
2024-02-21 00:00:00-05:00,482.6499938964844,0.0009054094512187804,0.11865780955767871
2024-02-22 00:00:00-05:00,492.6386413574219,0.02048418564243818,0.13595129395765945
2024-02-23 00:00:00-05:00,492.97845458984375,0.000689544138963084,0.13599880735932512
2024-02-26 00:00:00-05:00,491.1729431152344,-0.0036691783488454173,0.1368888978665051
2024-02-27 00:00:00-05:00,492.0853576660156,0.001855900554202606,0.13645559444103
2024-02-28 00:00:00-05:00,491.4350280761719,-0.0013224528826255336,0.13506020772273583
2024-02-29 00:00:00-05:00,493.2016906738281,0.003588459499420105,0.13500820562355492
2024-03-01 00:00:00-05:00,497.8320007324219,0.00934447293084189,0.12021782086849309
2024-03-04 00:00:00-05:00,497.298095703125,-0.0010730357416336405,0.1150418973833565
2024-03-05 00:00:00-05:00,492.3280944824219,-0.010044283496589966,0.11835263779380148
2024-03-06 00:00:00-05:00,494.82275390625,0.005054272583655645,0.11767990505076088
2024-03-07 00:00:00-05:00,499.7345886230469,0.009877509203401262,0.12105918680092938
2024-03-08 00:00:00-05:00,496.7351379394531,-0.006020172339595572,0.12177700128376998
2024-03-11 00:00:00-04:00,496.3080139160156,-0.0008602326071707223,0.12197389388687446
2024-03-12 00:00:00-04:00,501.64691162109375,0.010699779125871191,0.1254391222396064
2024-03-13 00:00:00-04:00,500.8606872558594,-0.0015685158442828762,0.12571502764558026
2024-03-14 00:00:00-04:00,499.8705139160156,-0.0019789003516921164,0.11368614590489916
2024-03-15 00:00:00-04:00,496.4381103515625,-0.006890268859496288,0.1145876787471793
2024-03-18 00:00:00-04:00,499.3885803222656,0.005925686932955882,0.11404177477041297
2024-03-19 00:00:00-04:00,502.1636962890625,0.005541643973143072,0.11270470966790873
2024-03-20 00:00:00-04:00,506.808349609375,0.009206768706146819,0.11241591736471764
2024-03-21 00:00:00-04:00,508.4832458496094,0.0032993432962288285,0.11232907995349205
2024-03-22 00:00:00-04:00,507.5191955566406,-0.0018977328065494746,0.09206547724680285
2024-03-25 00:00:00-04:00,506.1170349121094,-0.0027665971217987768,0.09318130343959147
2024-03-26 00:00:00-04:00,505.1822509765625,-0.0018486796437380312,0.09217774277002658
2024-03-27 00:00:00-04:00,509.4276428222656,0.008368569335003587,0.09534420204075779
2024-03-28 00:00:00-04:00,509.33038330078125,-0.0001909374341814784,0.09497969894506529
2024-04-01 00:00:00-04:00,508.4443359375,-0.0017411467791004086,0.09544002050981691
2024-04-02 00:00:00-04:00,505.21148681640625,-0.006378614929620634,0.0945895660080325
2024-04-03 00:00:00-04:00,505.7664794921875,0.0010979323981891338,0.09437534438587789
2024-04-04 00:00:00-04:00,499.593017578125,-0.012281257653135605,0.0978687631516476
2024-04-05 00:00:00-04:00,504.8122253417969,0.010392726993539821,0.1025006846207503
2024-04-08 00:00:00-04:00,505.0945739746094,0.0005591578160680972,0.09722347169082902
2024-04-09 00:00:00-04:00,505.6788024902344,0.0011560031047299205,0.09428582293977066
2024-04-10 00:00:00-04:00,500.6154479980469,-0.010063452556644183,0.10150265203515713
2024-04-11 00:00:00-04:00,504.3935546875,0.007518588345199828,0.09797682294104695
2024-04-12 00:00:00-04:00,497.4313659667969,-0.013899236606178393,0.10950892638466886
2024-04-15 00:00:00-04:00,491.1994323730469,-0.012607367985968823,0.1174315720123055
2024-04-16 00:00:00-04:00,490.3036193847656,-0.0018253906300507658,0.11543364584797047
2024-04-17 00:00:00-04:00,487.4018249511719,-0.005935945168150746,0.11430247512879421
2024-04-18 00:00:00-04:00,486.3989562988281,-0.0020597005592891096,0.11169280355235485
2024-04-19 00:00:00-04:00,482.1535339355469,-0.008766586417399124,0.10720922173789843
2024-04-22 00:00:00-04:00,486.5937194824219,0.009166924859903166,0.11289797255311876
2024-04-23 00:00:00-04:00,492.367919921875,0.011796718419985818,0.12273798243457784
2024-04-24 00:00:00-04:00,492.1342468261719,-0.0004747030691929033,0.12268339296399598
2024-04-25 00:00:00-04:00,490.2646179199219,-0.003806256767070195,0.12297391677267934
2024-04-26 00:00:00-04:00,494.9093933105469,0.009429420088379466,0.12408854577715069
2024-04-29 00:00:00-04:00,496.6620788574219,0.003535171031861077,0.1252035354929644
2024-04-30 00:00:00-04:00,488.7943115234375,-0.015968102875417778,0.13527392167152572
2024-05-01 00:00:00-04:00,487.2071533203125,-0.0032523713526355445,0.13439367568588076
2024-05-02 00:00:00-04:00,491.76422119140625,0.009309977605627236,0.13948375561213158
2024-05-03 00:00:00-04:00,497.85980224609375,0.012319139389336669,0.1411848431003941
2024-05-06 00:00:00-04:00,503.0011291503906,0.010273899133189185,0.14107343187894059
2024-05-07 00:00:00-04:00,503.5561218261719,0.0011027544265071834,0.14112144892237014
2024-05-08 00:00:00-04:00,503.60479736328125,9.665890766776875e-05,0.14104606325313643
2024-05-09 00:00:00-04:00,506.50653076171875,0.00574538924512986,0.1377021632079335
2024-05-10 00:00:00-04:00,507.158935546875,0.0012872192985218885,0.13540560690721945
2024-05-13 00:00:00-04:00,507.22711181640625,0.00013441878427081547,0.12526166479044032
2024-05-14 00:00:00-04:00,509.5542907714844,0.004577548355597456,0.11563927658387876
2024-05-15 00:00:00-04:00,515.8641357421875,0.012307024039364773,0.1204030644839259
2024-05-16 00:00:00-04:00,514.802734375,-0.0020596407494553578,0.1177326657134541
2024-05-17 00:00:00-04:00,515.542724609375,0.0014363927266393083,0.11660500678344503
2024-05-20 00:00:00-04:00,516.13671875,0.001151509240750055,0.1090572913764864
2024-05-21 00:00:00-04:00,517.4025268554688,0.0024494642922206333,0.1069216123131172
2024-05-22 00:00:00-04:00,515.9127807617188,-0.0028834318333155868,0.1036133362607811
2024-05-23 00:00:00-04:00,512.14453125,-0.007330848861392016,0.10847181152405751
2024-05-24 00:00:00-04:00,515.5330810546875,0.006594601350515757,0.10756024543286162
2024-05-28 00:00:00-04:00,515.893310546875,0.0006985074451602905,0.10457456559019922
2024-05-29 00:00:00-04:00,512.2807006835938,-0.007027263265614782,0.10890354143269915
2024-05-30 00:00:00-04:00,508.8824157714844,-0.006655738740170981,0.09384752648342626
2024-05-31 00:00:00-04:00,513.5174560546875,0.009067043463654693,0.09499198561817543
2024-06-03 00:00:00-04:00,513.9360961914062,0.0008149081950632324,0.09182910939948476
2024-06-04 00:00:00-04:00,514.5106201171875,0.0011172654381305324,0.0839858953868437
2024-06-05 00:00:00-04:00,520.625732421875,0.011815223044587209,0.08614141767647263
2024-06-06 00:00:00-04:00,520.6158447265625,-1.8992125419873333e-05,0.0863170269907288
2024-06-07 00:00:00-04:00,519.9830322265625,-0.001216246897864298,0.086721431795575
2024-06-10 00:00:00-04:00,521.589599609375,0.0030848903048878037,0.0855717574470615
2024-06-11 00:00:00-04:00,522.8457641601562,0.002405443553624591,0.0856412753520169
2024-06-12 00:00:00-04:00,527.139892578125,0.008179449559839557,0.08856787015867529
2024-06-13 00:00:00-04:00,528.201416015625,0.0020117165638357942,0.08801052966833353
2024-06-14 00:00:00-04:00,528.522705078125,0.0006080850545317913,0.07914879196591777
2024-06-17 00:00:00-04:00,532.7291259765625,0.00792732281595392,0.08156299965372424
2024-06-18 00:00:00-04:00,534.0827026367188,0.0025376122577793884,0.08161925817883423
2024-06-20 00:00:00-04:00,532.6317138671875,-0.002720483837066507,0.08302658060307096
2024-06-21 00:00:00-04:00,531.9176635742188,-0.0013415073366933893,0.08351632972069668
2024-06-24 00:00:00-04:00,530.1886596679688,-0.0032558048017202156,0.0837619364255036
2024-06-25 00:00:00-04:00,532.2302856445312,0.0038433585897731277,0.07800077280444744
2024-06-26 00:00:00-04:00,532.8944702148438,0.001247149036292829,0.07606220232089309
2024-06-27 00:00:00-04:00,533.7346801757812,0.001575449413539887,0.0759951840552974
2024-06-28 00:00:00-04:00,531.6343383789062,-0.003942942738950842,0.07223153804836457
2024-07-01 00:00:00-04:00,532.728515625,0.0020560237092508457,0.06541623415636846
2024-07-02 00:00:00-04:00,536.3135986328125,0.006707119204569822,0.06274220168383657
2024-07-03 00:00:00-04:00,538.7069702148438,0.004452706498374999,0.06309106103256253
2024-07-05 00:00:00-04:00,541.8134765625,0.005750034469207009,0.06408412825400392
2024-07-08 00:00:00-04:00,542.4385986328125,0.001153093738768611,0.05438673329667856
2024-07-09 00:00:00-04:00,542.966064453125,0.0009719248125115664,0.054040916803159006
2024-07-10 00:00:00-04:00,548.3389282226562,0.009846756347012302,0.059093100790983774
2024-07-11 00:00:00-04:00,543.61083984375,-0.008659955000958364,0.07058754010888404
2024-07-12 00:00:00-04:00,547.0396728515625,0.00628770493303874,0.07215362976812047
2024-07-15 00:00:00-04:00,548.5441284179688,0.0027464015263891214,0.06881428985948784
2024-07-16 00:00:00-04:00,551.797119140625,0.005912711546454202,0.07021012599361523
2024-07-17 00:00:00-04:00,544.0601806640625,-0.01412057397178867,0.08988539384295816
2024-07-18 00:00:00-04:00,539.879150390625,-0.007714548018579374,0.09183952777815808
2024-07-19 00:00:00-04:00,536.2940673828125,-0.006662675135904506,0.09491625960428922
2024-07-22 00:00:00-04:00,541.8232421875,0.010257183021680268,0.10037971596451677
2024-07-23 00:00:00-04:00,540.973388671875,-0.0015697383348141707,0.10044458151363814
2024-07-24 00:00:00-04:00,528.713623046875,-0.022923158516698044,0.1293940464992541
2024-07-25 00:00:00-04:00,525.958740234375,-0.005224160931676112,0.12969553100648798
2024-07-26 00:00:00-04:00,531.8492431640625,0.011137302629465187,0.13581686627060438
2024-07-29 00:00:00-04:00,532.1619262695312,0.0005877440452742565,0.13570699190372096
2024-07-30 00:00:00-04:00,529.4657592773438,-0.0050793189091304725,0.13616450510454373
2024-07-31 00:00:00-04:00,538.0718383789062,0.01612358302533054,0.14735464958170907
2024-08-01 00:00:00-04:00,530.4524536132812,-0.014261751406698176,0.15393731126256116
2024-08-02 00:00:00-04:00,520.576171875,-0.01879410741848868,0.16512613723546962
2024-08-05 00:00:00-04:00,505.41510009765625,-0.029556148981890663,0.18883482676729108
2024-08-06 00:00:00-04:00,510.07476806640625,0.009177246998938151,0.19322012829421997
2024-08-07 00:00:00-04:00,506.6654968261719,-0.00670630275099115,0.19309740013236146
2024-08-08 00:00:00-04:00,518.378173828125,0.02285402492287135,0.20886486891594233
2024-08-09 00:00:00-04:00,520.6640625,0.004399998921796559,0.20904970894702926
2024-08-12 00:00:00-04:00,520.937744140625,0.0005255014827705956,0.2070965373640797
2024-08-13 00:00:00-04:00,529.5046997070312,0.01631149914590136,0.21640656038201778
2024-08-14 00:00:00-04:00,531.1752319335938,0.0031499296969597105,0.21539411069784237
2024-08-15 00:00:00-04:00,540.27978515625,0.01699515559574511,0.21991565128466573
2024-08-16 00:00:00-04:00,541.4910278320312,0.0022393711633094254,0.21840338687703592
2024-08-19 00:00:00-04:00,546.6683959960938,0.009515898349431765,0.21924129133772197
2024-08-20 00:00:00-04:00,545.7794799804688,-0.0016273842100019843,0.21670941499907923
2024-08-21 00:00:00-04:00,547.6550903320312,0.003430680247505822,0.216844558224517
2024-08-22 00:00:00-04:00,543.3568115234375,-0.007879475998180634,0.20205325779435945
2024-08-23 00:00:00-04:00,549.1301879882812,0.010569334395826984,0.2030314678212484
2024-08-26 00:00:00-04:00,547.8211669921875,-0.002386653904955314,0.20079984607656348
2024-08-27 00:00:00-04:00,548.5733032226562,0.0013720177707728437,0.20077780833141823
2024-08-28 00:00:00-04:00,545.3887939453125,-0.005821990141423687,0.20109817694397003
2024-08-29 00:00:00-04:00,545.4376831054688,8.963691516018209e-05,0.19385772009611416
2024-08-30 00:00:00-04:00,550.6444091796875,0.00950068480339687,0.18822546529283285
2024-09-03 00:00:00-04:00,539.3126220703125,-0.02079383881791606,0.19108521149887675
2024-09-04 00:00:00-04:00,538.208740234375,-0.0020489287001439383,0.15472031397957528
2024-09-05 00:00:00-04:00,536.8997192382812,-0.0024351434153945,0.1541006932445595
2024-09-06 00:00:00-04:00,527.8636474609375,-0.016973327586779302,0.16546465460588275
2024-09-09 00:00:00-04:00,533.7737426757812,0.0111340394079481,0.15117373508253354
2024-09-10 00:00:00-04:00,536.0987548828125,0.004346341965843233,0.15116040387581178
2024-09-11 00:00:00-04:00,541.5985107421875,0.010206583572538503,0.15415242709220028
2024-09-12 00:00:00-04:00,546.1605224609375,0.008387957860589676,0.1470687217426476
2024-09-13 00:00:00-04:00,549.0130004882812,0.005209191818273302,0.14753651617660474
2024-09-16 00:00:00-04:00,549.82373046875,0.001475615266104757,0.13647621051651634
2024-09-17 00:00:00-04:00,550.0484619140625,0.00040865011407005954,0.13638596494210778
2024-09-18 00:00:00-04:00,548.4171142578125,-0.002970232096458303,0.13308917386919808
2024-09-19 00:00:00-04:00,557.7755737304688,0.016920529043112722,0.14494582679326162
2024-09-20 00:00:00-04:00,556.8113403320312,-0.0017302080740723908,0.14497373046321108
2024-09-23 00:00:00-04:00,558.2027587890625,0.002495787596560366,0.14157174263430242
2024-09-24 00:00:00-04:00,559.7999267578125,0.0028571828599997123,0.1376649645504674
2024-09-25 00:00:00-04:00,558.5653076171875,-0.00220790061103961,0.13761230731706703
2024-09-26 00:00:00-04:00,560.7798461914062,0.0039568518361695355,0.13800887139562615
2024-09-27 00:00:00-04:00,559.9664916992188,-0.001451451782586848,0.13608463014484792
2024-09-30 00:00:00-04:00,562.2103881835938,0.00399919035091777,0.13633606056556202
2024-10-01 00:00:00-04:00,557.173828125,-0.00899886557873342,0.1376138728700228
2024-10-02 00:00:00-04:00,557.4090576171875,0.0004220942178263071,0.11367324049809915
2024-10-03 00:00:00-04:00,556.3899536132812,-0.0018299608421714036,0.11358786393400125
2024-10-04 00:00:00-04:00,561.446044921875,0.009046274758810917,0.11542000931104919
2024-10-07 00:00:00-04:00,556.370361328125,-0.00908148860476716,0.10134215941961942
2024-10-08 00:00:00-04:00,561.6322631835938,0.009413109760801184,0.0996570871365331
2024-10-09 00:00:00-04:00,565.5224609375,0.006902713739553311,0.10066718434153688
2024-10-10 00:00:00-04:00,564.5327758789062,-0.0017515697983243178,0.09767740679627958
2024-10-11 00:00:00-04:00,567.9132080078125,0.005970160551013841,0.09602233301508034
2024-10-14 00:00:00-04:00,572.5579833984375,0.008145407102655,0.09783442898828876
2024-10-15 00:00:00-04:00,568.1093139648438,-0.007800156977439707,0.1035690073272854
2024-10-16 00:00:00-04:00,570.5784912109375,0.0043368886625765055,0.10391316014909224
2024-10-17 00:00:00-04:00,570.6275024414062,8.589374884384152e-05,0.10269803036214152
2024-10-18 00:00:00-04:00,572.8225708007812,0.0038393824219763255,0.08743974826480869
2024-10-21 00:00:00-04:00,571.8817749023438,-0.0016437364176952415,0.08740289955954932
2024-10-22 00:00:00-04:00,571.5780029296875,-0.0005313207962215572,0.08749771784249705
2024-10-23 00:00:00-04:00,566.3553466796875,-0.009179259792280235,0.09417926948700826
2024-10-24 00:00:00-04:00,567.5801391601562,0.0021602515699944897,0.09377972932381828
2024-10-25 00:00:00-04:00,567.384033203125,-0.0003455720696001725,0.093115100632356
2024-10-28 00:00:00-04:00,569.1381225585938,0.0030867691216470753,0.09320844719593847
2024-10-29 00:00:00-04:00,570.0592651367188,0.001617178530827376,0.09253260282022842
2024-10-30 00:00:00-04:00,568.3346557617188,-0.0030299014474856156,0.08681548654182965
2024-10-31 00:00:00-04:00,557.1934204101562,-0.019797994373456144,0.11273557476370925
2024-11-01 00:00:00-04:00,559.5452270507812,0.004211925722795977,0.11345283694374028
2024-11-04 00:00:00-05:00,558.3399658203125,-0.0021563246479460864,0.10908589316586667
2024-11-05 00:00:00-05:00,565.0912475585938,0.012019183608750759,0.11204508183639067
2024-11-06 00:00:00-05:00,579.1426391601562,0.024561583357670225,0.1364494953911847
2024-11-07 00:00:00-05:00,583.62060546875,0.007702321977389281,0.13687866461428272
2024-11-08 00:00:00-05:00,586.1486206054688,0.0043222526564014215,0.13667761423695232
2024-11-11 00:00:00-05:00,586.7071533203125,0.0009524321224865732,0.13584639468203522
2024-11-12 00:00:00-05:00,584.8846435546875,-0.0031111710419115435,0.1345510150431096
2024-11-13 00:00:00-05:00,585.1687622070312,0.0004856507515451121,0.13071858457042296
2024-11-14 00:00:00-05:00,581.406005859375,-0.0064509699670835105,0.13299583264669074
2024-11-15 00:00:00-05:00,573.9591064453125,-0.012891167411885507,0.14132725167819643
2024-11-18 00:00:00-05:00,576.310791015625,0.004088932262000619,0.14140912493237548
2024-11-19 00:00:00-05:00,578.41748046875,0.003648809581418136,0.14168587366441923
2024-11-20 00:00:00-05:00,578.6134033203125,0.00033866486397222695,0.14163494412926597
2024-11-21 00:00:00-05:00,581.7196655273438,0.005354099975027633,0.13791268048895045
2024-11-22 00:00:00-05:00,583.5226440429688,0.0030946009077713224,0.13802621615553493
2024-11-25 00:00:00-05:00,585.5020141601562,0.00338636485522849,0.13806451354231591
2024-11-26 00:00:00-05:00,588.5591430664062,0.00520779653910303,0.13856687028284434
2024-11-27 00:00:00-05:00,586.7757568359375,-0.003034688409689223,0.13949260504237573
2024-11-29 00:00:00-05:00,590.4209594726562,0.0061930418880992415,0.13948066766775724
2024-12-02 00:00:00-05:00,591.4791259765625,0.0017906196973309035,0.11527889640503561
2024-12-03 00:00:00-05:00,591.7536010742188,0.0004639410258091658,0.11544933070002115
2024-12-04 00:00:00-05:00,595.4280395507812,0.006190207267556841,0.11467533112528307
2024-12-05 00:00:00-05:00,594.4481201171875,-0.0016470951992252744,0.11093711507432549
2024-12-06 00:00:00-05:00,595.5750122070312,0.0018939000361718997,0.07629130627882257
2024-12-09 00:00:00-05:00,592.508056640625,-0.005162875323061267,0.0757716751091651
2024-12-10 00:00:00-05:00,590.6659545898438,-0.0031138336740132474,0.07569549567832114
2024-12-11 00:00:00-05:00,595.232177734375,0.007700907162782135,0.07985055660685365
2024-12-12 00:00:00-05:00,592.1651611328125,-0.00516595973730343,0.0813845563542259
2024-12-13 00:00:00-05:00,592.0474243164062,-0.00019884405594207855,0.08143004794916725
2024-12-16 00:00:00-05:00,594.5755615234375,0.0042610687007064605,0.07820617943800062
2024-12-17 00:00:00-05:00,592.1257934570312,-0.004128707759649672,0.06289281214498643
2024-12-18 00:00:00-05:00,574.4784545898438,-0.030256507563296415,0.12592104219081418
2024-12-19 00:00:00-05:00,574.3020629882812,-0.00030709365322565676,0.1251600438064071
2024-12-20 00:00:00-05:00,581.199951171875,0.011939347640928428,0.1322057151176055
2024-12-23 00:00:00-05:00,584.6803588867188,0.0059704551547163365,0.1325246074257605
2024-12-24 00:00:00-05:00,591.1791381835938,0.01105377893294537,0.13745964762601723
2024-12-26 00:00:00-05:00,591.2184448242188,6.64863345533963e-05,0.13709865135792135
2024-12-27 00:00:00-05:00,584.9949951171875,-0.01058227626571189,0.14106672927806216
2024-12-30 00:00:00-05:00,578.3192138671875,-0.011477302487702387,0.14607963169612553
2024-12-31 00:00:00-05:00,576.21533203125,-0.0036445581852855152,0.14420099080998988
2025-01-02 00:00:00-05:00,574.7994384765625,-0.0024602538649356447,0.1438565862281874
2025-01-03 00:00:00-05:00,581.9864501953125,0.01242598870696695,0.1515330617850618
2025-01-06 00:00:00-05:00,585.339111328125,0.005744190758671316,0.15128176584353473
2025-01-07 00:00:00-05:00,578.722412109375,-0.011368420565008202,0.15564179500333664
2025-01-08 00:00:00-05:00,579.56787109375,0.0014598398118055042,0.15553761062833052
2025-01-10 00:00:00-05:00,570.7192993164062,-0.01538528212336864,0.1626090223043989
2025-01-13 00:00:00-05:00,571.604248046875,0.0015493839894041204,0.16293061444111007
2025-01-14 00:00:00-05:00,572.3906860351562,0.001374897892880756,0.15984349259926264
2025-01-15 00:00:00-05:00,582.802490234375,0.018026571418315783,0.17341981374224497
2025-01-16 00:00:00-05:00,581.6817016601562,-0.0019249534310644269,0.1734526542141214
2025-01-17 00:00:00-05:00,587.5217895507812,0.009989940166919514,0.1766812163731726
2025-01-21 00:00:00-05:00,592.8995361328125,0.009111634415368006,0.17925395756593376
2025-01-22 00:00:00-05:00,596.232666015625,0.0056060017650624554,0.142004740157303
2025-01-23 00:00:00-05:00,599.4868774414062,0.005443114947977425,0.14234168197923688
2025-01-24 00:00:00-05:00,597.7367553710938,-0.002923636435108139,0.1385845686133548
2025-01-27 00:00:00-05:00,589.2816162109375,-0.014246253240348535,0.1474760392739609
2025-01-28 00:00:00-05:00,594.3449096679688,0.008555611473282456,0.14543621996687708
2025-01-29 00:00:00-05:00,591.6804809570312,-0.004493045788622342,0.14636511958715567
2025-01-30 00:00:00-05:00,594.856201171875,0.005352936568659963,0.1421460002192277
2025-01-31 00:00:00-05:00,591.6903686523438,-0.0053362255007542774,0.1369623293501071
2025-02-03 00:00:00-05:00,587.70849609375,-0.006752402104226648,0.13872729459976232
2025-02-04 00:00:00-05:00,591.6510009765625,0.0066858656392535494,0.13951801486008286
2025-02-05 00:00:00-05:00,594.0499877929688,0.004046534687300928,0.1340690741936563
2025-02-06 00:00:00-05:00,596.1146240234375,0.0034695004053163308,0.1332791788066011
2025-02-07 00:00:00-05:00,590.6580810546875,-0.009195663829970117,0.1309578863089967
2025-02-10 00:00:00-05:00,594.6693725585938,0.0067682677973716415,0.1324891137870832
2025-02-11 00:00:00-05:00,595.1216430664062,0.0007602520504134384,0.11799730458486583
2025-02-12 00:00:00-05:00,593.2044067382812,-0.0032267877860412833,0.11937582244415634
2025-02-13 00:00:00-05:00,599.4672241210938,0.010502261955576539,0.12312703833911737
2025-02-14 00:00:00-05:00,599.4376220703125,-4.9381818550982414e-05,0.10896029976182113
2025-02-18 00:00:00-05:00,601.1975708007812,0.0029316981568762624,0.10842407944209317
2025-02-19 00:00:00-05:00,602.6133422851562,0.0023521503613693965,0.10409362484544749
2025-02-20 00:00:00-05:00,600.1062622070312,-0.004169024434302625,0.10152228777741915
2025-02-21 00:00:00-05:00,589.842041015625,-0.017251969251218507,0.11695657657167415
2025-02-24 00:00:00-05:00,587.1578979492188,-0.004560998910308159,0.1156643053417071
2025-02-25 00:00:00-05:00,584.2379760742188,-0.004985381948838943,0.11631736339982951
2025-02-26 00:00:00-05:00,584.5327758789062,0.0005044613076544798,0.1060635050194344
2025-02-27 00:00:00-05:00,575.2025756835938,-0.016090570121803822,0.11395447350351595
2025-02-28 00:00:00-05:00,584.178955078125,0.015485081527449984,0.12766343097580599
2025-03-03 00:00:00-05:00,573.9441528320312,-0.017675268948049022,0.13857334750547526
2025-03-04 00:00:00-05:00,567.1505126953125,-0.011907373878382277,0.14255586636013456
2025-03-05 00:00:00-05:00,573.24609375,0.010690384507583731,0.14795856301922092
2025-03-06 00:00:00-05:00,563.0703125,-0.0179105981683376,0.15579489475624675
2025-03-07 00:00:00-05:00,566.2262573242188,0.005589236918639989,0.15668306029311485
2025-03-10 00:00:00-04:00,551.1445922851562,-0.026996553580174967,0.17683415625770965
2025-03-11 00:00:00-04:00,546.5628662109375,-0.008347857429316015,0.17652840949398932
2025-03-12 00:00:00-04:00,549.4633178710938,0.005292680910387685,0.17549742354915887
2025-03-13 00:00:00-04:00,542.1387329101562,-0.013420082683676076,0.1777506097871236
2025-03-14 00:00:00-04:00,553.3369140625,0.02044513039369299,0.19759409585477944
2025-03-17 00:00:00-04:00,557.6039428710938,0.00768186670863444,0.1953381180384127
2025-03-18 00:00:00-04:00,551.5770263671875,-0.010867434596180626,0.1965579619105271
2025-03-19 00:00:00-04:00,557.584228515625,0.010832078490410152,0.20188255957324663
2025-03-20 00:00:00-04:00,555.9718627929688,-0.002895887979129496,0.20075288672716493
2025-03-21 00:00:00-04:00,556.1552124023438,0.0003297278074161223,0.20126312013347453
2025-03-24 00:00:00-04:00,566.1151733398438,0.017750129678794302,0.2078127538866806
2025-03-25 00:00:00-04:00,567.4760131835938,0.0024009369755894215,0.2081119492740172
2025-03-26 00:00:00-04:00,560.7013549804688,-0.012010061230411853,0.210945131551842
2025-03-27 00:00:00-04:00,559.2122802734375,-0.00265926860372378,0.2107643923960124
2025-03-28 00:00:00-04:00,547.9507446289062,-0.02034375026588785,0.21479589677042527
2025-03-31 00:00:00-04:00,551.62890625,0.006690148070852806,0.20765653984153898
2025-04-01 00:00:00-04:00,553.1870727539062,0.0028206824785567135,0.2011046751390518
2025-04-02 00:00:00-04:00,556.6878051757812,0.006308357997637376,0.19940942094328087
2025-04-03 00:00:00-04:00,529.2537841796875,-0.050536529322263164,0.2586242134478066
2025-04-04 00:00:00-04:00,498.2696838378906,-0.060326595809965626,0.32180129251115974
2025-04-07 00:00:00-04:00,497.3822021484375,-0.0017827152983578298,0.31951261136220344
2025-04-08 00:00:00-04:00,489.591796875,-0.015786772651821854,0.3125921841771949
2025-04-09 00:00:00-04:00,541.0084228515625,0.09986287145801089,0.4804608325007505
2025-04-10 00:00:00-04:00,517.3019409179688,-0.04480811874838202,0.5036540143176328
2025-04-11 00:00:00-04:00,526.5321044921875,0.017685577889526977,0.5069615234564588
2025-04-14 00:00:00-04:00,531.6401977539062,0.009654633614505052,0.5024634613505136
2025-04-15 00:00:00-04:00,530.1510620117188,-0.0028049519240955145,0.5012541982710659
2025-04-16 00:00:00-04:00,518.3668823242188,-0.022478730006617785,0.5053217160735543
2025-04-17 00:00:00-04:00,519.1065063476562,0.0014258180630277613,0.503133405048097
2025-04-21 00:00:00-04:00,506.7503662109375,-0.02409056865722113,0.5081947364498212
2025-04-22 00:00:00-04:00,519.9348754882812,0.025685056289012017,0.5186596042510002
2025-04-23 00:00:00-04:00,527.991455078125,0.015376535724403154,0.5175150816953726
2025-04-24 00:00:00-04:00,539.1051635742188,0.020830560538646615,0.5239795514761825
2025-04-25 00:00:00-04:00,543.0003662109375,0.007199333805528579,0.5237852983745311
2025-04-28 00:00:00-04:00,543.2074584960938,0.0003813124578095559,0.5238084236307694
2025-04-29 00:00:00-04:00,546.6292724609375,0.0062795189624677665,0.5197689805250878
2025-04-30 00:00:00-04:00,546.84619140625,0.0003967513772843797,0.5191876592524434
2025-05-01 00:00:00-04:00,550.7217407226562,0.007062096677786744,0.5197283005527834
2025-05-02 00:00:00-04:00,558.8967895507812,0.014735148200142734,0.5218758611788689
2025-05-05 00:00:00-04:00,555.6918334960938,-0.0057509377390260056,0.48905541677794967
2025-05-06 00:00:00-04:00,551.047119140625,-0.008393563113417038,0.4353753457529238
2025-05-07 00:00:00-04:00,553.3645629882812,0.004196709046927182,0.43472946730363704
2025-05-08 00:00:00-04:00,557.22021484375,0.006943490354199879,0.42806277368792695
2025-05-09 00:00:00-04:00,556.5103149414062,-0.0012748146512998905,0.2591708177456833
2025-05-12 00:00:00-04:00,574.9015502929688,0.032513103328074035,0.2213203879086492
2025-05-13 00:00:00-04:00,578.6981201171875,0.006582150859953346,0.2166108590970528
2025-05-14 00:00:00-04:00,579.4376831054688,0.0012771612564794342,0.2160414939130025
2025-05-15 00:00:00-04:00,582.2678833007812,0.004872501047651316,0.2145819521106653
2025-05-16 00:00:00-04:00,585.9559936523438,0.006314068180387681,0.1909025923322095
2025-05-19 00:00:00-04:00,586.596923828125,0.0010932218581512902,0.19100286117310825
2025-05-20 00:00:00-04:00,584.624755859375,-0.0033677140150286705,0.1612927092891724
2025-05-21 00:00:00-04:00,574.7732543945312,-0.016994575602477916,0.1660431751222583
2025-05-22 00:00:00-04:00,575.0001220703125,0.0003946302521337387,0.16205315988335262
2025-05-23 00:00:00-04:00,571.0753173828125,-0.006849147787943921,0.15413720112138887
2025-05-27 00:00:00-04:00,582.9483032226562,0.020577403395595384,0.16555416705172046
2025-05-28 00:00:00-04:00,579.5758056640625,-0.005802042286610501,0.16832798052133863
2025-05-29 00:00:00-04:00,581.863525390625,0.003939461363247665,0.16796338005569617
2025-05-30 00:00:00-04:00,581.2128295898438,-0.0011189220138186613,0.16833811913678975
2025-06-02 00:00:00-04:00,584.4867553710938,0.005617115132785442,0.16796221917395104
2025-06-03 00:00:00-04:00,587.8197631835938,0.005686254815427237,0.16272660821391147
2025-06-04 00:00:00-04:00,587.6619262695312,-0.00026854848770040476,0.16035635311532667
2025-06-05 00:00:00-04:00,584.8218994140625,-0.004844471791619437,0.15772248406319916
2025-06-06 00:00:00-04:00,590.8274536132812,0.010216662684454049,0.15974411319620582
2025-06-09 00:00:00-04:00,591.3599243164062,0.0009008229136485706,0.15929228001396972
2025-06-10 00:00:00-04:00,594.7128295898438,0.005653808661982898,0.15884932787689243
2025-06-11 00:00:00-04:00,593.0166015625,-0.002856255197579159,0.11867499527515324
2025-06-12 00:00:00-04:00,595.3734741210938,0.003966501735249262,0.11759834980201342
2025-06-13 00:00:00-04:00,588.7172241210938,-0.011242922732305304,0.12543625241657105
2025-06-16 00:00:00-04:00,594.3182983398438,0.009469058135844975,0.12831428501328213
2025-06-17 00:00:00-04:00,589.2398681640625,-0.008581684426416531,0.13085558229984587
2025-06-18 00:00:00-04:00,589.1510009765625,-0.00015082803167561687,0.13082746597685285
2025-06-20 00:00:00-04:00,587.7674560546875,-0.0023511324016408427,0.13052453225496494
2025-06-23 00:00:00-04:00,593.5730590820312,0.009828918405284248,0.11836623811633673
2025-06-24 00:00:00-04:00,600.13037109375,0.010986611589662867,0.12269108188433443
2025-06-25 00:00:00-04:00,600.4666748046875,0.0005602274649639028,0.11854409481457408
2025-06-26 00:00:00-04:00,605.1646118164062,0.007793362434847595,0.10077007312279987
2025-06-27 00:00:00-04:00,608.1712646484375,0.004956020908146138,0.09740451152455365
2025-06-30 00:00:00-04:00,611.0790405273438,0.004769785792837614,0.09762354193684894
2025-07-01 00:00:00-04:00,610.8812866210938,-0.00032366665853689923,0.09730760293842328
2025-07-02 00:00:00-04:00,613.650634765625,0.004523120741211659,0.0969207583490134
2025-07-03 00:00:00-04:00,618.487060546875,0.007850503460552976,0.09815043094697383
2025-07-07 00:00:00-04:00,613.8779907226562,-0.0074800746902413,0.10366524105193743
2025-07-08 00:00:00-04:00,613.5418090820312,-0.0005477859312437243,0.10108633227229473
2025-07-09 00:00:00-04:00,617.2210083007812,0.005978747694233981,0.09791157553516265
2025-07-10 00:00:00-04:00,618.961669921875,0.0028161901993610516,0.09784544638564516
2025-07-11 00:00:00-04:00,616.785888671875,-0.003521404486261488,0.09888867365340784
2025-07-14 00:00:00-04:00,617.9627685546875,0.001906266886477044,0.09746835244336122
2025-07-15 00:00:00-04:00,615.3220825195312,-0.0042823684543158574,0.09949856770252057
2025-07-16 00:00:00-04:00,617.3792114257812,0.003337598209687879,0.08799688315789365
2025-07-17 00:00:00-04:00,621.1574096679688,0.006101087198508791,0.0852527409223671
2025-07-18 00:00:00-04:00,620.7024536132812,-0.0007327011500944641,0.07677158717043708
2025-07-21 00:00:00-04:00,621.87939453125,0.0018943480812726298,0.07621438025879514
2025-07-22 00:00:00-04:00,621.9683837890625,0.00014308705537016195,0.07465715323325807
2025-07-23 00:00:00-04:00,627.259765625,0.00847149255093666,0.07315538551164816
2025-07-24 00:00:00-04:00,627.4674682617188,0.00033107217729321593,0.06685734714552143
2025-07-25 00:00:00-04:00,630.1181030273438,0.004215440684552298,0.06698096611838054
2025-07-28 00:00:00-04:00,629.9598999023438,-0.0002511005278458048,0.06440830138329093
2025-07-29 00:00:00-04:00,628.2982788085938,-0.0026411464479572516,0.0652555934721697
2025-07-30 00:00:00-04:00,627.507080078125,-0.0012600660278384859,0.06484912904331967
2025-07-31 00:00:00-04:00,625.1531372070312,-0.0037583146800458755,0.0669651061066311
2025-08-01 00:00:00-04:00,614.9065551757812,-0.01652632579683557,0.08936074754006242
2025-08-04 00:00:00-04:00,624.2531127929688,0.015085602141510364,0.10013536368197472
2025-08-05 00:00:00-04:00,621.088134765625,-0.005082919798509285,0.09806882768471095
2025-08-06 00:00:00-04:00,625.845458984375,0.007630474189105244,0.10095847046360673
2025-08-07 00:00:00-04:00,625.3212890625,-0.0008378898389999063,0.09942635530945042
2025-08-08 00:00:00-04:00,630.1972045898438,0.00776721341099377,0.10224310071604009
2025-08-11 00:00:00-04:00,628.9510498046875,-0.0019793621405001806,0.10154830325268832
2025-08-12 00:00:00-04:00,635.6468505859375,0.010589711326313691,0.1069135086546128
2025-08-13 00:00:00-04:00,637.82275390625,0.003417286804688239,0.10512043927441275
2025-08-14 00:00:00-04:00,637.882080078125,9.300924530087265e-05,0.10508841300447079
2025-08-15 00:00:00-04:00,636.3886108398438,-0.002344038723875428,0.10455660160727019
2025-08-18 00:00:00-04:00,636.2501831054688,-0.00021754442121282353,0.10445467993553573
2025-08-19 00:00:00-04:00,632.7984008789062,-0.005439966259085958,0.1068826701946245
2025-08-20 00:00:00-04:00,631.1170043945312,-0.002660617109700641,0.10754852515913611
2025-08-21 00:00:00-04:00,628.5851440429688,-0.004019781603116135,0.10483934538817358
2025-08-22 00:00:00-04:00,638.2382202148438,0.01524010888895442,0.11724019943951487
2025-08-25 00:00:00-04:00,635.4292602539062,-0.004410828663105095,0.1178899246886462
2025-08-26 00:00:00-04:00,638.0897827148438,0.00417822779510161,0.11857833286753763
2025-08-27 00:00:00-04:00,639.5436401367188,0.0022758610152143876,0.1181017522842566
2025-08-28 00:00:00-04:00,641.8085327148438,0.003535163844696036,0.11819309877418967
2025-08-29 00:00:00-04:00,637.98095703125,-0.005981588576274999,0.11958098153030867
2025-09-02 00:00:00-04:00,633.25341796875,-0.0074377486157517,0.106227358681448
2025-09-03 00:00:00-04:00,636.685302734375,0.005404816884527026,0.09523752118588787
2025-09-04 00:00:00-04:00,642.0064086914062,0.008322782770799371,0.09587691624486328
2025-09-05 00:00:00-04:00,640.14697265625,-0.002900491260722524,0.09442896620866069
2025-09-08 00:00:00-04:00,641.7196044921875,0.0024536603933174544,0.09427670107090558
2025-09-09 00:00:00-04:00,643.203125,0.002309121214754036,0.09136080994997937
2025-09-10 00:00:00-04:00,645.0625,0.002886634953297581,0.09093368635718718
2025-09-11 00:00:00-04:00,650.4231567382812,0.00827595011479291,0.08823805148955946
2025-09-12 00:00:00-04:00,650.2054443359375,-0.0003347802811615078,0.0879502432876633
2025-09-15 00:00:00-04:00,653.6671142578125,0.005309841107350581,0.08918343963067762
2025-09-16 00:00:00-04:00,652.7671508789062,-0.0013777402281604336,0.08876635913014447
2025-09-17 00:00:00-04:00,651.9561767578125,-0.001243135932890432,0.08904484629501969
2025-09-18 00:00:00-04:00,655.0023193359375,0.004661430493796572,0.08644696953616163
2025-09-19 00:00:00-04:00,658.2465209960938,0.004940736530660038,0.08568673695577202
2025-09-22 00:00:00-04:00,661.3607177734375,0.004719893112429032,0.08325910707436207
2025-09-23 00:00:00-04:00,657.7606201171875,-0.005458340322640168,0.07339212848219163
2025-09-24 00:00:00-04:00,655.6678466796875,-0.0031867364861726762,0.07227770386843735
2025-09-25 00:00:00-04:00,652.6429443359375,-0.0046241424508109445,0.0745534475021341
2025-09-26 00:00:00-04:00,656.3820190429688,0.0057127785651405125,0.07618445069439043
2025-09-29 00:00:00-04:00,658.2266845703125,0.0028064118744700224,0.07594898583168636
2025-09-30 00:00:00-04:00,660.7061157226562,0.003759757999068319,0.0717170159132909
2025-10-01 00:00:00-04:00,662.95751953125,0.0034017796058662298,0.06376785281222405
2025-10-02 00:00:00-04:00,663.7210693359375,0.0011510698904782946,0.06275425453203475
2025-10-03 00:00:00-04:00,663.7112426757812,-1.4805515983767243e-05,0.05864879680973111
2025-10-06 00:00:00-04:00,666.0914916992188,0.0035798566266859286,0.05666920634839914
2025-10-07 00:00:00-04:00,663.6219482421875,-0.003714403753721363,0.059838256223864586
2025-10-08 00:00:00-04:00,667.5791625976562,0.005945346619066807,0.06168006770439173
2025-10-09 00:00:00-04:00,665.6452026367188,-0.002901179078111572,0.06359042464590439
2025-10-10 00:00:00-04:00,647.6542358398438,-0.027399832538963102,0.11498360129417809
2025-10-13 00:00:00-04:00,657.5919189453125,0.015227587680655873,0.12679059619207536
2025-10-14 00:00:00-04:00,656.78857421875,-0.0012223931057610573,0.12570751060790095
2025-10-15 00:00:00-04:00,659.7044677734375,0.0044297967857278185,0.1263814692150024
2025-10-16 00:00:00-04:00,655.211669921875,-0.006833615021649324,0.12881525477171457
2025-10-17 00:00:00-04:00,658.9308471679688,0.005660249367837144,0.1292930806281293
2025-10-20 00:00:00-04:00,665.7840576171875,0.010346787167762106,0.1330477412175841
2025-10-21 00:00:00-04:00,665.7740478515625,-1.5034665906118169e-05,0.13218264239195573
2025-10-22 00:00:00-04:00,662.3128051757812,-0.005212385777962875,0.13204992536141744
2025-10-23 00:00:00-04:00,666.2402954101562,0.005912449677416068,0.13275805306701247
2025-10-24 00:00:00-04:00,671.6851806640625,0.008139340211438471,0.1335936810663742
2025-10-27 00:00:00-04:00,679.6094970703125,0.011728614603400918,0.13762264185438425
2025-10-28 00:00:00-04:00,681.41455078125,0.0026524950416700003,0.13760746206966484
2025-10-29 00:00:00-04:00,681.7418212890625,0.00048016576939499743,0.1374423792295149
2025-10-30 00:00:00-04:00,674.2439575195312,-0.011059024812133156,0.14388888237469144
2025-10-31 00:00:00-04:00,676.4556274414062,0.003274853895150146,0.14414131385180123
2025-11-03 00:00:00-05:00,677.7251586914062,0.001874980999473234,0.1441380262933792
2025-11-04 00:00:00-05:00,669.6917114257812,-0.011924360802475447,0.15050054352075246
2025-11-05 00:00:00-05:00,672.012451171875,0.0034593945896944198,0.15016684530060045
2025-11-06 00:00:00-05:00,664.8021850585938,-0.010787338554332244,0.15380252894645988
2025-11-07 00:00:00-05:00,665.4567260742188,0.0009840807123627038,0.15353092591858644
2025-11-10 00:00:00-05:00,675.8407592773438,0.015483874055295284,0.12666611611122436
2025-11-11 00:00:00-05:00,677.3878784179688,0.002286560853950906,0.11725857225025439
2025-11-12 00:00:00-05:00,677.7647705078125,0.0005562356386344725,0.11691638771470363
2025-11-13 00:00:00-05:00,666.5179443359375,-0.016733219095931014,0.13221144072378335
2025-11-14 00:00:00-05:00,666.408935546875,-0.00016356304453120328,0.12954870631749232
2025-11-17 00:00:00-05:00,660.2003173828125,-0.009360199290175043,0.13286523786317628
2025-11-18 00:00:00-05:00,654.6563110351562,-0.008432918209560396,0.13050697940444136
2025-11-19 00:00:00-05:00,657.1853637695312,0.0038557333802783146,0.1314864610174541
2025-11-20 00:00:00-05:00,647.1683349609375,-0.01535967698345316,0.1403533475467613
2025-11-21 00:00:00-05:00,653.6149291992188,0.009911946433389813,0.1435197935480046
2025-11-24 00:00:00-05:00,663.235107421875,0.014611154045103741,0.15025501301724883
2025-11-25 00:00:00-05:00,669.4734497070312,0.00936196862512666,0.1480146545126232
2025-11-26 00:00:00-05:00,674.09521484375,0.006879861801814111,0.14993859975678206
2025-11-28 00:00:00-05:00,677.7747192382812,0.005443590966696786,0.1513327196991346
2025-12-01 00:00:00-05:00,674.6803588867188,-0.004575923889866952,0.14712105041448884
2025-12-02 00:00:00-05:00,675.9300537109375,0.001850563521801528,0.14680773532810035
2025-12-03 00:00:00-05:00,678.2706298828125,0.003456767569100685,0.14716911950411554
2025-12-04 00:00:00-05:00,678.7664794921875,0.0007307827148079579,0.14059007975806373
2025-12-05 00:00:00-05:00,680.0557861328125,0.0018976831042035792,0.14029938372681638
2025-12-08 00:00:00-05:00,678.0127563476562,-0.0030087308003297914,0.13484952518162252
2025-12-09 00:00:00-05:00,677.427490234375,-0.0008635808935584474,0.13499321318292565
2025-12-10 00:00:00-05:00,681.92041015625,0.006610428840848707,0.12607738430336468
2025-12-11 00:00:00-05:00,683.5072021484375,0.002324242885119065,0.12608445665006876
2025-12-12 00:00:00-05:00,676.1580810546875,-0.0108102968489866,0.13195077022940224
2025-12-15 00:00:00-05:00,675.1365356445312,-0.0015119509722544683,0.11754207926687787
2025-12-16 00:00:00-05:00,673.2918701171875,-0.002736024649435422,0.11809240055501394
2025-12-17 00:00:00-05:00,665.8832397460938,-0.011064581322954193,0.12001547623902013
2025-12-18 00:00:00-05:00,670.9114990234375,0.007522894645792734,0.11791479208233152
2025-12-19 00:00:00-05:00,676.9923095703125,0.009022679156543787,0.12072379650690047
2025-12-22 00:00:00-05:00,681.2098999023438,0.006210568439740869,0.10507081149861573
2025-12-23 00:00:00-05:00,684.3233032226562,0.0045599897652677645,0.1018627256696745
2025-12-24 00:00:00-05:00,686.7305297851562,0.003511501850767283,0.09153724986325469
2025-12-26 00:00:00-05:00,686.660888671875,-0.00010141480775991423,0.08727228124835641
2025-12-29 00:00:00-05:00,684.2138671875,-0.003570018446780222,0.08621486213718252
2025-12-30 00:00:00-05:00,683.3783569335938,-0.0012218705884970561,0.08468150234652536
